building_id,date,predicted_electricity_kwh
B001,2025-01-01,4401.395471336583
B001,2025-01-02,4386.669143958052
B001,2025-01-03,4478.319657924089
B001,2025-01-04,3842.2981577144615
B001,2025-01-05,3974.786535688686
B001,2025-01-06,4646.719333113118
B001,2025-01-07,4637.494615698464
B001,2025-01-08,4682.648101120049
B001,2025-01-09,4526.4313964497505
B001,2025-01-10,4696.297226057349
B001,2025-01-11,3988.3835291041337
B001,2025-01-12,3989.2705191719656
B001,2025-01-13,4612.598531244188
B001,2025-01-14,4620.933749068899
B001,2025-01-15,4416.360532192082
B001,2025-01-16,4569.9310072646085
B001,2025-01-17,4649.86074307719
B001,2025-01-18,3988.383192751282
B001,2025-01-19,3855.048817647511
B001,2025-01-20,4548.4155584016935
B001,2025-01-21,4537.871689395069
B001,2025-01-22,4676.3852568680095
B001,2025-01-23,4544.852977937775
B001,2025-01-24,4644.701261691837
B001,2025-01-25,4073.9955436742575
B001,2025-01-26,3885.634751484446
B001,2025-01-27,4584.390875871037
B001,2025-01-28,4403.690739686255
B001,2025-01-29,4212.311135677784
B001,2025-01-30,4407.266313875749
B001,2025-01-31,4656.236070723916
B001,2025-02-01,4025.893546248861
B001,2025-02-02,3907.0337594035523
B001,2025-02-03,4461.8733011639315
B001,2025-02-04,4532.012573091493
B001,2025-02-05,4663.947853036582
B001,2025-02-06,4674.383582648236
B001,2025-02-07,4422.547693706684
B001,2025-02-08,3949.932988334836
B001,2025-02-09,3903.4914053659504
B001,2025-02-10,4432.762104773574
B001,2025-02-11,4214.190823136715
B001,2025-02-12,4388.719877895853
B001,2025-02-13,4285.746693895655
B001,2025-02-14,4340.814284738476
B001,2025-02-15,3981.9137039652273
B001,2025-02-16,3893.8975168083
B001,2025-02-17,4055.8191143057506
B001,2025-02-18,4371.980548069325
B001,2025-02-19,4393.035887384209
B001,2025-02-20,4534.053456978165
B001,2025-02-21,4207.783688171924
B001,2025-02-22,3939.2754542907787
B001,2025-02-23,3595.3783701605785
B001,2025-02-24,4448.8213035124345
B001,2025-02-25,4336.130168208162
B001,2025-02-26,4347.17964881245
B001,2025-02-27,4301.432216625239
B001,2025-02-28,4212.858380592172
B001,2025-03-01,3539.8346796115893
B001,2025-03-02,3872.542612327075
B001,2025-03-03,4233.286091154772
B001,2025-03-04,4151.414248578066
B001,2025-03-05,4032.8437912504164
B001,2025-03-06,4217.452750169902
B001,2025-03-07,4116.010959233409
B001,2025-03-08,3524.2805103467663
B001,2025-03-09,3804.7568261109104
B001,2025-03-10,3867.9273633999633
B001,2025-03-11,4089.986711262889
B001,2025-03-12,3885.323159907288
B001,2025-03-13,3760.4949404735967
B001,2025-03-14,3746.563008250496
B001,2025-03-15,3483.635900073173
B001,2025-03-16,3465.411014606942
B001,2025-03-17,3650.4929341418856
B001,2025-03-18,3673.2987080837675
B001,2025-03-19,3787.8437262276093
B001,2025-03-20,3601.326463077871
B001,2025-03-21,3536.209684278577
B001,2025-03-22,3112.847913451827
B001,2025-03-23,3307.60738802517
B001,2025-03-24,3667.635509909195
B001,2025-03-25,3567.220909426859
B001,2025-03-26,3401.835016111043
B001,2025-03-27,3631.1886769533908
B001,2025-03-28,3650.056408602651
B001,2025-03-29,2710.046230586996
B001,2025-03-30,3239.66542193762
B001,2025-03-31,3621.086077010929
B002,2025-01-01,1308.852448595359
B002,2025-01-02,1311.039923793752
B002,2025-01-03,1311.8380976351662
B002,2025-01-04,1152.943150657392
B002,2025-01-05,1228.3543123015165
B002,2025-01-06,1315.216143715868
B002,2025-01-07,1309.9610234170452
B002,2025-01-08,1365.8618666584077
B002,2025-01-09,1325.4481568292667
B002,2025-01-10,1380.5773012001016
B002,2025-01-11,1296.6484710036252
B002,2025-01-12,1302.6925497662298
B002,2025-01-13,1351.4404728319773
B002,2025-01-14,1365.3269226794398
B002,2025-01-15,1351.2887007970244
B002,2025-01-16,1364.168983120782
B002,2025-01-17,1388.4191924745596
B002,2025-01-18,1288.3100915479083
B002,2025-01-19,1236.0875442340075
B002,2025-01-20,1349.9388755600685
B002,2025-01-21,1350.6196910359515
B002,2025-01-22,1374.3852377685241
B002,2025-01-23,1351.9111852958338
B002,2025-01-24,1411.4016982150135
B002,2025-01-25,1330.7147148625236
B002,2025-01-26,1310.6557687470436
B002,2025-01-27,1374.8610585890453
B002,2025-01-28,1363.1954588414435
B002,2025-01-29,1332.6125847750704
B002,2025-01-30,1357.785902632709
B002,2025-01-31,1404.543689088745
B002,2025-02-01,1293.7749815716425
B002,2025-02-02,1238.568960071843
B002,2025-02-03,1355.7133125752443
B002,2025-02-04,1340.0153787866816
B002,2025-02-05,1366.0503964275463
B002,2025-02-06,1367.7963607592624
B002,2025-02-07,1364.483114698326
B002,2025-02-08,1270.9295502172995
B002,2025-02-09,1254.3133540229765
B002,2025-02-10,1338.5952173327094
B002,2025-02-11,1277.4000503625484
B002,2025-02-12,1316.3588665202788
B002,2025-02-13,1283.2012708559678
B002,2025-02-14,1315.9685664279978
B002,2025-02-15,1306.7079654808042
B002,2025-02-16,1250.619321499106
B002,2025-02-17,1285.7742820560006
B002,2025-02-18,1273.3650871156806
B002,2025-02-19,1314.839207511768
B002,2025-02-20,1332.0316237349364
B002,2025-02-21,1284.1052062054885
B002,2025-02-22,1241.873253453033
B002,2025-02-23,1183.3103569033162
B002,2025-02-24,1325.4291110671222
B002,2025-02-25,1305.898134376488
B002,2025-02-26,1311.108158487644
B002,2025-02-27,1306.7857599244699
B002,2025-02-28,1283.6602895691979
B002,2025-03-01,1221.2332550381027
B002,2025-03-02,1211.2419923507725
B002,2025-03-03,1299.0500120159743
B002,2025-03-04,1262.913189878039
B002,2025-03-05,1257.819988428821
B002,2025-03-06,1276.9447270408855
B002,2025-03-07,1257.9823746927948
B002,2025-03-08,1205.8904713305405
B002,2025-03-09,1167.2467802555695
B002,2025-03-10,1212.536127911937
B002,2025-03-11,1217.774726784357
B002,2025-03-12,1178.9598571835832
B002,2025-03-13,1155.2322389930011
B002,2025-03-14,1167.5135707029401
B002,2025-03-15,1112.903203570076
B002,2025-03-16,1107.2016553559765
B002,2025-03-17,1159.2042435844257
B002,2025-03-18,1171.527082114344
B002,2025-03-19,1167.841766334307
B002,2025-03-20,1138.4242809215884
B002,2025-03-21,1130.4779567668584
B002,2025-03-22,1078.192643294641
B002,2025-03-23,1086.705542246138
B002,2025-03-24,1144.6602410137716
B002,2025-03-25,1124.5255760900473
B002,2025-03-26,1100.9805570439228
B002,2025-03-27,1135.0201489788333
B002,2025-03-28,1127.5214656640246
B002,2025-03-29,966.5545807353723
B002,2025-03-30,1079.0109141793682
B002,2025-03-31,1126.0446379512591
B003,2025-01-01,2375.5255074228235
B003,2025-01-02,2246.1326320961616
B003,2025-01-03,2394.997522552045
B003,2025-01-04,1481.3015748233454
B003,2025-01-05,1455.248291712297
B003,2025-01-06,2393.2891228329677
B003,2025-01-07,2384.153145519513
B003,2025-01-08,2382.462393998131
B003,2025-01-09,2437.216981677569
B003,2025-01-10,2498.7315663929044
B003,2025-01-11,1466.062464783419
B003,2025-01-12,1467.518671828286
B003,2025-01-13,2461.911378138176
B003,2025-01-14,2414.6237497733314
B003,2025-01-15,2439.953884256052
B003,2025-01-16,2414.9809373543785
B003,2025-01-17,2474.4601665041932
B003,2025-01-18,1456.9694197986753
B003,2025-01-19,1467.71902241773
B003,2025-01-20,2443.27087295439
B003,2025-01-21,2415.6733148606677
B003,2025-01-22,2427.4504678534354
B003,2025-01-23,2429.2257895462044
B003,2025-01-24,2474.3433102755253
B003,2025-01-25,1440.4200607503494
B003,2025-01-26,1464.4791121429205
B003,2025-01-27,2438.1297232017487
B003,2025-01-28,2399.8540565041117
B003,2025-01-29,2442.0427408491687
B003,2025-01-30,2379.322557392272
B003,2025-01-31,2465.3945995614827
B003,2025-02-01,1470.3248600152053
B003,2025-02-02,1483.969250550114
B003,2025-02-03,2436.4418390719393
B003,2025-02-04,2379.8589579712293
B003,2025-02-05,2387.175831356216
B003,2025-02-06,2349.693500094391
B003,2025-02-07,2418.8514245912056
B003,2025-02-08,1467.512169306337
B003,2025-02-09,1443.3725975464936
B003,2025-02-10,2427.5293340118674
B003,2025-02-11,2442.8988577404803
B003,2025-02-12,2262.2848563551993
B003,2025-02-13,2445.361122139664
B003,2025-02-14,2423.179670857933
B003,2025-02-15,1440.8348405708398
B003,2025-02-16,1454.217427818566
B003,2025-02-17,2431.4707220753858
B003,2025-02-18,2425.3551161844034
B003,2025-02-19,2336.9692497665574
B003,2025-02-20,2299.334074983978
B003,2025-02-21,2423.3152599435566
B003,2025-02-22,1439.8915869963905
B003,2025-02-23,1433.0062529953468
B003,2025-02-24,2174.030933411146
B003,2025-02-25,2222.3090145156925
B003,2025-02-26,2350.0799440690494
B003,2025-02-27,2285.586863612021
B003,2025-02-28,2304.5989375030745
B003,2025-03-01,1421.6470007381204
B003,2025-03-02,1387.997981797515
B003,2025-03-03,2191.035851044668
B003,2025-03-04,2210.851143095144
B003,2025-03-05,2205.182836639582
B003,2025-03-06,2285.7591791294817
B003,2025-03-07,2338.723038851653
B003,2025-03-08,1366.969500653883
B003,2025-03-09,1387.6836380000457
B003,2025-03-10,2271.098705634354
B003,2025-03-11,2145.58684630775
B003,2025-03-12,2230.8021409647117
B003,2025-03-13,2187.5005485753886
B003,2025-03-14,2156.590171917531
B003,2025-03-15,1351.1362533013555
B003,2025-03-16,1347.3347326712508
B003,2025-03-17,2141.1069464218613
B003,2025-03-18,2189.549680872558
B003,2025-03-19,2123.058441178043
B003,2025-03-20,2152.0560424282357
B003,2025-03-21,2176.2186562764637
B003,2025-03-22,1348.7045482712276
B003,2025-03-23,1446.8122566105365
B003,2025-03-24,2150.0828056133882
B003,2025-03-25,2119.0909607437256
B003,2025-03-26,2189.0731887955403
B003,2025-03-27,2473.727359321739
B003,2025-03-28,2289.407800561832
B003,2025-03-29,1383.1524636922766
B003,2025-03-30,1395.9917927226645
B003,2025-03-31,2403.297433470464
B004,2025-01-01,5469.850690413743
B004,2025-01-02,5664.538415038504
B004,2025-01-03,5438.795779186903
B004,2025-01-04,4606.091514136064
B004,2025-01-05,5182.492060142622
B004,2025-01-06,5641.875041119514
B004,2025-01-07,6075.437709658658
B004,2025-01-08,5747.9024647320375
B004,2025-01-09,5894.763191508542
B004,2025-01-10,5878.625846265458
B004,2025-01-11,5261.811092868537
B004,2025-01-12,5026.6063372369545
B004,2025-01-13,5881.2368511203185
B004,2025-01-14,6087.920849896967
B004,2025-01-15,5838.756807643104
B004,2025-01-16,5802.7748622686895
B004,2025-01-17,6417.405010694705
B004,2025-01-18,5180.495751664933
B004,2025-01-19,5240.195688781538
B004,2025-01-20,5750.972559448772
B004,2025-01-21,6172.644879170216
B004,2025-01-22,6314.90627916132
B004,2025-01-23,6275.51925931399
B004,2025-01-24,5791.639652405907
B004,2025-01-25,5210.940141949097
B004,2025-01-26,5033.318207049315
B004,2025-01-27,5768.621278825926
B004,2025-01-28,6047.8082607996475
B004,2025-01-29,5912.7932252896535
B004,2025-01-30,5872.928108024709
B004,2025-01-31,5725.910258071669
B004,2025-02-01,5106.370148122649
B004,2025-02-02,5118.349379552772
B004,2025-02-03,6113.125077455231
B004,2025-02-04,6092.626898026692
B004,2025-02-05,5990.270589755408
B004,2025-02-06,5875.985883513841
B004,2025-02-07,5817.743635567666
B004,2025-02-08,5020.259004859689
B004,2025-02-09,4973.590034485369
B004,2025-02-10,5253.524150991338
B004,2025-02-11,5855.49890499681
B004,2025-02-12,5495.795294333582
B004,2025-02-13,5898.626211054136
B004,2025-02-14,5918.243001179699
B004,2025-02-15,4764.621456516238
B004,2025-02-16,4729.247024113964
B004,2025-02-17,5194.228908562485
B004,2025-02-18,6018.46178742161
B004,2025-02-19,5298.824118457265
B004,2025-02-20,5469.773637585073
B004,2025-02-21,5224.31066870382
B004,2025-02-22,4633.999695417233
B004,2025-02-23,5083.738907206216
B004,2025-02-24,5092.118968749451
B004,2025-02-25,5091.661103506355
B004,2025-02-26,4995.45044560853
B004,2025-02-27,5219.504518889247
B004,2025-02-28,5315.802367456614
B004,2025-03-01,4479.819617554702
B004,2025-03-02,4395.194506210883
B004,2025-03-03,4644.242032538838
B004,2025-03-04,4942.207038388297
B004,2025-03-05,4965.823324055212
B004,2025-03-06,4783.950727562806
B004,2025-03-07,4852.786877713817
B004,2025-03-08,4442.303407924781
B004,2025-03-09,4339.918635160235
B004,2025-03-10,4936.14029158581
B004,2025-03-11,4678.7942738266765
B004,2025-03-12,4975.151735575114
B004,2025-03-13,4500.190218751583
B004,2025-03-14,4542.864410180517
B004,2025-03-15,4334.320396958542
B004,2025-03-16,4342.695165106895
B004,2025-03-17,4499.32595181123
B004,2025-03-18,4539.489649164525
B004,2025-03-19,4587.937618526768
B004,2025-03-20,4639.018681416351
B004,2025-03-21,4563.367116998212
B004,2025-03-22,4253.652023404792
B004,2025-03-23,4143.7317298231565
B004,2025-03-24,4417.798586370288
B004,2025-03-25,4580.9134833146845
B004,2025-03-26,4600.181975781741
B004,2025-03-27,4561.9704494128955
B004,2025-03-28,4572.205903664927
B004,2025-03-29,4129.997771678468
B004,2025-03-30,3538.0213120569765
B004,2025-03-31,4396.027455787994
B005,2025-01-01,3042.5934155321115
B005,2025-01-02,2973.985388774493
B005,2025-01-03,2920.1844151151627
B005,2025-01-04,2401.107684467556
B005,2025-01-05,2651.069434801647
B005,2025-01-06,2967.1582849636284
B005,2025-01-07,2961.141180913897
B005,2025-01-08,3172.4063534706443
B005,2025-01-09,2872.475817289599
B005,2025-01-10,3223.4279151065675
B005,2025-01-11,2612.346498602212
B005,2025-01-12,2628.3734746875402
B005,2025-01-13,2943.5024795390195
B005,2025-01-14,2987.5433793712637
B005,2025-01-15,2855.5660412404854
B005,2025-01-16,2969.046987527033
B005,2025-01-17,3139.287339041568
B005,2025-01-18,2615.361191036229
B005,2025-01-19,2577.880174714727
B005,2025-01-20,2894.0013006227437
B005,2025-01-21,2884.5252994618336
B005,2025-01-22,3104.035532200196
B005,2025-01-23,2909.9381798611216
B005,2025-01-24,3167.5367931061955
B005,2025-01-25,2687.474316974996
B005,2025-01-26,2583.5434291036377
B005,2025-01-27,2900.67443688023
B005,2025-01-28,2837.8642567730108
B005,2025-01-29,2787.0418542113357
B005,2025-01-30,2841.961663623421
B005,2025-01-31,3121.6747211359443
B005,2025-02-01,2710.072681503085
B005,2025-02-02,2616.346134992797
B005,2025-02-03,2853.8890561632893
B005,2025-02-04,2947.6752699510375
B005,2025-02-05,3097.276792562827
B005,2025-02-06,3101.068294869642
B005,2025-02-07,2865.356317726252
B005,2025-02-08,2585.294077801657
B005,2025-02-09,2625.11121942186
B005,2025-02-10,2840.9833656553988
B005,2025-02-11,2674.8254447353347
B005,2025-02-12,2833.637243140354
B005,2025-02-13,2777.8532688661785
B005,2025-02-14,2822.6208959697396
B005,2025-02-15,2617.2467904474197
B005,2025-02-16,2610.59855136872
B005,2025-02-17,2613.3709142941284
B005,2025-02-18,2805.8246068798403
B005,2025-02-19,2840.4266941851038
B005,2025-02-20,2905.7856478254994
B005,2025-02-21,2660.9325237421526
B005,2025-02-22,2570.3524114940424
B005,2025-02-23,2382.726137747946
B005,2025-02-24,2961.51988698515
B005,2025-02-25,2853.805371635429
B005,2025-02-26,2835.5754396910565
B005,2025-02-27,2850.93864023153
B005,2025-02-28,2789.2545984996373
B005,2025-03-01,2345.5437841431326
B005,2025-03-02,2542.3214609489
B005,2025-03-03,2767.8125542350217
B005,2025-03-04,2652.996803375191
B005,2025-03-05,2588.4264827044594
B005,2025-03-06,2757.525424892091
B005,2025-03-07,2727.6097683832554
B005,2025-03-08,2327.8732033911497
B005,2025-03-09,2500.220787021942
B005,2025-03-10,2457.2389878298104
B005,2025-03-11,2739.2184628931864
B005,2025-03-12,2535.2792759708645
B005,2025-03-13,2441.311781201481
B005,2025-03-14,2482.2900673112763
B005,2025-03-15,2237.0568990255747
B005,2025-03-16,2206.7791432527956
B005,2025-03-17,2493.611777845256
B005,2025-03-18,2524.189575057886
B005,2025-03-19,2597.5209033023475
B005,2025-03-20,2325.6899410373794
B005,2025-03-21,2307.274538112938
B005,2025-03-22,2080.3795636026566
B005,2025-03-23,2104.543707445594
B005,2025-03-24,2463.847853844939
B005,2025-03-25,2284.5571075842
B005,2025-03-26,2229.490720499472
B005,2025-03-27,2445.2177919427804
B005,2025-03-28,2385.150739442513
B005,2025-03-29,1981.0798950015128
B005,2025-03-30,2116.692528341798
B005,2025-03-31,2431.206426331739
B006,2025-01-01,2898.5674846449124
B006,2025-01-02,2925.7448581034205
B006,2025-01-03,2913.2110174402433
B006,2025-01-04,1801.1743873124608
B006,2025-01-05,1802.5865629035868
B006,2025-01-06,2981.8131673746125
B006,2025-01-07,3019.668399448145
B006,2025-01-08,2920.458608373954
B006,2025-01-09,2975.854638960198
B006,2025-01-10,3056.0008277797397
B006,2025-01-11,1808.7660775341303
B006,2025-01-12,1797.6745154621776
B006,2025-01-13,2977.491651459351
B006,2025-01-14,3012.4496572040716
B006,2025-01-15,2953.3167175985
B006,2025-01-16,2950.9385312852614
B006,2025-01-17,3044.58766489765
B006,2025-01-18,1810.2469662387118
B006,2025-01-19,1808.8712630493576
B006,2025-01-20,2926.910574573803
B006,2025-01-21,2998.158469026325
B006,2025-01-22,3038.3043734741727
B006,2025-01-23,3030.6990617083816
B006,2025-01-24,2988.3364762404726
B006,2025-01-25,1808.9654627225507
B006,2025-01-26,1803.4330729465091
B006,2025-01-27,2943.961660550894
B006,2025-01-28,2992.4666404359573
B006,2025-01-29,3003.444222202977
B006,2025-01-30,2948.352377049045
B006,2025-01-31,2957.649801816259
B006,2025-02-01,1805.7525704892887
B006,2025-02-02,1830.0059501613212
B006,2025-02-03,2911.964212807602
B006,2025-02-04,2975.2402724870026
B006,2025-02-05,3000.919606001218
B006,2025-02-06,2939.998627201377
B006,2025-02-07,2984.927185194011
B006,2025-02-08,1810.826716197473
B006,2025-02-09,1826.9865035988657
B006,2025-02-10,2830.044546636879
B006,2025-02-11,2901.281664432528
B006,2025-02-12,2904.625780208715
B006,2025-02-13,2920.514914281516
B006,2025-02-14,2933.64103257748
B006,2025-02-15,1802.28427256967
B006,2025-02-16,1822.3966061185438
B006,2025-02-17,2844.47831347655
B006,2025-02-18,2963.016265503439
B006,2025-02-19,2901.7393902394488
B006,2025-02-20,2896.1957665396353
B006,2025-02-21,2905.118896007584
B006,2025-02-22,1801.146877606149
B006,2025-02-23,1827.109769925297
B006,2025-02-24,2830.1943074709357
B006,2025-02-25,2868.30954755755
B006,2025-02-26,2877.6474145089965
B006,2025-02-27,2871.6838421688985
B006,2025-02-28,2901.436762441954
B006,2025-03-01,1790.4619715889573
B006,2025-03-02,1791.0589644359657
B006,2025-03-03,2805.432694928349
B006,2025-03-04,2870.1509669123243
B006,2025-03-05,2864.9984344830377
B006,2025-03-06,2836.3649932045746
B006,2025-03-07,2876.906497808313
B006,2025-03-08,1788.0739027561283
B006,2025-03-09,1785.5752123150053
B006,2025-03-10,2842.130655097438
B006,2025-03-11,2839.17711007389
B006,2025-03-12,2857.776320701773
B006,2025-03-13,2820.1911804580177
B006,2025-03-14,2825.304840182285
B006,2025-03-15,1783.292281374702
B006,2025-03-16,1776.2851784047618
B006,2025-03-17,2757.666795042472
B006,2025-03-18,2767.3829578232744
B006,2025-03-19,2754.511725439944
B006,2025-03-20,2723.825052791017
B006,2025-03-21,2723.7923279693428
B006,2025-03-22,1734.1224289296476
B006,2025-03-23,1719.7909289819793
B006,2025-03-24,2648.453116816077
B006,2025-03-25,2698.4799647748064
B006,2025-03-26,2693.7466325369564
B006,2025-03-27,2681.6106436593227
B006,2025-03-28,2691.5367753148535
B006,2025-03-29,1714.9394322421983
B006,2025-03-30,1673.1753530252533
B006,2025-03-31,2638.106822228529
B007,2025-01-01,2677.258964267939
B007,2025-01-02,2644.941048312296
B007,2025-01-03,2646.698692371815
B007,2025-01-04,1722.452090748068
B007,2025-01-05,1737.9435266177156
B007,2025-01-06,2661.868726796665
B007,2025-01-07,2662.7959507934074
B007,2025-01-08,2671.7193988839344
B007,2025-01-09,2644.3757241897583
B007,2025-01-10,2674.3949126264506
B007,2025-01-11,1731.232048282045
B007,2025-01-12,1735.0529612662385
B007,2025-01-13,2648.079851583895
B007,2025-01-14,2667.275576005511
B007,2025-01-15,2634.083096650321
B007,2025-01-16,2647.1159745235577
B007,2025-01-17,2670.3911567721634
B007,2025-01-18,1734.296276651297
B007,2025-01-19,1714.8239123142964
B007,2025-01-20,2646.7637722060726
B007,2025-01-21,2646.941717924228
B007,2025-01-22,2670.5649673191015
B007,2025-01-23,2645.2549214208643
B007,2025-01-24,2674.3949126264506
B007,2025-01-25,1750.575926935947
B007,2025-01-26,1719.7817771724158
B007,2025-01-27,2646.7637722060726
B007,2025-01-28,2626.451042062964
B007,2025-01-29,2614.258533677299
B007,2025-01-30,2629.9212148040137
B007,2025-01-31,2670.8456484725357
B007,2025-02-01,1712.9341941948262
B007,2025-02-02,1705.5198420752104
B007,2025-02-03,2642.17635535202
B007,2025-02-04,2645.522786356972
B007,2025-02-05,2666.402879355035
B007,2025-02-06,2670.8456484725357
B007,2025-02-07,2643.7325173575273
B007,2025-02-08,1722.1580939391038
B007,2025-02-09,1727.6060340678478
B007,2025-02-10,2632.512955980145
B007,2025-02-11,2608.8934171189594
B007,2025-02-12,2630.051319679302
B007,2025-02-13,2610.2086220121114
B007,2025-02-14,2625.3671690427186
B007,2025-02-15,1708.5896879409695
B007,2025-02-16,1704.186455043756
B007,2025-02-17,2597.6985047551566
B007,2025-02-18,2599.083792847149
B007,2025-02-19,2628.3008478188685
B007,2025-02-20,2641.0211457307946
B007,2025-02-21,2600.918048207616
B007,2025-02-22,1694.6002969379117
B007,2025-02-23,1688.1340343731977
B007,2025-02-24,2648.7134422696813
B007,2025-02-25,2624.3301583667226
B007,2025-02-26,2629.4441150177777
B007,2025-02-27,2641.923155515509
B007,2025-02-28,2602.103051725453
B007,2025-03-01,1677.1776654210312
B007,2025-03-02,1706.7672021109822
B007,2025-03-03,2613.1061318280226
B007,2025-03-04,2598.2980364078203
B007,2025-03-05,2596.128146620204
B007,2025-03-06,2595.195537958098
B007,2025-03-07,2591.9631960715365
B007,2025-03-08,1669.468503466121
B007,2025-03-09,1689.0087167663382
B007,2025-03-10,2549.432213402771
B007,2025-03-11,2586.8460012531623
B007,2025-03-12,2578.1863232543237
B007,2025-03-13,2541.6943391705977
B007,2025-03-14,2547.338711124329
B007,2025-03-15,1667.242112526481
B007,2025-03-16,1674.87505539286
B007,2025-03-17,2550.1308210297975
B007,2025-03-18,2547.5022384231434
B007,2025-03-19,2587.9783009434045
B007,2025-03-20,2528.2541714983345
B007,2025-03-21,2515.751263815725
B007,2025-03-22,1662.3283810236683
B007,2025-03-23,1671.4985290832437
B007,2025-03-24,2539.9956576894406
B007,2025-03-25,2519.0218460775927
B007,2025-03-26,2477.2428272263573
B007,2025-03-27,2546.662239188751
B007,2025-03-28,2555.4003307217536
B007,2025-03-29,1610.5889145357587
B007,2025-03-30,1650.053583530286
B007,2025-03-31,2542.7433821604163
B008,2025-01-01,4847.088154051672
B008,2025-01-02,4864.028889808025
B008,2025-01-03,4894.415989534834
B008,2025-01-04,3053.20363157454
B008,2025-01-05,2941.7922430099425
B008,2025-01-06,4954.892778709371
B008,2025-01-07,4799.633804217642
B008,2025-01-08,4817.200245793406
B008,2025-01-09,4857.577162095073
B008,2025-01-10,4875.528366769985
B008,2025-01-11,3066.8383900380204
B008,2025-01-12,3021.8450410088976
B008,2025-01-13,4812.763737726089
B008,2025-01-14,4955.802487398115
B008,2025-01-15,4820.771744096144
B008,2025-01-16,4953.465975766322
B008,2025-01-17,4806.40448018582
B008,2025-01-18,3062.9303282350866
B008,2025-01-19,3051.79739063193
B008,2025-01-20,4915.768109574086
B008,2025-01-21,4709.526008853978
B008,2025-01-22,4812.166217093628
B008,2025-01-23,4715.265221608552
B008,2025-01-24,4800.0657702112585
B008,2025-01-25,2977.4769617237757
B008,2025-01-26,3024.000506694545
B008,2025-01-27,4893.965065089982
B008,2025-01-28,4889.373840577076
B008,2025-01-29,4809.006421949201
B008,2025-01-30,4912.910367390242
B008,2025-01-31,4671.561255103575
B008,2025-02-01,3039.4362189315875
B008,2025-02-02,2984.117211939145
B008,2025-02-03,4835.183346524765
B008,2025-02-04,4740.389248982328
B008,2025-02-05,4884.218343836335
B008,2025-02-06,4658.25853523169
B008,2025-02-07,4815.522819100454
B008,2025-02-08,3028.878552264228
B008,2025-02-09,3018.712929543991
B008,2025-02-10,4873.043004605156
B008,2025-02-11,4912.792573572068
B008,2025-02-12,4827.666741228515
B008,2025-02-13,4801.633717991918
B008,2025-02-14,4813.265131134992
B008,2025-02-15,3025.1408358069853
B008,2025-02-16,2980.3919413051776
B008,2025-02-17,4884.388967258655
B008,2025-02-18,4843.694252590951
B008,2025-02-19,4829.048609411324
B008,2025-02-20,4626.3728966186
B008,2025-02-21,4802.5984887449495
B008,2025-02-22,3035.0965694675565
B008,2025-02-23,2992.432760180458
B008,2025-02-24,4863.926250407681
B008,2025-02-25,4675.337416627106
B008,2025-02-26,4715.529522504977
B008,2025-02-27,4661.398473018973
B008,2025-02-28,4646.446400303528
B008,2025-03-01,2847.943696263443
B008,2025-03-02,2863.1948287656605
B008,2025-03-03,4680.469117159948
B008,2025-03-04,4618.514560901285
B008,2025-03-05,4459.699784941515
B008,2025-03-06,4667.105112242838
B008,2025-03-07,4532.319812945691
B008,2025-03-08,2830.7976771342574
B008,2025-03-09,2802.879269297567
B008,2025-03-10,4679.758845448643
B008,2025-03-11,4492.41064199622
B008,2025-03-12,4538.0407194062
B008,2025-03-13,4515.2658158234535
B008,2025-03-14,4398.955474295362
B008,2025-03-15,2744.32073095797
B008,2025-03-16,2728.9299389905646
B008,2025-03-17,4471.458432690996
B008,2025-03-18,4265.959995919657
B008,2025-03-19,4226.035065209394
B008,2025-03-20,4215.132550363008
B008,2025-03-21,4353.044953705813
B008,2025-03-22,2645.48746508119
B008,2025-03-23,2675.7074109443083
B008,2025-03-24,4156.347699956491
B008,2025-03-25,4117.0791286921185
B008,2025-03-26,4207.038581392651
B008,2025-03-27,4384.71531551844
B008,2025-03-28,4101.789024183091
B008,2025-03-29,2584.319335029951
B008,2025-03-30,2672.9022305748954
B008,2025-03-31,4208.0590531616235
B009,2025-01-01,2002.1431931915463
B009,2025-01-02,2003.941604092677
B009,2025-01-03,2014.236400358087
B009,2025-01-04,1236.5000001695569
B009,2025-01-05,1251.5216412607092
B009,2025-01-06,2013.4176857354387
B009,2025-01-07,2008.5122670803864
B009,2025-01-08,2022.2164108053141
B009,2025-01-09,2018.3244073960936
B009,2025-01-10,2030.6306454883402
B009,2025-01-11,1258.271759095051
B009,2025-01-12,1255.0367605224371
B009,2025-01-13,2013.198480070607
B009,2025-01-14,2024.182310709106
B009,2025-01-15,1979.597062230506
B009,2025-01-16,2011.9539351537337
B009,2025-01-17,2026.2714810547445
B009,2025-01-18,1258.972380772664
B009,2025-01-19,1235.697485506808
B009,2025-01-20,2009.5534397155807
B009,2025-01-21,2012.8334395921893
B009,2025-01-22,2024.5308594134078
B009,2025-01-23,2013.7232171834885
B009,2025-01-24,2031.1960072300492
B009,2025-01-25,1260.4747235703337
B009,2025-01-26,1249.3771713582182
B009,2025-01-27,2022.3048075726485
B009,2025-01-28,1978.52470699821
B009,2025-01-29,1944.8729468802849
B009,2025-01-30,1970.0482304815166
B009,2025-01-31,2018.3371229297252
B009,2025-02-01,1255.1017667005249
B009,2025-02-02,1254.6252756684244
B009,2025-02-03,1993.6127497294665
B009,2025-02-04,2023.9905091676048
B009,2025-02-05,2029.3174939307285
B009,2025-02-06,2036.59793554534
B009,2025-02-07,1998.034823075998
B009,2025-02-08,1247.655967738497
B009,2025-02-09,1254.2302734616005
B009,2025-02-10,1979.71149883718
B009,2025-02-11,1948.7466926241427
B009,2025-02-12,1975.5135164271508
B009,2025-02-13,1955.1154040593785
B009,2025-02-14,1969.8252092075202
B009,2025-02-15,1257.0154789143435
B009,2025-02-16,1252.8931283249433
B009,2025-02-17,1916.4855963345797
B009,2025-02-18,1952.1244835120751
B009,2025-02-19,1974.225063811499
B009,2025-02-20,1972.2570692700008
B009,2025-02-21,1937.5903107052416
B009,2025-02-22,1245.4710432210966
B009,2025-02-23,1220.669075942783
B009,2025-02-24,1996.0427119463407
B009,2025-02-25,1965.8311787164398
B009,2025-02-26,1974.0885759555924
B009,2025-02-27,2006.10163963373
B009,2025-02-28,1946.1914723949146
B009,2025-03-01,1226.2330307566351
B009,2025-03-02,1243.1185536234116
B009,2025-03-03,1958.9931085487383
B009,2025-03-04,1937.777740228404
B009,2025-03-05,1919.5992884776629
B009,2025-03-06,1949.640777676641
B009,2025-03-07,1937.4173770526777
B009,2025-03-08,1220.433207679962
B009,2025-03-09,1219.2355972421801
B009,2025-03-10,1895.0502865685612
B009,2025-03-11,1935.386520997409
B009,2025-03-12,1900.9563278535811
B009,2025-03-13,1893.0654289762701
B009,2025-03-14,1896.2171084648778
B009,2025-03-15,1214.581638052817
B009,2025-03-16,1182.7636979477686
B009,2025-03-17,1896.3153951967872
B009,2025-03-18,1898.7037462692
B009,2025-03-19,1904.840687329111
B009,2025-03-20,1886.0712520438794
B009,2025-03-21,1886.392428505143
B009,2025-03-22,1185.5554835236758
B009,2025-03-23,1172.2628864354458
B009,2025-03-24,1891.592205064976
B009,2025-03-25,1891.5385355408362
B009,2025-03-26,1826.7093659485445
B009,2025-03-27,1891.4171518993003
B009,2025-03-28,1887.80179059783
B009,2025-03-29,1172.5091611446865
B009,2025-03-30,1175.384906870243
B009,2025-03-31,1891.1043711998634
B010,2025-01-01,3323.2744621615566
B010,2025-01-02,3142.046438503405
B010,2025-01-03,3269.07815530544
B010,2025-01-04,2007.0956133774566
B010,2025-01-05,2060.685235270427
B010,2025-01-06,3379.322913636622
B010,2025-01-07,3365.8907189865095
B010,2025-01-08,3343.928668200697
B010,2025-01-09,3302.3153419328646
B010,2025-01-10,3365.408435008725
B010,2025-01-11,2053.0371800283556
B010,2025-01-12,2079.2821819452183
B010,2025-01-13,3381.5391794738985
B010,2025-01-14,3351.6348970170593
B010,2025-01-15,3339.738641408844
B010,2025-01-16,3286.782172058795
B010,2025-01-17,3361.2896288091515
B010,2025-01-18,2102.3529301785616
B010,2025-01-19,2099.676700816688
B010,2025-01-20,3334.949844666836
B010,2025-01-21,3371.516711892359
B010,2025-01-22,3365.2303827618202
B010,2025-01-23,3316.2437398157995
B010,2025-01-24,3338.084152239073
B010,2025-01-25,2120.974530452868
B010,2025-01-26,2092.9848369553615
B010,2025-01-27,3346.9774551161304
B010,2025-01-28,3370.201695148761
B010,2025-01-29,3371.8683257035877
B010,2025-01-30,3328.4252613865438
B010,2025-01-31,3289.419538765587
B010,2025-02-01,2096.023053171283
B010,2025-02-02,2171.0738261599918
B010,2025-02-03,3442.7491929385865
B010,2025-02-04,3380.6792755983083
B010,2025-02-05,3393.6167631617254
B010,2025-02-06,3346.6367707444706
B010,2025-02-07,3316.7451226015833
B010,2025-02-08,2107.443926048587
B010,2025-02-09,2108.904751878951
B010,2025-02-10,3321.454039714622
B010,2025-02-11,3393.3366607154753
B010,2025-02-12,3337.8752177127985
B010,2025-02-13,3310.7916747435256
B010,2025-02-14,3286.6920467493183
B010,2025-02-15,2085.8756827664533
B010,2025-02-16,2097.6214135098753
B010,2025-02-17,3280.364135864151
B010,2025-02-18,3390.8080348276767
B010,2025-02-19,3304.1366543255904
B010,2025-02-20,3270.90933757261
B010,2025-02-21,3233.208335086716
B010,2025-02-22,2056.078253398399
B010,2025-02-23,2076.690734060384
B010,2025-02-24,3280.847815776063
B010,2025-02-25,3276.5893585185718
B010,2025-02-26,3272.190117860456
B010,2025-02-27,3244.22202257211
B010,2025-02-28,3226.7706879411194
B010,2025-03-01,2044.0669596027706
B010,2025-03-02,2047.4271589008933
B010,2025-03-03,3238.5643478311995
B010,2025-03-04,3248.8246238873003
B010,2025-03-05,3269.302667448255
B010,2025-03-06,3234.4217142659613
B010,2025-03-07,3270.3108350876287
B010,2025-03-08,2035.1835373866759
B010,2025-03-09,2019.628534311568
B010,2025-03-10,3255.913076148612
B010,2025-03-11,3236.857100126581
B010,2025-03-12,3279.0738702247454
B010,2025-03-13,3216.6003183087187
B010,2025-03-14,3263.501784659379
B010,2025-03-15,2021.298000545846
B010,2025-03-16,2016.5865937540514
B010,2025-03-17,3216.381048111708
B010,2025-03-18,3223.4193637624303
B010,2025-03-19,3273.141392848326
B010,2025-03-20,3227.57780544413
B010,2025-03-21,3262.3197272221237
B010,2025-03-22,2008.3392724426212
B010,2025-03-23,2006.204461356395
B010,2025-03-24,3207.978085139379
B010,2025-03-25,3220.5404958418185
B010,2025-03-26,3260.283046883053
B010,2025-03-27,3222.41799162575
B010,2025-03-28,3261.785110147531
B010,2025-03-29,1990.7529312922031
B010,2025-03-30,1953.0609504524964
B010,2025-03-31,3213.745830285851
B011,2025-01-01,2930.4999839342236
B011,2025-01-02,2920.0165991474164
B011,2025-01-03,2950.3187220522123
B011,2025-01-04,1799.6473731753617
B011,2025-01-05,1811.5887443814165
B011,2025-01-06,2907.634052464215
B011,2025-01-07,2896.7507010238955
B011,2025-01-08,2932.720458255827
B011,2025-01-09,2881.960647196602
B011,2025-01-10,2933.584547886642
B011,2025-01-11,1799.9093525814983
B011,2025-01-12,1801.4702395295435
B011,2025-01-13,2865.1890823241793
B011,2025-01-14,2890.0625237154345
B011,2025-01-15,2899.149169596839
B011,2025-01-16,2873.3887294479846
B011,2025-01-17,2931.4723103764372
B011,2025-01-18,1799.5096376829024
B011,2025-01-19,1791.720548714686
B011,2025-01-20,2852.044363098756
B011,2025-01-21,2858.951838805246
B011,2025-01-22,2925.3880268143853
B011,2025-01-23,2865.24964799654
B011,2025-01-24,2936.4622241336656
B011,2025-01-25,1802.325086786291
B011,2025-01-26,1791.879686704966
B011,2025-01-27,2843.9616655736736
B011,2025-01-28,2843.745879556345
B011,2025-01-29,2877.4331624079077
B011,2025-01-30,2845.1743667465994
B011,2025-01-31,2929.5736924847133
B011,2025-02-01,1811.6334497225905
B011,2025-02-02,1801.7937763944003
B011,2025-02-03,2890.5778271501767
B011,2025-02-04,2886.9975433815193
B011,2025-02-05,2927.9364099601426
B011,2025-02-06,2945.761856337725
B011,2025-02-07,2888.0983199996385
B011,2025-02-08,1804.9446556150087
B011,2025-02-09,1807.3351653103077
B011,2025-02-10,2890.423057297712
B011,2025-02-11,2871.7754928323116
B011,2025-02-12,2903.430817908204
B011,2025-02-13,2897.560226513667
B011,2025-02-14,2862.4896035696797
B011,2025-02-15,1812.0912316332945
B011,2025-02-16,1804.7675400865953
B011,2025-02-17,2870.3485684903367
B011,2025-02-18,2856.5010888584193
B011,2025-02-19,2887.4682486796096
B011,2025-02-20,2905.85230239898
B011,2025-02-21,2860.459554330633
B011,2025-02-22,1798.1553215059164
B011,2025-02-23,1788.9472251215227
B011,2025-02-24,2897.0152802261564
B011,2025-02-25,2859.8054842439747
B011,2025-02-26,2890.398684454395
B011,2025-02-27,2903.7506318840205
B011,2025-02-28,2861.6703049558287
B011,2025-03-01,1779.2047171023896
B011,2025-03-02,1800.3774576794365
B011,2025-03-03,2867.3577249595464
B011,2025-03-04,2869.50758221088
B011,2025-03-05,2871.8918314977827
B011,2025-03-06,2884.7957300487433
B011,2025-03-07,2845.295321729847
B011,2025-03-08,1774.9430679635084
B011,2025-03-09,1788.407122464043
B011,2025-03-10,2850.753915195285
B011,2025-03-11,2877.5215313879253
B011,2025-03-12,2865.6610281795042
B011,2025-03-13,2867.192106285804
B011,2025-03-14,2809.727345413701
B011,2025-03-15,1758.4754237997747
B011,2025-03-16,1758.3585001658973
B011,2025-03-17,2837.344018721808
B011,2025-03-18,2850.354009855059
B011,2025-03-19,2855.625543791002
B011,2025-03-20,2838.860883688168
B011,2025-03-21,2765.63070412835
B011,2025-03-22,1746.2667513115155
B011,2025-03-23,1754.6396598106287
B011,2025-03-24,2821.2408039869515
B011,2025-03-25,2807.6298546923267
B011,2025-03-26,2797.095771439775
B011,2025-03-27,2802.060014988017
B011,2025-03-28,2739.829214283718
B011,2025-03-29,1679.592704919106
B011,2025-03-30,1732.4186582012906
B011,2025-03-31,2776.263170354066
B012,2025-01-01,3697.148785723123
B012,2025-01-02,3677.7261733103915
B012,2025-01-03,3668.3266905020887
B012,2025-01-04,3682.2200690758973
B012,2025-01-05,3631.746812194413
B012,2025-01-06,3694.160473255097
B012,2025-01-07,3691.0520134011485
B012,2025-01-08,3632.424069547592
B012,2025-01-09,3660.937613675109
B012,2025-01-10,3649.9154685006565
B012,2025-01-11,3651.422433943386
B012,2025-01-12,3642.3679057976638
B012,2025-01-13,3690.9059037900292
B012,2025-01-14,3663.9041947029136
B012,2025-01-15,3669.581469627413
B012,2025-01-16,3660.925529254
B012,2025-01-17,3655.627737838558
B012,2025-01-18,3652.464599874351
B012,2025-01-19,3657.496282795975
B012,2025-01-20,3692.663273056083
B012,2025-01-21,3669.101599097981
B012,2025-01-22,3637.327222737039
B012,2025-01-23,3663.361087182042
B012,2025-01-24,3659.718846464665
B012,2025-01-25,3629.2694695253736
B012,2025-01-26,3650.2979360031836
B012,2025-01-27,3691.294894717476
B012,2025-01-28,3703.819799222924
B012,2025-01-29,3684.6563272178555
B012,2025-01-30,3678.522418850632
B012,2025-01-31,3652.45258565115
B012,2025-02-01,3637.1995974551073
B012,2025-02-02,3632.9993655975045
B012,2025-02-03,3693.1128099248613
B012,2025-02-04,3674.815262855097
B012,2025-02-05,3670.0302790630494
B012,2025-02-06,3643.825138774389
B012,2025-02-07,3718.2693253685757
B012,2025-02-08,3671.7393400097835
B012,2025-02-09,3632.9993655975045
B012,2025-02-10,3712.9150476611776
B012,2025-02-11,3712.2438393849984
B012,2025-02-12,3710.7631326477
B012,2025-02-13,3685.427471674769
B012,2025-02-14,3721.916898617471
B012,2025-02-15,3644.383696375749
B012,2025-02-16,3632.4479268313794
B012,2025-02-17,3726.091075653244
B012,2025-02-18,3717.2417242623947
B012,2025-02-19,3717.495174542639
B012,2025-02-20,3670.1743903079187
B012,2025-02-21,3725.1242514105047
B012,2025-02-22,3671.7325930660404
B012,2025-02-23,3662.865698334114
B012,2025-02-24,3684.919652755899
B012,2025-02-25,3704.901390670155
B012,2025-02-26,3713.7910032410246
B012,2025-02-27,3655.3602803745225
B012,2025-02-28,3722.016984044459
B012,2025-03-01,3688.438979167732
B012,2025-03-02,3657.841397319908
B012,2025-03-03,3730.7961591581766
B012,2025-03-04,3732.99367143221
B012,2025-03-05,3713.4589349888356
B012,2025-03-06,3711.074880932978
B012,2025-03-07,3712.2456330692034
B012,2025-03-08,3687.3547581412736
B012,2025-03-09,3685.613135607119
B012,2025-03-10,3734.4486021455646
B012,2025-03-11,3733.2353486105717
B012,2025-03-12,3715.450573750364
B012,2025-03-13,3715.247879338062
B012,2025-03-14,3713.567098000478
B012,2025-03-15,3690.2837476473032
B012,2025-03-16,3694.092233445152
B012,2025-03-17,3735.1732401971785
B012,2025-03-18,3734.710397050249
B012,2025-03-19,3715.016632345935
B012,2025-03-20,3715.247879338062
B012,2025-03-21,3713.567098000478
B012,2025-03-22,3690.2837476473032
B012,2025-03-23,3694.092233445152
B012,2025-03-24,3733.903707478732
B012,2025-03-25,3734.8771700401253
B012,2025-03-26,3715.040382973758
B012,2025-03-27,3715.362269385145
B012,2025-03-28,3713.835071555965
B012,2025-03-29,3690.244554185984
B012,2025-03-30,3694.360207000639
B012,2025-03-31,3733.530746913188
B013,2025-01-01,1380.7282205979284
B013,2025-01-02,1382.2817641926533
B013,2025-01-03,1367.5102652865594
B013,2025-01-04,1349.2018092840601
B013,2025-01-05,1345.2088027125099
B013,2025-01-06,1514.3160767433385
B013,2025-01-07,1426.6768537156242
B013,2025-01-08,1408.0216873071558
B013,2025-01-09,1410.8371128723434
B013,2025-01-10,1434.2018067303184
B013,2025-01-11,1399.744604238116
B013,2025-01-12,1368.7081346389841
B013,2025-01-13,1438.7922335554222
B013,2025-01-14,1467.9395672043333
B013,2025-01-15,1438.5360650903697
B013,2025-01-16,1507.8913828739296
B013,2025-01-17,1422.550177740059
B013,2025-01-18,1400.6985267023463
B013,2025-01-19,1399.6752656400204
B013,2025-01-20,1453.6820278188754
B013,2025-01-21,1411.909376688216
B013,2025-01-22,1423.829866606301
B013,2025-01-23,1404.3534729154742
B013,2025-01-24,1425.6405398676602
B013,2025-01-25,1353.3712228982313
B013,2025-01-26,1373.0113238622039
B013,2025-01-27,1419.5704065611249
B013,2025-01-28,1418.206150638726
B013,2025-01-29,1418.6802919369372
B013,2025-01-30,1458.5444081920689
B013,2025-01-31,1402.8180864512135
B013,2025-02-01,1406.0761829794455
B013,2025-02-02,1329.2422114420485
B013,2025-02-03,1422.620909363727
B013,2025-02-04,1416.8880106268743
B013,2025-02-05,1431.0496297829502
B013,2025-02-06,1405.069000443009
B013,2025-02-07,1409.22487943643
B013,2025-02-08,1375.1389130329846
B013,2025-02-09,1355.9622105588755
B013,2025-02-10,1416.8635361989652
B013,2025-02-11,1473.5402446162889
B013,2025-02-12,1420.6836392084824
B013,2025-02-13,1426.4794947542314
B013,2025-02-14,1413.695851155054
B013,2025-02-15,1381.6910323573084
B013,2025-02-16,1343.1195988900595
B013,2025-02-17,1444.4009151688879
B013,2025-02-18,1435.7822785947815
B013,2025-02-19,1423.9998346172827
B013,2025-02-20,1405.069000443009
B013,2025-02-21,1408.287108211661
B013,2025-02-22,1369.8369461284808
B013,2025-02-23,1353.3002993794164
B013,2025-02-24,1418.321407377935
B013,2025-02-25,1400.1404235925727
B013,2025-02-26,1398.9103634297965
B013,2025-02-27,1392.144681586466
B013,2025-02-28,1380.3737053793402
B013,2025-03-01,1297.2162370670817
B013,2025-03-02,1294.8579119664107
B013,2025-03-03,1365.2518397118383
B013,2025-03-04,1362.405974219549
B013,2025-03-05,1325.4081337410164
B013,2025-03-06,1339.1534159633732
B013,2025-03-07,1336.102828121693
B013,2025-03-08,1278.306325925709
B013,2025-03-09,1258.0816630125496
B013,2025-03-10,1336.955339038922
B013,2025-03-11,1327.391496894764
B013,2025-03-12,1319.2911266290537
B013,2025-03-13,1294.024600586041
B013,2025-03-14,1264.64395023218
B013,2025-03-15,1209.0983565690067
B013,2025-03-16,1155.6076085270847
B013,2025-03-17,1296.1414579240916
B013,2025-03-18,1252.903932852678
B013,2025-03-19,1223.569290845514
B013,2025-03-20,1224.9834433973579
B013,2025-03-21,1228.5620044074014
B013,2025-03-22,1131.8698443073056
B013,2025-03-23,1112.0444718284866
B013,2025-03-24,1222.8369378501354
B013,2025-03-25,1167.6087307945227
B013,2025-03-26,1139.5274384494185
B013,2025-03-27,1184.2239091341692
B013,2025-03-28,1133.4698763989823
B013,2025-03-29,1087.2929088749802
B013,2025-03-30,1076.3661605555144
B013,2025-03-31,1166.5292478418398
B014,2025-01-01,10691.97759219894
B014,2025-01-02,10572.607974343598
B014,2025-01-03,10448.823061893816
B014,2025-01-04,10114.878261375687
B014,2025-01-05,10041.83163945271
B014,2025-01-06,10474.652989041251
B014,2025-01-07,10612.347783747146
B014,2025-01-08,10652.026267357234
B014,2025-01-09,10447.740593333263
B014,2025-01-10,10300.74196240047
B014,2025-01-11,10401.538658264673
B014,2025-01-12,10391.363831204564
B014,2025-01-13,10488.054642773159
B014,2025-01-14,10562.542722599184
B014,2025-01-15,10518.6983190591
B014,2025-01-16,10660.612442538082
B014,2025-01-17,10476.023445962363
B014,2025-01-18,10460.022259850783
B014,2025-01-19,10384.32258447671
B014,2025-01-20,10499.213152521947
B014,2025-01-21,10509.708600030282
B014,2025-01-22,10634.378898228164
B014,2025-01-23,10518.332525876376
B014,2025-01-24,10539.091565081615
B014,2025-01-25,10539.317606593924
B014,2025-01-26,10446.858621281197
B014,2025-01-27,10519.871112953553
B014,2025-01-28,10567.129117665914
B014,2025-01-29,10534.144775824701
B014,2025-01-30,10694.723255189369
B014,2025-01-31,10507.73580681911
B014,2025-02-01,10438.421855860537
B014,2025-02-02,10422.676931854188
B014,2025-02-03,10627.20588287544
B014,2025-02-04,10667.050388313639
B014,2025-02-05,10652.911726032806
B014,2025-02-06,10705.453150818217
B014,2025-02-07,10671.880733964057
B014,2025-02-08,10566.988501664922
B014,2025-02-09,10585.278716609888
B014,2025-02-10,10666.615577547438
B014,2025-02-11,10498.928750427895
B014,2025-02-12,10708.590131566329
B014,2025-02-13,10540.807327209854
B014,2025-02-14,10685.938340694125
B014,2025-02-15,10632.009905917643
B014,2025-02-16,10565.407323375986
B014,2025-02-17,10644.63767539977
B014,2025-02-18,10654.58186801578
B014,2025-02-19,10701.822304467312
B014,2025-02-20,10701.78836912366
B014,2025-02-21,10717.344062562674
B014,2025-02-22,10653.533783421808
B014,2025-02-23,10664.424427572503
B014,2025-02-24,10768.043560833337
B014,2025-02-25,10733.215349951657
B014,2025-02-26,10685.739565664622
B014,2025-02-27,10729.198199195847
B014,2025-02-28,10734.594167726354
B014,2025-03-01,10557.742621220674
B014,2025-03-02,10714.73688577949
B014,2025-03-03,10720.216526652323
B014,2025-03-04,10682.515715481986
B014,2025-03-05,10763.10501346931
B014,2025-03-06,10767.037785370014
B014,2025-03-07,10777.908762844336
B014,2025-03-08,10546.729650091644
B014,2025-03-09,10660.421449067468
B014,2025-03-10,10686.143474917195
B014,2025-03-11,10720.138377542871
B014,2025-03-12,10761.015971271585
B014,2025-03-13,10805.799298065138
B014,2025-03-14,10856.545659094192
B014,2025-03-15,10546.678723736642
B014,2025-03-16,10702.595591073581
B014,2025-03-17,10751.915843075194
B014,2025-03-18,10874.47530317121
B014,2025-03-19,10800.25766051881
B014,2025-03-20,10997.869995043544
B014,2025-03-21,10827.28031017385
B014,2025-03-22,10586.91147072162
B014,2025-03-23,11263.20854249404
B014,2025-03-24,10849.838407314906
B014,2025-03-25,10989.29867398243
B014,2025-03-26,11099.349705299546
B014,2025-03-27,12191.81673821548
B014,2025-03-28,11674.453184536218
B014,2025-03-29,11584.52556259764
B014,2025-03-30,11721.623094110191
B014,2025-03-31,11758.320411018238
B015,2025-01-01,6562.517484791016
B015,2025-01-02,6558.719274810857
B015,2025-01-03,6518.513229864037
B015,2025-01-04,4251.449290446311
B015,2025-01-05,4196.990419299806
B015,2025-01-06,6575.502281346775
B015,2025-01-07,6567.568239556139
B015,2025-01-08,6523.781194997443
B015,2025-01-09,6527.827054903393
B015,2025-01-10,6509.323039677564
B015,2025-01-11,4266.084823079248
B015,2025-01-12,4205.648345853567
B015,2025-01-13,6587.328139214231
B015,2025-01-14,6579.348859946394
B015,2025-01-15,6508.831051993096
B015,2025-01-16,6529.820442513604
B015,2025-01-17,6505.851364795159
B015,2025-01-18,4238.657026020109
B015,2025-01-19,4204.948802106508
B015,2025-01-20,6558.177009730048
B015,2025-01-21,6560.849348217872
B015,2025-01-22,6512.851073689758
B015,2025-01-23,6502.287485309489
B015,2025-01-24,6503.622444210752
B015,2025-01-25,4221.8263233455455
B015,2025-01-26,4203.485696357208
B015,2025-01-27,6583.556418076066
B015,2025-01-28,6566.878873072527
B015,2025-01-29,6519.712146639445
B015,2025-01-30,6530.251915748642
B015,2025-01-31,6509.909626583688
B015,2025-02-01,4325.161573807587
B015,2025-02-02,4222.758514593298
B015,2025-02-03,6442.195775129712
B015,2025-02-04,6564.281676936085
B015,2025-02-05,6580.58678048336
B015,2025-02-06,6630.243564258361
B015,2025-02-07,6627.966091044811
B015,2025-02-08,4309.418225384596
B015,2025-02-09,4250.050459291862
B015,2025-02-10,6455.910265646629
B015,2025-02-11,6630.523710747593
B015,2025-02-12,6566.541610307842
B015,2025-02-13,6616.952543071476
B015,2025-02-14,6630.561799070622
B015,2025-02-15,4326.231864686313
B015,2025-02-16,4230.655271637755
B015,2025-02-17,6461.419934219088
B015,2025-02-18,6619.77681963682
B015,2025-02-19,6553.216265621935
B015,2025-02-20,6593.155598294127
B015,2025-02-21,6603.715042846676
B015,2025-02-22,4308.729702240946
B015,2025-02-23,4229.290189655649
B015,2025-02-24,6453.637823231655
B015,2025-02-25,6565.130247405191
B015,2025-02-26,6569.440059778771
B015,2025-02-27,6613.729389540597
B015,2025-02-28,6625.948770610721
B015,2025-03-01,4174.052017978781
B015,2025-03-02,4212.824560347606
B015,2025-03-03,6540.722439354685
B015,2025-03-04,6317.3907553454865
B015,2025-03-05,6120.078166021745
B015,2025-03-06,6475.641641273769
B015,2025-03-07,6415.919266397591
B015,2025-03-08,4093.3923371454666
B015,2025-03-09,4079.3866521964724
B015,2025-03-10,6508.151794064208
B015,2025-03-11,6068.234159402399
B015,2025-03-12,6114.988912681252
B015,2025-03-13,6238.5865750987805
B015,2025-03-14,6163.334480057821
B015,2025-03-15,3984.2108977222897
B015,2025-03-16,3990.86961929615
B015,2025-03-17,6289.147843886458
B015,2025-03-18,5921.00804259831
B015,2025-03-19,5884.115032837407
B015,2025-03-20,6038.533374020015
B015,2025-03-21,5996.7478907259265
B015,2025-03-22,3892.462831116624
B015,2025-03-23,3908.4729491029175
B015,2025-03-24,6059.823084262636
B015,2025-03-25,5741.7926543340445
B015,2025-03-26,5825.830776316309
B015,2025-03-27,5934.233901472278
B015,2025-03-28,5641.964524102712
B015,2025-03-29,3774.410463721588
B015,2025-03-30,3819.154282095083
B015,2025-03-31,5985.5201038282885
B016,2025-01-01,3520.611393488191
B016,2025-01-02,3482.909875610078
B016,2025-01-03,3542.2800923042505
B016,2025-01-04,2286.6943184992265
B016,2025-01-05,2278.8328201268987
B016,2025-01-06,3658.954656199902
B016,2025-01-07,3536.7074088458617
B016,2025-01-08,3528.075351834632
B016,2025-01-09,3504.2995535114674
B016,2025-01-10,3611.778807454849
B016,2025-01-11,2277.3442590695136
B016,2025-01-12,2269.3334660497026
B016,2025-01-13,3628.7061762829717
B016,2025-01-14,3640.596581661438
B016,2025-01-15,3575.790489528393
B016,2025-01-16,3513.85781346166
B016,2025-01-17,3609.8013919622013
B016,2025-01-18,2275.340166972066
B016,2025-01-19,2270.6185947365584
B016,2025-01-20,3760.833448112158
B016,2025-01-21,3638.1430605175133
B016,2025-01-22,3592.8764891947685
B016,2025-01-23,3522.024934490648
B016,2025-01-24,3603.4179245930613
B016,2025-01-25,2260.432869388047
B016,2025-01-26,2270.110801655351
B016,2025-01-27,3659.719568139422
B016,2025-01-28,3626.9681620758347
B016,2025-01-29,3597.0183000892507
B016,2025-01-30,3484.9910303072143
B016,2025-01-31,3611.4525929150805
B016,2025-02-01,2257.9893963792133
B016,2025-02-02,2274.9460511861616
B016,2025-02-03,3587.405120182915
B016,2025-02-04,3622.9736937657494
B016,2025-02-05,3624.2736449611048
B016,2025-02-06,3525.5012746642374
B016,2025-02-07,3570.630936725056
B016,2025-02-08,2254.1544884748296
B016,2025-02-09,2241.9199214419264
B016,2025-02-10,3560.5899893756055
B016,2025-02-11,3646.462523489322
B016,2025-02-12,3457.414651765947
B016,2025-02-13,3595.2669812782483
B016,2025-02-14,3560.2454837821356
B016,2025-02-15,2224.614029331691
B016,2025-02-16,2266.242192719139
B016,2025-02-17,3578.8861122146072
B016,2025-02-18,3619.8043646662486
B016,2025-02-19,3455.1897983001054
B016,2025-02-20,3533.3387911289615
B016,2025-02-21,3566.0560379517106
B016,2025-02-22,2237.7725770697343
B016,2025-02-23,2218.067733483406
B016,2025-02-24,3272.4138709599215
B016,2025-02-25,3283.5596491571796
B016,2025-02-26,3542.909888128027
B016,2025-02-27,3482.260695076792
B016,2025-02-28,3452.415632742594
B016,2025-03-01,2243.955306828792
B016,2025-03-02,2179.679325617197
B016,2025-03-03,3305.6010930968832
B016,2025-03-04,3341.4665798929955
B016,2025-03-05,3384.5379573507685
B016,2025-03-06,3398.9553210664453
B016,2025-03-07,3463.4484620242356
B016,2025-03-08,2165.3038742066033
B016,2025-03-09,2179.4751573806698
B016,2025-03-10,3416.4665586542674
B016,2025-03-11,3296.3495486182087
B016,2025-03-12,3339.135151860789
B016,2025-03-13,3289.95042430643
B016,2025-03-14,3314.9998056601344
B016,2025-03-15,2166.567720082197
B016,2025-03-16,2168.5506464145683
B016,2025-03-17,3284.7727765323493
B016,2025-03-18,3392.011677447492
B016,2025-03-19,3305.743133449412
B016,2025-03-20,3297.934866916673
B016,2025-03-21,3306.786338572149
B016,2025-03-22,2163.4129059890333
B016,2025-03-23,2216.715585207169
B016,2025-03-24,3271.9493991943295
B016,2025-03-25,3279.590520977367
B016,2025-03-26,3361.733801124212
B016,2025-03-27,3559.5530634713937
B016,2025-03-28,3423.6295969892794
B016,2025-03-29,2170.47368148214
B016,2025-03-30,2196.2028368057577
B016,2025-03-31,3478.946565758615
B017,2025-01-01,797.0378818093797
B017,2025-01-02,794.7931333388825
B017,2025-01-03,780.630218163086
B017,2025-01-04,841.4225436873411
B017,2025-01-05,788.5165719524356
B017,2025-01-06,796.5130699718148
B017,2025-01-07,795.9410516944075
B017,2025-01-08,757.9256316921085
B017,2025-01-09,810.1366336290146
B017,2025-01-10,796.1863489680386
B017,2025-01-11,829.4732458020512
B017,2025-01-12,823.9993737657646
B017,2025-01-13,795.9408732582183
B017,2025-01-14,822.1720499874317
B017,2025-01-15,795.9361317140513
B017,2025-01-16,795.5553511280843
B017,2025-01-17,797.8065273086245
B017,2025-01-18,877.096757805967
B017,2025-01-19,839.9175117090228
B017,2025-01-20,826.8457938120978
B017,2025-01-21,798.142956615143
B017,2025-01-22,796.5844747728142
B017,2025-01-23,796.2562200542584
B017,2025-01-24,797.0194214671772
B017,2025-01-25,840.4082724250001
B017,2025-01-26,849.5702021935006
B017,2025-01-27,825.2788759245758
B017,2025-01-28,800.5643870925317
B017,2025-01-29,793.50420398001
B017,2025-01-30,775.2597500301584
B017,2025-01-31,808.9721714829018
B017,2025-02-01,839.2435738909423
B017,2025-02-02,831.7892532384637
B017,2025-02-03,796.8817108255632
B017,2025-02-04,836.1828620057458
B017,2025-02-05,824.1629496377993
B017,2025-02-06,798.1814971489658
B017,2025-02-07,798.4790172570488
B017,2025-02-08,818.8889723971531
B017,2025-02-09,849.1868792607263
B017,2025-02-10,743.2863748244301
B017,2025-02-11,778.757570596719
B017,2025-02-12,778.1225534334061
B017,2025-02-13,793.7039868465473
B017,2025-02-14,755.6062505641146
B017,2025-02-15,831.755511783378
B017,2025-02-16,802.8387791488457
B017,2025-02-17,791.2350878534818
B017,2025-02-18,756.4111143004139
B017,2025-02-19,792.4974947214021
B017,2025-02-20,794.2159258862401
B017,2025-02-21,794.7755905016315
B017,2025-02-22,778.9694992857259
B017,2025-02-23,805.9170694976332
B017,2025-02-24,758.1054046711034
B017,2025-02-25,792.6930356590956
B017,2025-02-26,792.5950901763952
B017,2025-02-27,796.3006834434401
B017,2025-02-28,716.4822016799548
B017,2025-03-01,824.9393369647752
B017,2025-03-02,775.496077853582
B017,2025-03-03,714.1259632366633
B017,2025-03-04,728.4865376871312
B017,2025-03-05,716.9973991306916
B017,2025-03-06,705.6761214584834
B017,2025-03-07,707.0602879856363
B017,2025-03-08,757.7087944901969
B017,2025-03-09,766.7425375894678
B017,2025-03-10,706.7028785379068
B017,2025-03-11,697.9457420463391
B017,2025-03-12,660.2674296973368
B017,2025-03-13,705.7047659175511
B017,2025-03-14,704.5388956677675
B017,2025-03-15,753.4866778619803
B017,2025-03-16,739.4515423558584
B017,2025-03-17,663.3774741398147
B017,2025-03-18,702.982164853579
B017,2025-03-19,702.982164853579
B017,2025-03-20,704.3114883587155
B017,2025-03-21,678.3380145612623
B017,2025-03-22,739.1884526087234
B017,2025-03-23,735.5903344016942
B017,2025-03-24,661.3902310424703
B017,2025-03-25,654.6124449279504
B017,2025-03-26,640.3876390827161
B017,2025-03-27,663.4479782950874
B017,2025-03-28,667.6138415737498
B017,2025-03-29,681.4981852451735
B017,2025-03-30,736.4282061844742
B017,2025-03-31,620.6709893290611
B018,2025-01-01,6099.742606642115
B018,2025-01-02,5966.86481454482
B018,2025-01-03,5999.67603634654
B018,2025-01-04,3932.34202902136
B018,2025-01-05,4002.331051306889
B018,2025-01-06,6006.914325011149
B018,2025-01-07,5919.758430502648
B018,2025-01-08,6102.748129986938
B018,2025-01-09,6008.3657913709285
B018,2025-01-10,5970.410880689887
B018,2025-01-11,3927.4739602770196
B018,2025-01-12,3931.730728935081
B018,2025-01-13,5918.663824143089
B018,2025-01-14,5917.726450585395
B018,2025-01-15,6092.5017717134615
B018,2025-01-16,5996.123771636077
B018,2025-01-17,5955.250390729849
B018,2025-01-18,3909.3742125485187
B018,2025-01-19,3878.4890334869083
B018,2025-01-20,5903.888079213505
B018,2025-01-21,5923.026403910509
B018,2025-01-22,6093.92381643999
B018,2025-01-23,5995.077546869804
B018,2025-01-24,5957.263373240912
B018,2025-01-25,3885.579887504956
B018,2025-01-26,3887.0119694563937
B018,2025-01-27,5906.322564206871
B018,2025-01-28,5876.966215474706
B018,2025-01-29,6104.477226273349
B018,2025-01-30,5972.641578562124
B018,2025-01-31,5960.7500694809
B018,2025-02-01,3865.2618323754723
B018,2025-02-02,3927.365819326521
B018,2025-02-03,5878.954934911552
B018,2025-02-04,5878.837711448167
B018,2025-02-05,5937.132096242392
B018,2025-02-06,5890.328017591199
B018,2025-02-07,6044.09210895656
B018,2025-02-08,3861.1257540723905
B018,2025-02-09,3902.5898567539098
B018,2025-02-10,5863.427855328646
B018,2025-02-11,5769.863872688893
B018,2025-02-12,5902.66714889286
B018,2025-02-13,5796.313045028201
B018,2025-02-14,6023.072167752079
B018,2025-02-15,3857.58991456766
B018,2025-02-16,3897.0664393992147
B018,2025-02-17,5764.147205569261
B018,2025-02-18,5784.160576974129
B018,2025-02-19,5908.401256281991
B018,2025-02-20,5871.361788903051
B018,2025-02-21,5945.583342816966
B018,2025-02-22,3845.5165622752743
B018,2025-02-23,3864.8116474139388
B018,2025-02-24,5879.160260043145
B018,2025-02-25,5839.4213751899815
B018,2025-02-26,5908.967140919604
B018,2025-02-27,5866.851131893141
B018,2025-02-28,5953.664984837629
B018,2025-03-01,3811.798479431758
B018,2025-03-02,3782.531120036144
B018,2025-03-03,5885.615608181219
B018,2025-03-04,5810.128895359743
B018,2025-03-05,5989.984711594754
B018,2025-03-06,5813.547409431752
B018,2025-03-07,5997.548716236925
B018,2025-03-08,3811.962805724175
B018,2025-03-09,3781.734623767854
B018,2025-03-10,5772.136293836856
B018,2025-03-11,5806.343460893422
B018,2025-03-12,5966.751200228742
B018,2025-03-13,5669.666241155337
B018,2025-03-14,5912.586204277354
B018,2025-03-15,3802.338805392351
B018,2025-03-16,3759.637944424141
B018,2025-03-17,5768.168638535639
B018,2025-03-18,5731.070086862644
B018,2025-03-19,5981.2111595994165
B018,2025-03-20,5577.498238979856
B018,2025-03-21,5838.704120425561
B018,2025-03-22,3781.4937695023614
B018,2025-03-23,3729.13607571141
B018,2025-03-24,5717.902554752765
B018,2025-03-25,5598.226349565515
B018,2025-03-26,5726.387504025819
B018,2025-03-27,5690.952332747704
B018,2025-03-28,5776.438123553934
B018,2025-03-29,3629.21605513639
B018,2025-03-30,3721.1083014643827
B018,2025-03-31,5686.572320634221
B019,2025-01-01,3521.9193463221663
B019,2025-01-02,3595.259615297238
B019,2025-01-03,3595.5397662491746
B019,2025-01-04,2268.059222420279
B019,2025-01-05,2339.59426108956
B019,2025-01-06,3716.808875921181
B019,2025-01-07,3541.6526512444084
B019,2025-01-08,3525.984443327483
B019,2025-01-09,3758.780970654222
B019,2025-01-10,3662.6455313701535
B019,2025-01-11,2276.9628975790365
B019,2025-01-12,2349.1437531914526
B019,2025-01-13,3656.7834102745715
B019,2025-01-14,3642.3311976103787
B019,2025-01-15,3596.400589891159
B019,2025-01-16,3585.558269268191
B019,2025-01-17,3638.767460340851
B019,2025-01-18,2273.8890089505976
B019,2025-01-19,2349.304732563156
B019,2025-01-20,3796.1365223083635
B019,2025-01-21,3649.5657823810825
B019,2025-01-22,3579.9363548862493
B019,2025-01-23,3658.2461714698507
B019,2025-01-24,3639.771706314797
B019,2025-01-25,2265.6474251141203
B019,2025-01-26,2348.0795950205843
B019,2025-01-27,3681.170093345185
B019,2025-01-28,3621.0920697004676
B019,2025-01-29,3631.974653611537
B019,2025-01-30,3586.5832320110426
B019,2025-01-31,3643.560114476489
B019,2025-02-01,2257.310854637884
B019,2025-02-02,2277.23464096369
B019,2025-02-03,3595.2802467246365
B019,2025-02-04,3626.5503409238936
B019,2025-02-05,3618.5341847490713
B019,2025-02-06,3673.648688723728
B019,2025-02-07,3583.7190477115987
B019,2025-02-08,2259.7300664997233
B019,2025-02-09,2243.571942883819
B019,2025-02-10,3564.174213117174
B019,2025-02-11,3686.503481677188
B019,2025-02-12,3547.7283782344066
B019,2025-02-13,3714.176691887429
B019,2025-02-14,3574.2430515597475
B019,2025-02-15,2234.2253430117435
B019,2025-02-16,2266.9916920533647
B019,2025-02-17,3576.8327330394823
B019,2025-02-18,3627.8767699004397
B019,2025-02-19,3570.842164201385
B019,2025-02-20,3686.1778824078237
B019,2025-02-21,3592.435834342048
B019,2025-02-22,2247.444637544569
B019,2025-02-23,2225.492547252675
B019,2025-02-24,3260.4118373372876
B019,2025-02-25,3275.7021779571924
B019,2025-02-26,3644.568599849763
B019,2025-02-27,3644.1858275084933
B019,2025-02-28,3472.009347552583
B019,2025-03-01,2217.000288963028
B019,2025-03-02,2189.2240640307077
B019,2025-03-03,3333.704032288712
B019,2025-03-04,3374.4790994278824
B019,2025-03-05,3339.0985752003403
B019,2025-03-06,3554.0079583811817
B019,2025-03-07,3487.932752173084
B019,2025-03-08,2169.2478125426874
B019,2025-03-09,2182.6392045203575
B019,2025-03-10,3417.9803499099385
B019,2025-03-11,3295.193184946673
B019,2025-03-12,3339.0831577861723
B019,2025-03-13,3399.938346254606
B019,2025-03-14,3313.2917239873977
B019,2025-03-15,2152.3234814141388
B019,2025-03-16,2178.7479616103733
B019,2025-03-17,3289.859988643748
B019,2025-03-18,3449.3401445296677
B019,2025-03-19,3284.1524917902148
B019,2025-03-20,3339.4425633382803
B019,2025-03-21,3289.3274988537687
B019,2025-03-22,2151.9987806290583
B019,2025-03-23,2224.755693211368
B019,2025-03-24,3276.911244586767
B019,2025-03-25,3294.035109464657
B019,2025-03-26,3343.3863058247766
B019,2025-03-27,3615.4635720702736
B019,2025-03-28,3425.602966844298
B019,2025-03-29,2178.9630605594975
B019,2025-03-30,2213.878650491638
B019,2025-03-31,3482.769013745371
B020,2025-01-01,5389.13952505916
B020,2025-01-02,5223.2202565412545
B020,2025-01-03,5327.868921413121
B020,2025-01-04,3443.6450917800266
B020,2025-01-05,3591.819617659064
B020,2025-01-06,5289.227757337562
B020,2025-01-07,5378.057999924519
B020,2025-01-08,5292.302056615766
B020,2025-01-09,5392.221900660177
B020,2025-01-10,5384.165411307185
B020,2025-01-11,3448.9552266599767
B020,2025-01-12,3424.3793729166027
B020,2025-01-13,5504.174605305572
B020,2025-01-14,5443.359947760037
B020,2025-01-15,5486.382679566911
B020,2025-01-16,5368.293489984459
B020,2025-01-17,5399.033990597855
B020,2025-01-18,3425.9174465292886
B020,2025-01-19,3567.4951067073985
B020,2025-01-20,5317.304738331253
B020,2025-01-21,5550.058395090534
B020,2025-01-22,5369.5309933937315
B020,2025-01-23,5467.420876996733
B020,2025-01-24,5391.225580646581
B020,2025-01-25,3411.390766063512
B020,2025-01-26,3373.989107539589
B020,2025-01-27,5561.114079640171
B020,2025-01-28,5429.602339609539
B020,2025-01-29,5513.763678996192
B020,2025-01-30,5327.325334602702
B020,2025-01-31,5393.337813158897
B020,2025-02-01,3586.1077893269685
B020,2025-02-02,3602.11855041232
B020,2025-02-03,5284.079618162692
B020,2025-02-04,5377.8862679598815
B020,2025-02-05,5212.8142998222165
B020,2025-02-06,5307.693271252338
B020,2025-02-07,5326.728778244571
B020,2025-02-08,3386.7971218178504
B020,2025-02-09,3329.598072369516
B020,2025-02-10,5251.356590328972
B020,2025-02-11,5401.20765790439
B020,2025-02-12,5070.874049692264
B020,2025-02-13,5353.1872435599125
B020,2025-02-14,5277.867705713089
B020,2025-02-15,3390.1056027047252
B020,2025-02-16,3397.770080467642
B020,2025-02-17,5332.869762236435
B020,2025-02-18,5290.334679506489
B020,2025-02-19,5114.193303297664
B020,2025-02-20,5196.263133610857
B020,2025-02-21,5304.799294012299
B020,2025-02-22,3387.210152594196
B020,2025-02-23,3335.0061023188127
B020,2025-02-24,5001.357795515083
B020,2025-02-25,5076.237889234253
B020,2025-02-26,5348.615806191323
B020,2025-02-27,5068.402189780504
B020,2025-02-28,5083.212631123447
B020,2025-03-01,3307.7237537759647
B020,2025-03-02,3269.1826896213897
B020,2025-03-03,4990.839167429009
B020,2025-03-04,4913.908851815143
B020,2025-03-05,4931.537938179392
B020,2025-03-06,5069.679196749648
B020,2025-03-07,4977.335885865827
B020,2025-03-08,3211.6458011389013
B020,2025-03-09,3231.5059325820725
B020,2025-03-10,5001.04912770918
B020,2025-03-11,4827.121634011426
B020,2025-03-12,4869.368288444134
B020,2025-03-13,4995.645757836189
B020,2025-03-14,4793.111802203339
B020,2025-03-15,3178.987074551958
B020,2025-03-16,3190.8322070179156
B020,2025-03-17,4837.7233672561715
B020,2025-03-18,4808.994396606199
B020,2025-03-19,4798.800680647063
B020,2025-03-20,4967.736782343058
B020,2025-03-21,4771.624885190304
B020,2025-03-22,3158.698081314409
B020,2025-03-23,3283.7597550310275
B020,2025-03-24,4836.265613404405
B020,2025-03-25,4801.9038662804805
B020,2025-03-26,4818.064795760983
B020,2025-03-27,5319.552475536754
B020,2025-03-28,4874.828924816344
B020,2025-03-29,3200.734623077503
B020,2025-03-30,3243.367970718709
B020,2025-03-31,5081.936830427278
B021,2025-01-01,4208.081785489505
B021,2025-01-02,4238.903613215673
B021,2025-01-03,4199.159809824686
B021,2025-01-04,4172.166257435227
B021,2025-01-05,4188.740583050473
B021,2025-01-06,4177.195774149128
B021,2025-01-07,4213.980645694308
B021,2025-01-08,4295.707100973848
B021,2025-01-09,4242.499164757228
B021,2025-01-10,4204.500602093105
B021,2025-01-11,4170.198114238326
B021,2025-01-12,4187.575890709724
B021,2025-01-13,4237.8484186771
B021,2025-01-14,4236.403375801396
B021,2025-01-15,4302.157522578642
B021,2025-01-16,4241.213073110382
B021,2025-01-17,4207.179136845437
B021,2025-01-18,4173.866376400684
B021,2025-01-19,4190.336388301693
B021,2025-01-20,4234.16770701499
B021,2025-01-21,4249.490534037328
B021,2025-01-22,4308.2862091974175
B021,2025-01-23,4246.296634441566
B021,2025-01-24,4196.209047692594
B021,2025-01-25,4173.988246707901
B021,2025-01-26,4180.860265468364
B021,2025-01-27,4232.6875818294675
B021,2025-01-28,4243.968958840708
B021,2025-01-29,4316.78329119307
B021,2025-01-30,4242.196992124463
B021,2025-01-31,4207.821234268479
B021,2025-02-01,4187.192030397945
B021,2025-02-02,4217.110175920427
B021,2025-02-03,4252.240877809082
B021,2025-02-04,4253.096220874397
B021,2025-02-05,4252.683265291179
B021,2025-02-06,4247.592407776097
B021,2025-02-07,4232.5710780522695
B021,2025-02-08,4215.036586387423
B021,2025-02-09,4199.564472661379
B021,2025-02-10,4262.69223921654
B021,2025-02-11,4264.860740750957
B021,2025-02-12,4279.541734685029
B021,2025-02-13,4268.106669626054
B021,2025-02-14,4252.275124898347
B021,2025-02-15,4234.505756574447
B021,2025-02-16,4219.458856624134
B021,2025-02-17,4276.50498280868
B021,2025-02-18,4269.057737662069
B021,2025-02-19,4274.008409447937
B021,2025-02-20,4268.553258678982
B021,2025-02-21,4253.614607283605
B021,2025-02-22,4237.270501627455
B021,2025-02-23,4220.003055534669
B021,2025-02-24,4287.362124600424
B021,2025-02-25,4272.2598924676395
B021,2025-02-26,4281.4610660987455
B021,2025-02-27,4272.67606015033
B021,2025-02-28,4261.753711367363
B021,2025-03-01,4239.855376809595
B021,2025-03-02,4236.719843283295
B021,2025-03-03,4251.54469018037
B021,2025-03-04,4301.712334062674
B021,2025-03-05,4263.6407243357835
B021,2025-03-06,4310.718187180329
B021,2025-03-07,4248.936707975716
B021,2025-03-08,4238.928390611001
B021,2025-03-09,4235.787241113323
B021,2025-03-10,4261.17887554088
B021,2025-03-11,4300.349980593401
B021,2025-03-12,4273.702804613303
B021,2025-03-13,4287.266376694696
B021,2025-03-14,4203.384580560912
B021,2025-03-15,4161.9973627027275
B021,2025-03-16,4164.703867860339
B021,2025-03-17,4248.967683842116
B021,2025-03-18,4217.611276691022
B021,2025-03-19,4155.267433701901
B021,2025-03-20,4190.298286530342
B021,2025-03-21,4192.314074942426
B021,2025-03-22,4130.805694444253
B021,2025-03-23,4100.314869601526
B021,2025-03-24,4145.378936560947
B021,2025-03-25,4198.47067690027
B021,2025-03-26,4153.734941862854
B021,2025-03-27,4222.778417792952
B021,2025-03-28,4166.054473955784
B021,2025-03-29,4113.5171597452245
B021,2025-03-30,4108.533588591385
B021,2025-03-31,4135.569900559863
B022,2025-01-01,779.9184461665517
B022,2025-01-02,751.1157691123053
B022,2025-01-03,752.7294323043943
B022,2025-01-04,804.6424939034396
B022,2025-01-05,866.1760168578758
B022,2025-01-06,758.6657762340016
B022,2025-01-07,760.8451680700302
B022,2025-01-08,796.7668054412808
B022,2025-01-09,758.0103571400857
B022,2025-01-10,803.7616783231914
B022,2025-01-11,816.9011709680801
B022,2025-01-12,818.0547203552461
B022,2025-01-13,758.0498363311351
B022,2025-01-14,759.2298625366377
B022,2025-01-15,759.2381519093133
B022,2025-01-16,757.9903202818248
B022,2025-01-17,797.2704297188425
B022,2025-01-18,816.568257831983
B022,2025-01-19,815.4064995301314
B022,2025-01-20,753.7626507093186
B022,2025-01-21,751.192527123132
B022,2025-01-22,783.2732060600409
B022,2025-01-23,758.3960222330679
B022,2025-01-24,800.882552421763
B022,2025-01-25,861.4903201674072
B022,2025-01-26,814.5454793769853
B022,2025-01-27,757.9607281876026
B022,2025-01-28,758.5348632498213
B022,2025-01-29,750.4886690860565
B022,2025-01-30,758.2892157341963
B022,2025-01-31,799.3549213674908
B022,2025-02-01,860.6479262991916
B022,2025-02-02,817.873687373321
B022,2025-02-03,758.8384937034799
B022,2025-02-04,759.5265139886891
B022,2025-02-05,815.0883470029512
B022,2025-02-06,801.6802658972038
B022,2025-02-07,768.2190619406389
B022,2025-02-08,818.4675135562412
B022,2025-02-09,818.9210712545739
B022,2025-02-10,759.8492535605791
B022,2025-02-11,738.1507902982073
B022,2025-02-12,770.0929224889948
B022,2025-02-13,751.1481388965201
B022,2025-02-14,755.942745218953
B022,2025-02-15,833.6424958818108
B022,2025-02-16,818.5021412762014
B022,2025-02-17,726.075882314443
B022,2025-02-18,740.3414421034635
B022,2025-02-19,761.042920923537
B022,2025-02-20,753.7444379123314
B022,2025-02-21,730.803050748864
B022,2025-02-22,814.0434677895034
B022,2025-02-23,788.9622752336946
B022,2025-02-24,751.8525361479841
B022,2025-02-25,750.4224242251984
B022,2025-02-26,757.9484171236843
B022,2025-02-27,751.2458087658022
B022,2025-02-28,729.8135521693669
B022,2025-03-01,778.8969033348965
B022,2025-03-02,812.5973013449084
B022,2025-03-03,738.8959528091051
B022,2025-03-04,723.3103021344053
B022,2025-03-05,714.3050100541877
B022,2025-03-06,737.9582958975942
B022,2025-03-07,719.2310446746627
B022,2025-03-08,773.9768399643164
B022,2025-03-09,806.5422632936163
B022,2025-03-10,696.6728070445597
B022,2025-03-11,721.6260464789556
B022,2025-03-12,709.4776786454556
B022,2025-03-13,696.6967714540323
B022,2025-03-14,699.0450479382608
B022,2025-03-15,769.2835980907167
B022,2025-03-16,757.1367754116577
B022,2025-03-17,694.3778124195246
B022,2025-03-18,708.9410521425336
B022,2025-03-19,713.7656776874936
B022,2025-03-20,695.6895800743581
B022,2025-03-21,682.5441807555165
B022,2025-03-22,744.317983147621
B022,2025-03-23,756.2964614192825
B022,2025-03-24,694.0408261944856
B022,2025-03-25,690.1951540783355
B022,2025-03-26,643.7268308270118
B022,2025-03-27,695.6725606593374
B022,2025-03-28,692.4681981903584
B022,2025-03-29,699.6025334733083
B022,2025-03-30,772.2536945044328
B022,2025-03-31,693.6232363481113
B023,2025-01-01,10813.074450022921
B023,2025-01-02,10521.374657442186
B023,2025-01-03,10500.58254425359
B023,2025-01-04,10610.32305936794
B023,2025-01-05,10480.882960783043
B023,2025-01-06,10492.497937563774
B023,2025-01-07,10709.581294414204
B023,2025-01-08,10725.388651357996
B023,2025-01-09,10428.337644158266
B023,2025-01-10,10307.278549436138
B023,2025-01-11,10552.032859745375
B023,2025-01-12,10465.050877563517
B023,2025-01-13,10440.217457952811
B023,2025-01-14,10621.631383161932
B023,2025-01-15,10556.009673769679
B023,2025-01-16,10618.693901073273
B023,2025-01-17,10478.858541884614
B023,2025-01-18,10611.51074293196
B023,2025-01-19,10494.033908653222
B023,2025-01-20,10536.195070041787
B023,2025-01-21,10605.247184658409
B023,2025-01-22,10664.717165929904
B023,2025-01-23,10501.407263867317
B023,2025-01-24,10477.94101186039
B023,2025-01-25,10677.464469624576
B023,2025-01-26,10542.562824632896
B023,2025-01-27,10545.868415559933
B023,2025-01-28,10702.70309176697
B023,2025-01-29,10548.792540386079
B023,2025-01-30,10658.937600028892
B023,2025-01-31,10558.922615059862
B023,2025-02-01,10398.239270398133
B023,2025-02-02,10490.516728886285
B023,2025-02-03,10703.729672129637
B023,2025-02-04,10707.923439370437
B023,2025-02-05,10727.350032239385
B023,2025-02-06,10753.475250034824
B023,2025-02-07,10711.95417466077
B023,2025-02-08,10451.731226211463
B023,2025-02-09,10616.047748371286
B023,2025-02-10,10729.303238028944
B023,2025-02-11,10580.450440188355
B023,2025-02-12,10753.95826968368
B023,2025-02-13,10577.777850698087
B023,2025-02-14,10686.942953443304
B023,2025-02-15,10509.894780955325
B023,2025-02-16,10610.171113019413
B023,2025-02-17,10745.229786322092
B023,2025-02-18,10686.4312553566
B023,2025-02-19,10760.1983190705
B023,2025-02-20,10748.32021955425
B023,2025-02-21,10691.557242988085
B023,2025-02-22,10492.419917596364
B023,2025-02-23,10675.303246380876
B023,2025-02-24,10833.591933769634
B023,2025-02-25,10746.35500479267
B023,2025-02-26,10715.426078212566
B023,2025-02-27,10753.367042065052
B023,2025-02-28,10740.828127050558
B023,2025-03-01,10695.116220858266
B023,2025-03-02,10725.731721247894
B023,2025-03-03,10735.427150366164
B023,2025-03-04,10756.511561440819
B023,2025-03-05,10743.840389168447
B023,2025-03-06,10738.18157478382
B023,2025-03-07,10723.943810301029
B023,2025-03-08,10711.427261422557
B023,2025-03-09,10678.320902153686
B023,2025-03-10,10725.159920378006
B023,2025-03-11,10800.330084858622
B023,2025-03-12,10761.630875122257
B023,2025-03-13,10775.426309632647
B023,2025-03-14,10770.393760736175
B023,2025-03-15,10689.64643623649
B023,2025-03-16,10708.987303884534
B023,2025-03-17,10776.92113118369
B023,2025-03-18,11038.05190770581
B023,2025-03-19,10779.052990936178
B023,2025-03-20,10955.024614398191
B023,2025-03-21,10791.276991676565
B023,2025-03-22,10731.492196646104
B023,2025-03-23,11236.056030463093
B023,2025-03-24,10755.222477041834
B023,2025-03-25,10793.221488449155
B023,2025-03-26,10912.278152840676
B023,2025-03-27,11647.701029363232
B023,2025-03-28,11404.859973405128
B023,2025-03-29,11374.870617358729
B023,2025-03-30,11416.68726854972
B023,2025-03-31,11540.797141875773
B024,2025-01-01,3294.5131254188727
B024,2025-01-02,3301.1432534691585
B024,2025-01-03,3338.367954994668
B024,2025-01-04,3111.6529556302066
B024,2025-01-05,2950.6246218547494
B024,2025-01-06,3565.108706926644
B024,2025-01-07,3404.6899517707648
B024,2025-01-08,3327.1264248461734
B024,2025-01-09,3364.623398477178
B024,2025-01-10,3356.693405534772
B024,2025-01-11,3156.0044717274636
B024,2025-01-12,3096.0704235254448
B024,2025-01-13,3439.629051656685
B024,2025-01-14,3459.257970560728
B024,2025-01-15,3350.4746401838056
B024,2025-01-16,3587.132009962983
B024,2025-01-17,3339.5576210388576
B024,2025-01-18,3160.656645489491
B024,2025-01-19,3208.165283744912
B024,2025-01-20,3442.985340394769
B024,2025-01-21,3352.333377192186
B024,2025-01-22,3343.461853454412
B024,2025-01-23,3320.7698830259196
B024,2025-01-24,3346.1024017528484
B024,2025-01-25,3031.4006914234237
B024,2025-01-26,3116.5577504345792
B024,2025-01-27,3380.1330126555667
B024,2025-01-28,3368.89097479046
B024,2025-01-29,3348.266219395783
B024,2025-01-30,3490.5349440587934
B024,2025-01-31,3278.7795073184984
B024,2025-02-01,3146.89050249615
B024,2025-02-02,3035.822508876695
B024,2025-02-03,3384.9389446448267
B024,2025-02-04,3302.8035690146266
B024,2025-02-05,3378.8660531380838
B024,2025-02-06,3305.3889245342566
B024,2025-02-07,3288.3273680654006
B024,2025-02-08,3096.9336492120146
B024,2025-02-09,3076.7020166637276
B024,2025-02-10,3377.6884174682887
B024,2025-02-11,3426.7322719808976
B024,2025-02-12,3300.584419440596
B024,2025-02-13,3320.2089977668716
B024,2025-02-14,3290.591810490237
B024,2025-02-15,3110.667950804177
B024,2025-02-16,3034.671544325558
B024,2025-02-17,3399.9082429494274
B024,2025-02-18,3350.4043972981653
B024,2025-02-19,3301.2952890034303
B024,2025-02-20,3262.2574575181843
B024,2025-02-21,3352.804847804243
B024,2025-02-22,3099.796124189174
B024,2025-02-23,3032.9665180401375
B024,2025-02-24,3359.444422826115
B024,2025-02-25,3182.6176957551907
B024,2025-02-26,3251.2260961337674
B024,2025-02-27,3184.0353476985397
B024,2025-02-28,3214.404646491016
B024,2025-03-01,2881.0399085838762
B024,2025-03-02,2884.6718642968835
B024,2025-03-03,3304.2062624524965
B024,2025-03-04,3132.295529199559
B024,2025-03-05,3070.1694574063567
B024,2025-03-06,3098.9571080514893
B024,2025-03-07,3084.6293962603977
B024,2025-03-08,2756.80273275974
B024,2025-03-09,2682.089555899691
B024,2025-03-10,3082.2573001624473
B024,2025-03-11,2886.6499784370385
B024,2025-03-12,2883.842571044055
B024,2025-03-13,2807.664552257041
B024,2025-03-14,2643.274360988962
B024,2025-03-15,2358.3077842013226
B024,2025-03-16,2331.790544500461
B024,2025-03-17,2898.0864156102975
B024,2025-03-18,2554.917563748559
B024,2025-03-19,2566.183586173423
B024,2025-03-20,2633.890034354442
B024,2025-03-21,2799.703558969544
B024,2025-03-22,2234.4623949247884
B024,2025-03-23,2183.238927952177
B024,2025-03-24,2565.622501993542
B024,2025-03-25,2563.5155373230937
B024,2025-03-26,2615.6102667827636
B024,2025-03-27,2695.2063999723678
B024,2025-03-28,2376.275883163033
B024,2025-03-29,2070.6681582922015
B024,2025-03-30,2170.178880022682
B024,2025-03-31,2591.927417375188
B025,2025-01-01,1415.004892128353
B025,2025-01-02,1416.6243257403726
B025,2025-01-03,1366.4455479367496
B025,2025-01-04,1581.3168272950372
B025,2025-01-05,1497.1453166593035
B025,2025-01-06,1444.4828753755771
B025,2025-01-07,1449.9786571735315
B025,2025-01-08,1339.5547330789122
B025,2025-01-09,1449.8265900708511
B025,2025-01-10,1442.6820530225855
B025,2025-01-11,1541.0788215527373
B025,2025-01-12,1521.540322907912
B025,2025-01-13,1415.5211195460176
B025,2025-01-14,1444.8655833530713
B025,2025-01-15,1430.4096439684572
B025,2025-01-16,1421.886038930756
B025,2025-01-17,1445.1459233204314
B025,2025-01-18,1588.1691445962674
B025,2025-01-19,1568.4314382641764
B025,2025-01-20,1450.6677755958417
B025,2025-01-21,1435.4899677109106
B025,2025-01-22,1412.375143242903
B025,2025-01-23,1415.8058063847766
B025,2025-01-24,1444.9859343786106
B025,2025-01-25,1585.6742926079014
B025,2025-01-26,1574.1807512912728
B025,2025-01-27,1449.260433412772
B025,2025-01-28,1441.8976389440838
B025,2025-01-29,1379.6637574946428
B025,2025-01-30,1365.3457604285754
B025,2025-01-31,1447.3172639165073
B025,2025-02-01,1553.4247001654546
B025,2025-02-02,1546.3106059893357
B025,2025-02-03,1433.5016531973013
B025,2025-02-04,1452.2499189501002
B025,2025-02-05,1442.3070087494316
B025,2025-02-06,1408.8898182409434
B025,2025-02-07,1447.653797752682
B025,2025-02-08,1487.4286625758002
B025,2025-02-09,1586.983007285556
B025,2025-02-10,1337.3747651583517
B025,2025-02-11,1361.232446922333
B025,2025-02-12,1364.1166679880084
B025,2025-02-13,1430.4633819095416
B025,2025-02-14,1341.2906343456839
B025,2025-02-15,1530.828781412738
B025,2025-02-16,1519.4744056469335
B025,2025-02-17,1431.1129592166635
B025,2025-02-18,1337.7251024448542
B025,2025-02-19,1401.318834203996
B025,2025-02-20,1400.7100507929465
B025,2025-02-21,1392.6903966009372
B025,2025-02-22,1460.5378886129909
B025,2025-02-23,1513.9652043415977
B025,2025-02-24,1344.2946223715794
B025,2025-02-25,1397.04818420045
B025,2025-02-26,1411.2533059078733
B025,2025-02-27,1440.035015495411
B025,2025-02-28,1310.2907263317093
B025,2025-03-01,1536.0035382486944
B025,2025-03-02,1464.173199175847
B025,2025-03-03,1322.3155226411805
B025,2025-03-04,1331.691736887782
B025,2025-03-05,1326.488035662476
B025,2025-03-06,1302.0390788489392
B025,2025-03-07,1280.9375372051927
B025,2025-03-08,1487.7423307683275
B025,2025-03-09,1364.6284220206737
B025,2025-03-10,1272.6048761904578
B025,2025-03-11,1226.9590369528494
B025,2025-03-12,1172.5917909095883
B025,2025-03-13,1250.6122710858008
B025,2025-03-14,1237.0648081509155
B025,2025-03-15,1415.6517499031834
B025,2025-03-16,1294.3537240299297
B025,2025-03-17,1207.7364744834929
B025,2025-03-18,1203.2705197798675
B025,2025-03-19,1203.976791031889
B025,2025-03-20,1224.1006235693767
B025,2025-03-21,1204.175614191344
B025,2025-03-22,1372.1311174427726
B025,2025-03-23,1297.2544019679344
B025,2025-03-24,1201.8888299206612
B025,2025-03-25,1165.8186788409578
B025,2025-03-26,1125.2619517833275
B025,2025-03-27,1176.0954901216019
B025,2025-03-28,1198.162911259964
B025,2025-03-29,1299.9544660264291
B025,2025-03-30,1293.309723754618
B025,2025-03-31,1151.217640236015
B026,2025-01-01,1780.7419655043923
B026,2025-01-02,1786.3166395862884
B026,2025-01-03,1811.2629410158008
B026,2025-01-04,1671.2903995122856
B026,2025-01-05,1503.7464670015888
B026,2025-01-06,1799.9766491128294
B026,2025-01-07,1832.7320599080829
B026,2025-01-08,1801.4842907469085
B026,2025-01-09,1803.2144234479235
B026,2025-01-10,1827.5204605760282
B026,2025-01-11,1708.358506017159
B026,2025-01-12,1655.053371838795
B026,2025-01-13,1820.914150191338
B026,2025-01-14,1837.5688270296291
B026,2025-01-15,1821.0745757067725
B026,2025-01-16,1836.3469258779844
B026,2025-01-17,1824.3749419605133
B026,2025-01-18,1700.740132819175
B026,2025-01-19,1668.5128763748485
B026,2025-01-20,1821.2700481927634
B026,2025-01-21,1782.9039353404319
B026,2025-01-22,1811.8070995072328
B026,2025-01-23,1761.3679625494117
B026,2025-01-24,1826.12788829529
B026,2025-01-25,1643.26208879141
B026,2025-01-26,1687.1392005063294
B026,2025-01-27,1814.5508183692364
B026,2025-01-28,1826.91247369063
B026,2025-01-29,1817.0030029887264
B026,2025-01-30,1819.6225307016225
B026,2025-01-31,1770.5274737987631
B026,2025-02-01,1662.2568551742986
B026,2025-02-02,1621.6761364253061
B026,2025-02-03,1816.9295462079747
B026,2025-02-04,1766.4556498765658
B026,2025-02-05,1829.6611782357952
B026,2025-02-06,1743.0783976676123
B026,2025-02-07,1777.7274038137455
B026,2025-02-08,1658.7747768647928
B026,2025-02-09,1693.4890337493268
B026,2025-02-10,1806.187546158698
B026,2025-02-11,1836.9314721725868
B026,2025-02-12,1766.6107987635537
B026,2025-02-13,1761.1696463479855
B026,2025-02-14,1774.3771734339857
B026,2025-02-15,1661.3309827671496
B026,2025-02-16,1627.3155737336006
B026,2025-02-17,1818.9994365207945
B026,2025-02-18,1816.3090457584517
B026,2025-02-19,1760.548600448625
B026,2025-02-20,1731.570172944
B026,2025-02-21,1757.5636668516079
B026,2025-02-22,1639.627454015189
B026,2025-02-23,1623.7449257567682
B026,2025-02-24,1787.8696736686938
B026,2025-02-25,1727.9257158512532
B026,2025-02-26,1730.530285984514
B026,2025-02-27,1710.9517175915057
B026,2025-02-28,1722.963001410094
B026,2025-03-01,1583.6134477239218
B026,2025-03-02,1588.3951030863102
B026,2025-03-03,1713.171016391257
B026,2025-03-04,1710.4828475364066
B026,2025-03-05,1668.7560429043674
B026,2025-03-06,1710.4602915131338
B026,2025-03-07,1698.3673383548987
B026,2025-03-08,1577.0108106204605
B026,2025-03-09,1536.8280031366924
B026,2025-03-10,1709.4012495114896
B026,2025-03-11,1700.5048952354064
B026,2025-03-12,1679.1724820047143
B026,2025-03-13,1693.264706902555
B026,2025-03-14,1685.5638894502108
B026,2025-03-15,1515.3764721553503
B026,2025-03-16,1519.225202974373
B026,2025-03-17,1697.1833698285157
B026,2025-03-18,1689.7397510143699
B026,2025-03-19,1656.3084560684954
B026,2025-03-20,1684.5452416926398
B026,2025-03-21,1680.7878274405061
B026,2025-03-22,1513.298979925366
B026,2025-03-23,1515.388342708797
B026,2025-03-24,1682.3054004769565
B026,2025-03-25,1684.6313566079584
B026,2025-03-26,1641.1964622377081
B026,2025-03-27,1675.3293250974468
B026,2025-03-28,1673.2882267547625
B026,2025-03-29,1511.2506296710496
B026,2025-03-30,1518.9086305194035
B026,2025-03-31,1672.0410241238571
B027,2025-01-01,6577.263760176874
B027,2025-01-02,6477.719534247406
B027,2025-01-03,6657.450670555917
B027,2025-01-04,4356.060250260151
B027,2025-01-05,4294.468104769309
B027,2025-01-06,6751.211087676259
B027,2025-01-07,6620.414004367072
B027,2025-01-08,6637.155435897181
B027,2025-01-09,6555.805889797211
B027,2025-01-10,6809.861239998259
B027,2025-01-11,4336.448209050966
B027,2025-01-12,4276.10445876474
B027,2025-01-13,6728.00210487187
B027,2025-01-14,6725.018163804417
B027,2025-01-15,6765.772724620195
B027,2025-01-16,6687.0631370739975
B027,2025-01-17,6913.288252230018
B027,2025-01-18,4359.9059713788765
B027,2025-01-19,4290.743768559284
B027,2025-01-20,6846.347188236924
B027,2025-01-21,6857.46947700455
B027,2025-01-22,6900.55917301882
B027,2025-01-23,6835.462571982843
B027,2025-01-24,6950.30978217241
B027,2025-01-25,4384.927527299573
B027,2025-01-26,4280.7449381507
B027,2025-01-27,6864.890751702413
B027,2025-01-28,6869.771694651022
B027,2025-01-29,6876.634575771704
B027,2025-01-30,6845.511069310652
B027,2025-01-31,6955.662475446224
B027,2025-02-01,4342.114239172375
B027,2025-02-02,4277.619240610715
B027,2025-02-03,6928.247523101698
B027,2025-02-04,6912.105781551699
B027,2025-02-05,6921.381569690171
B027,2025-02-06,6992.558255030496
B027,2025-02-07,6954.962590154843
B027,2025-02-08,4390.102235019728
B027,2025-02-09,4297.002361424326
B027,2025-02-10,6898.730569270942
B027,2025-02-11,6931.795735717318
B027,2025-02-12,6921.636235853115
B027,2025-02-13,7010.367005425136
B027,2025-02-14,6959.798916416685
B027,2025-02-15,4379.28906896549
B027,2025-02-16,4285.016949059229
B027,2025-02-17,6917.820303746195
B027,2025-02-18,6973.484413681039
B027,2025-02-19,6929.4080331792475
B027,2025-02-20,6998.624688950486
B027,2025-02-21,6986.216509863759
B027,2025-02-22,4404.0514996325965
B027,2025-02-23,4310.9847294061565
B027,2025-02-24,6917.305760489141
B027,2025-02-25,6942.794470227847
B027,2025-02-26,6883.69582294405
B027,2025-02-27,6990.734185571534
B027,2025-02-28,6970.24568783978
B027,2025-03-01,4308.548562620539
B027,2025-03-02,4340.508935672015
B027,2025-03-03,6657.652979149872
B027,2025-03-04,6888.869287007991
B027,2025-03-05,6974.475035791776
B027,2025-03-06,6748.759875303283
B027,2025-03-07,7008.772404163639
B027,2025-03-08,4368.716470224237
B027,2025-03-09,4293.323464355568
B027,2025-03-10,6681.919348731037
B027,2025-03-11,6819.245723481226
B027,2025-03-12,6870.456482399416
B027,2025-03-13,6588.751242931559
B027,2025-03-14,6761.008019928962
B027,2025-03-15,4246.548962793314
B027,2025-03-16,4296.241746669584
B027,2025-03-17,6367.9898368074755
B027,2025-03-18,6576.448929765903
B027,2025-03-19,6574.476884745872
B027,2025-03-20,6371.773156771432
B027,2025-03-21,6598.275477633511
B027,2025-03-22,4261.256123437528
B027,2025-03-23,4224.2278035179315
B027,2025-03-24,6057.502899757081
B027,2025-03-25,6472.747661810243
B027,2025-03-26,6571.715032492838
B027,2025-03-27,6260.641016884342
B027,2025-03-28,6589.539499864575
B027,2025-03-29,4189.54206919689
B027,2025-03-30,4083.6018523784387
B027,2025-03-31,6052.911760323
B028,2025-01-01,5884.494120339958
B028,2025-01-02,5918.203681893028
B028,2025-01-03,6015.285498684947
B028,2025-01-04,3893.4452511070576
B028,2025-01-05,3863.907673571597
B028,2025-01-06,5863.527074158806
B028,2025-01-07,5954.813130921253
B028,2025-01-08,5876.693683626506
B028,2025-01-09,5923.650875242244
B028,2025-01-10,6028.806505061729
B028,2025-01-11,3924.90808625237
B028,2025-01-12,3774.257674845686
B028,2025-01-13,5860.954028909089
B028,2025-01-14,5930.844246888311
B028,2025-01-15,5885.295111321606
B028,2025-01-16,5918.512714046256
B028,2025-01-17,6065.467625551511
B028,2025-01-18,3913.4919956912386
B028,2025-01-19,3883.9467548139196
B028,2025-01-20,5868.396450639446
B028,2025-01-21,5922.739279002364
B028,2025-01-22,5947.770117659858
B028,2025-01-23,5999.054088245941
B028,2025-01-24,6193.413031601225
B028,2025-01-25,3959.5831081192737
B028,2025-01-26,3838.0381635741796
B028,2025-01-27,5857.114461994493
B028,2025-01-28,5924.120167159072
B028,2025-01-29,5905.490282825274
B028,2025-01-30,5922.997766774629
B028,2025-01-31,6019.467168109494
B028,2025-02-01,3987.23604374177
B028,2025-02-02,3883.392245741636
B028,2025-02-03,5890.56244225452
B028,2025-02-04,5913.221391778822
B028,2025-02-05,6100.583021282793
B028,2025-02-06,6215.961558747034
B028,2025-02-07,6176.445913138815
B028,2025-02-08,4007.3797280416097
B028,2025-02-09,3915.0321241616093
B028,2025-02-10,5874.37221294267
B028,2025-02-11,5934.485365523037
B028,2025-02-12,6097.590246774511
B028,2025-02-13,6176.559964021543
B028,2025-02-14,6179.033281273093
B028,2025-02-15,3929.977382597487
B028,2025-02-16,3862.3095364929304
B028,2025-02-17,5856.7917477416595
B028,2025-02-18,5927.974348747636
B028,2025-02-19,6038.298545161221
B028,2025-02-20,6152.423584064441
B028,2025-02-21,6128.29564634678
B028,2025-02-22,3905.0307419815736
B028,2025-02-23,3931.2607430406406
B028,2025-02-24,5843.880814116315
B028,2025-02-25,5889.543983564854
B028,2025-02-26,6018.9948353970385
B028,2025-02-27,6121.775265019995
B028,2025-02-28,6442.474975347919
B028,2025-03-01,3874.6931040600666
B028,2025-03-02,3837.0164505270477
B028,2025-03-03,5859.992596233605
B028,2025-03-04,5827.985160894792
B028,2025-03-05,5823.101513242868
B028,2025-03-06,5854.182678181985
B028,2025-03-07,6004.283376574068
B028,2025-03-08,3802.0818042193855
B028,2025-03-09,3683.3286515081268
B028,2025-03-10,5811.2660101743195
B028,2025-03-11,5773.4541677897305
B028,2025-03-12,5787.965445017704
B028,2025-03-13,5788.817405738789
B028,2025-03-14,5942.374597261308
B028,2025-03-15,3729.252413723692
B028,2025-03-16,3680.8597126003483
B028,2025-03-17,5817.282777325922
B028,2025-03-18,5737.9241450836425
B028,2025-03-19,5737.688277451529
B028,2025-03-20,5786.00857615098
B028,2025-03-21,6104.934837944518
B028,2025-03-22,3722.8895866624725
B028,2025-03-23,3674.9616421858864
B028,2025-03-24,5881.405840910436
B028,2025-03-25,5742.77291368017
B028,2025-03-26,5740.928338852008
B028,2025-03-27,5778.717559425797
B028,2025-03-28,5936.692281678203
B028,2025-03-29,3720.4641558623766
B028,2025-03-30,3681.0847655913467
B028,2025-03-31,5751.07545196787
B029,2025-01-01,1554.2465510934771
B029,2025-01-02,1580.1456043166254
B029,2025-01-03,1549.452922784435
B029,2025-01-04,1713.1352477642672
B029,2025-01-05,1740.3896123623654
B029,2025-01-06,1614.4170299376665
B029,2025-01-07,1608.8147857187914
B029,2025-01-08,1610.2094243637441
B029,2025-01-09,1625.4470641046337
B029,2025-01-10,1628.368364415002
B029,2025-01-11,1789.8609021448249
B029,2025-01-12,1732.358579648556
B029,2025-01-13,1623.9683096454078
B029,2025-01-14,1628.375439547988
B029,2025-01-15,1613.4687070370521
B029,2025-01-16,1611.9300418441408
B029,2025-01-17,1638.2499743234691
B029,2025-01-18,1796.0457247173495
B029,2025-01-19,1742.7954968432368
B029,2025-01-20,1619.031906550395
B029,2025-01-21,1634.9614744063201
B029,2025-01-22,1634.5556643923057
B029,2025-01-23,1633.6393597722913
B029,2025-01-24,1623.3616142163748
B029,2025-01-25,1799.0126601445832
B029,2025-01-26,1737.974236841359
B029,2025-01-27,1612.6013160812038
B029,2025-01-28,1633.7259307319837
B029,2025-01-29,1628.8248019994085
B029,2025-01-30,1622.728702728618
B029,2025-01-31,1599.4069712659766
B029,2025-02-01,1748.4340315282257
B029,2025-02-02,1789.2046212191583
B029,2025-02-03,1632.2287843845509
B029,2025-02-04,1628.5439900033386
B029,2025-02-05,1621.1083671591823
B029,2025-02-06,1618.8282535687435
B029,2025-02-07,1620.3040352303904
B029,2025-02-08,1751.9539551220594
B029,2025-02-09,1788.9700290723415
B029,2025-02-10,1564.6039288862626
B029,2025-02-11,1612.6815936096289
B029,2025-02-12,1559.17770933421
B029,2025-02-13,1615.8432604599645
B029,2025-02-14,1613.310208347571
B029,2025-02-15,1698.4015881792332
B029,2025-02-16,1737.7348801059031
B029,2025-02-17,1560.6270762749546
B029,2025-02-18,1628.7563402760236
B029,2025-02-19,1560.5215687655152
B029,2025-02-20,1561.5253804764202
B029,2025-02-21,1555.972672458658
B029,2025-02-22,1696.5454738649296
B029,2025-02-23,1771.7391741317717
B029,2025-02-24,1546.7098639408039
B029,2025-02-25,1538.7589160191405
B029,2025-02-26,1517.6494213196752
B029,2025-02-27,1530.977692354724
B029,2025-02-28,1545.7095041021832
B029,2025-03-01,1696.5995471725194
B029,2025-03-02,1730.96638104654
B029,2025-03-03,1484.7160405628433
B029,2025-03-04,1488.4106305699272
B029,2025-03-05,1482.1970275307365
B029,2025-03-06,1468.1607860615663
B029,2025-03-07,1488.3317775352466
B029,2025-03-08,1692.8212378568317
B029,2025-03-09,1700.9498821594357
B029,2025-03-10,1476.6853913746445
B029,2025-03-11,1446.2145575027505
B029,2025-03-12,1464.5284173951109
B029,2025-03-13,1427.3290152046536
B029,2025-03-14,1427.5914381673845
B029,2025-03-15,1649.2954520375224
B029,2025-03-16,1651.6300120884425
B029,2025-03-17,1427.4028533019673
B029,2025-03-18,1422.5581946434595
B029,2025-03-19,1421.6925101447894
B029,2025-03-20,1435.8423427611633
B029,2025-03-21,1428.02643592673
B029,2025-03-22,1594.8742096494755
B029,2025-03-23,1581.7210115757177
B029,2025-03-24,1416.9766091918877
B029,2025-03-25,1420.0590770653307
B029,2025-03-26,1419.1933925666608
B029,2025-03-27,1424.6986552913843
B029,2025-03-28,1422.0291395683537
B029,2025-03-29,1553.1393409488041
B029,2025-03-30,1479.7319049245923
B029,2025-03-31,1409.1241568748137
B030,2025-01-01,3544.7256472105855
B030,2025-01-02,3650.000086844302
B030,2025-01-03,3524.211494965471
B030,2025-01-04,2334.4339413703847
B030,2025-01-05,2299.04792694981
B030,2025-01-06,3672.488612650527
B030,2025-01-07,3598.719185781656
B030,2025-01-08,3422.9470975774234
B030,2025-01-09,3717.0258683008446
B030,2025-01-10,3527.557221509074
B030,2025-01-11,2328.9345180033474
B030,2025-01-12,2293.9098468693837
B030,2025-01-13,3667.653745637678
B030,2025-01-14,3654.533329989385
B030,2025-01-15,3561.169271519015
B030,2025-01-16,3626.8057259216353
B030,2025-01-17,3517.829049970819
B030,2025-01-18,2346.7195960709387
B030,2025-01-19,2298.901254504466
B030,2025-01-20,3711.058509923278
B030,2025-01-21,3661.763067217462
B030,2025-01-22,3504.894837464844
B030,2025-01-23,3693.216234097983
B030,2025-01-24,3508.966938795183
B030,2025-01-25,2330.5212951194017
B030,2025-01-26,2300.160700857801
B030,2025-01-27,3655.5113858909954
B030,2025-01-28,3656.7945294964247
B030,2025-01-29,3525.5429623927116
B030,2025-01-30,3626.6627282007858
B030,2025-01-31,3518.283138112887
B030,2025-02-01,2274.2375904705186
B030,2025-02-02,2277.8122068036014
B030,2025-02-03,3633.070064551084
B030,2025-02-04,3643.7899658562797
B030,2025-02-05,3620.413081552062
B030,2025-02-06,3623.582798423696
B030,2025-02-07,3577.085191606531
B030,2025-02-08,2276.3829985182783
B030,2025-02-09,2258.1372968178844
B030,2025-02-10,3612.1543181820934
B030,2025-02-11,3672.0184094631627
B030,2025-02-12,3538.519186588961
B030,2025-02-13,3646.0894113014306
B030,2025-02-14,3600.6364862809332
B030,2025-02-15,2247.6760807005307
B030,2025-02-16,2275.7335719559956
B030,2025-02-17,3619.7478970183056
B030,2025-02-18,3644.4502821954347
B030,2025-02-19,3560.1246305790723
B030,2025-02-20,3570.825189675424
B030,2025-02-21,3572.42717035649
B030,2025-02-22,2263.259347205496
B030,2025-02-23,2237.4325971970106
B030,2025-02-24,3239.2710754116833
B030,2025-02-25,3293.908827566661
B030,2025-02-26,3635.338157675206
B030,2025-02-27,3536.5331949413994
B030,2025-02-28,3456.307023011644
B030,2025-03-01,2244.3508804873045
B030,2025-03-02,2187.1215145968945
B030,2025-03-03,3350.4091324985784
B030,2025-03-04,3377.5759624939888
B030,2025-03-05,3328.75176779982
B030,2025-03-06,3532.8056399923166
B030,2025-03-07,3535.2776037299536
B030,2025-03-08,2188.636867964085
B030,2025-03-09,2180.0343224619137
B030,2025-03-10,3456.624682141202
B030,2025-03-11,3338.65606644012
B030,2025-03-12,3375.8292021560105
B030,2025-03-13,3389.1961095816073
B030,2025-03-14,3392.7609987784977
B030,2025-03-15,2170.087132171511
B030,2025-03-16,2164.7263181280264
B030,2025-03-17,3332.096750982619
B030,2025-03-18,3510.669375268603
B030,2025-03-19,3339.1135693391766
B030,2025-03-20,3400.3938959485004
B030,2025-03-21,3332.753213439031
B030,2025-03-22,2166.4854661744266
B030,2025-03-23,2226.112337427865
B030,2025-03-24,3310.0714397324396
B030,2025-03-25,3330.423570659064
B030,2025-03-26,3478.9690783827605
B030,2025-03-27,3769.599259521733
B030,2025-03-28,3475.383529618458
B030,2025-03-29,2192.464116017275
B030,2025-03-30,2227.497307586821
B030,2025-03-31,3637.8739259846893
B031,2025-01-01,3841.7240794800996
B031,2025-01-02,3846.646246598615
B031,2025-01-03,3841.9900849425876
B031,2025-01-04,3573.9430083092234
B031,2025-01-05,3667.7276110643365
B031,2025-01-06,3854.588948018607
B031,2025-01-07,3924.334147897065
B031,2025-01-08,3841.022551484057
B031,2025-01-09,3842.4161909391632
B031,2025-01-10,3854.225843653182
B031,2025-01-11,3861.913959652372
B031,2025-01-12,3653.305862010847
B031,2025-01-13,3868.894775753045
B031,2025-01-14,3871.493789606324
B031,2025-01-15,3849.6451530462778
B031,2025-01-16,3831.5282114161178
B031,2025-01-17,3926.5025480066065
B031,2025-01-18,3805.0964740207833
B031,2025-01-19,3806.646037905981
B031,2025-01-20,3914.530913938321
B031,2025-01-21,3941.3353955641383
B031,2025-01-22,4016.515495358078
B031,2025-01-23,4040.188462637259
B031,2025-01-24,3938.9748756285985
B031,2025-01-25,3835.3006738441486
B031,2025-01-26,3763.1947245393953
B031,2025-01-27,3951.55452664869
B031,2025-01-28,3983.4627251809857
B031,2025-01-29,3996.6677382153516
B031,2025-01-30,3931.8964159998704
B031,2025-01-31,3909.159998986074
B031,2025-02-01,3769.011884989488
B031,2025-02-02,3854.0938414956136
B031,2025-02-03,3985.3488716196343
B031,2025-02-04,3980.3590171483834
B031,2025-02-05,3994.8129775559037
B031,2025-02-06,3972.9458851804816
B031,2025-02-07,3992.819464257594
B031,2025-02-08,3870.6303127411725
B031,2025-02-09,3814.363581390519
B031,2025-02-10,3834.4240596651275
B031,2025-02-11,3962.049777189833
B031,2025-02-12,3937.430139347698
B031,2025-02-13,3980.83738981965
B031,2025-02-14,3981.4872379821795
B031,2025-02-15,3712.041865196528
B031,2025-02-16,3772.9487571405425
B031,2025-02-17,3861.7107330736426
B031,2025-02-18,3995.5952772572205
B031,2025-02-19,3928.6759967323237
B031,2025-02-20,3957.916040224352
B031,2025-02-21,3883.9776800877003
B031,2025-02-22,3682.8337472773255
B031,2025-02-23,3826.0308897017244
B031,2025-02-24,3851.956759660022
B031,2025-02-25,3855.678268586217
B031,2025-02-26,3839.130839839407
B031,2025-02-27,3773.8286001962238
B031,2025-02-28,3810.262848375456
B031,2025-03-01,3386.516460220197
B031,2025-03-02,3334.966080173818
B031,2025-03-03,3639.313207526951
B031,2025-03-04,3729.6054594169755
B031,2025-03-05,3730.433381922524
B031,2025-03-06,3691.7179706659745
B031,2025-03-07,3737.883273448963
B031,2025-03-08,3422.221738886867
B031,2025-03-09,3352.517182602366
B031,2025-03-10,3693.3628779624846
B031,2025-03-11,3610.5919545422344
B031,2025-03-12,3664.3523595662678
B031,2025-03-13,3577.94533499667
B031,2025-03-14,3578.2190941864696
B031,2025-03-15,3290.1919865285945
B031,2025-03-16,3252.6309335013566
B031,2025-03-17,3523.694754280534
B031,2025-03-18,3491.0941735380698
B031,2025-03-19,3469.6299662889387
B031,2025-03-20,3448.2844184770242
B031,2025-03-21,3425.8370675016504
B031,2025-03-22,3153.958148824284
B031,2025-03-23,3083.175833057075
B031,2025-03-24,3328.2805404785986
B031,2025-03-25,3336.27164526528
B031,2025-03-26,3294.2035213701542
B031,2025-03-27,3308.6923038966106
B031,2025-03-28,3337.5268970822945
B031,2025-03-29,2997.3506258895172
B031,2025-03-30,2889.951013848474
B031,2025-03-31,3205.3369611008866
B032,2025-01-01,2324.8190114528347
B032,2025-01-02,2327.419939071718
B032,2025-01-03,2307.927036811187
B032,2025-01-04,2575.1296315315094
B032,2025-01-05,2541.6645037958747
B032,2025-01-06,2357.995018392211
B032,2025-01-07,2372.7765378740078
B032,2025-01-08,2306.9436330730996
B032,2025-01-09,2355.2270600374477
B032,2025-01-10,2345.573295895668
B032,2025-01-11,2571.8945721510404
B032,2025-01-12,2572.2866391239113
B032,2025-01-13,2342.855702934796
B032,2025-01-14,2353.9514624817025
B032,2025-01-15,2347.2642052491738
B032,2025-01-16,2344.61425545316
B032,2025-01-17,2349.732873202205
B032,2025-01-18,2626.870020673006
B032,2025-01-19,2598.2503511523187
B032,2025-01-20,2360.062817443203
B032,2025-01-21,2357.956542743219
B032,2025-01-22,2350.8048131400064
B032,2025-01-23,2349.8322860411663
B032,2025-01-24,2356.1401330197928
B032,2025-01-25,2627.5807975875878
B032,2025-01-26,2616.261031277621
B032,2025-01-27,2362.634513092632
B032,2025-01-28,2361.0331320849295
B032,2025-01-29,2344.435206008007
B032,2025-01-30,2334.4818083132054
B032,2025-01-31,2359.6624087166883
B032,2025-02-01,2591.8430612308293
B032,2025-02-02,2545.9526242264615
B032,2025-02-03,2359.839826882939
B032,2025-02-04,2369.621529382238
B032,2025-02-05,2358.695056613811
B032,2025-02-06,2350.482670866522
B032,2025-02-07,2356.708485643202
B032,2025-02-08,2565.3761346149786
B032,2025-02-09,2584.0544843316907
B032,2025-02-10,2306.4382216170998
B032,2025-02-11,2324.7775366499172
B032,2025-02-12,2322.5170215803096
B032,2025-02-13,2349.271513415156
B032,2025-02-14,2310.0060844908717
B032,2025-02-15,2557.1094093226184
B032,2025-02-16,2539.306934117538
B032,2025-02-17,2344.5058737862555
B032,2025-02-18,2309.5651969401024
B032,2025-02-19,2336.801624947903
B032,2025-02-20,2332.5868763171056
B032,2025-02-21,2328.591683776913
B032,2025-02-22,2523.349987408603
B032,2025-02-23,2533.3325806686075
B032,2025-02-24,2311.0332543829263
B032,2025-02-25,2321.916720012372
B032,2025-02-26,2336.549366854058
B032,2025-02-27,2339.505216817259
B032,2025-02-28,2257.6707814820124
B032,2025-03-01,2536.2555135019434
B032,2025-03-02,2498.662341719436
B032,2025-03-03,2295.8593929317362
B032,2025-03-04,2294.596112174692
B032,2025-03-05,2298.8409783415404
B032,2025-03-06,2256.740031453726
B032,2025-03-07,2290.4605309650797
B032,2025-03-08,2491.917272639976
B032,2025-03-09,2465.176222201868
B032,2025-03-10,2291.9677526252026
B032,2025-03-11,2249.167819582978
B032,2025-03-12,2230.477510954805
B032,2025-03-13,2288.7976592933423
B032,2025-03-14,2279.9922574558304
B032,2025-03-15,2458.100606321344
B032,2025-03-16,2408.150087751348
B032,2025-03-17,2224.634010156391
B032,2025-03-18,2241.6671064211077
B032,2025-03-19,2245.600780750013
B032,2025-03-20,2283.1725821881705
B032,2025-03-21,2241.8531409526718
B032,2025-03-22,2438.655503426548
B032,2025-03-23,2358.8553107658063
B032,2025-03-24,2213.749991097925
B032,2025-03-25,2202.5180379761728
B032,2025-03-26,2178.2053927959
B032,2025-03-27,2165.085603406521
B032,2025-03-28,2188.9864709884073
B032,2025-03-29,2301.564427279401
B032,2025-03-30,2314.4608678779455
B032,2025-03-31,2043.909400693508
B033,2025-01-01,2343.1574378475793
B033,2025-01-02,2342.823803697199
B033,2025-01-03,2336.79709067135
B033,2025-01-04,1541.2980732499861
B033,2025-01-05,1483.8326653834322
B033,2025-01-06,2337.6964474876117
B033,2025-01-07,2361.1024700680973
B033,2025-01-08,2356.8976023051296
B033,2025-01-09,2353.3019677921975
B033,2025-01-10,2367.9097650491703
B033,2025-01-11,1550.4215801475927
B033,2025-01-12,1496.585702323103
B033,2025-01-13,2354.281514014105
B033,2025-01-14,2377.1117296454486
B033,2025-01-15,2363.0655505423256
B033,2025-01-16,2394.528604235833
B033,2025-01-17,2361.875315369685
B033,2025-01-18,1548.3076408827976
B033,2025-01-19,1502.2602058597204
B033,2025-01-20,2360.3664119337145
B033,2025-01-21,2338.466420919241
B033,2025-01-22,2359.0566836207154
B033,2025-01-23,2336.2263877921964
B033,2025-01-24,2367.5790565557177
B033,2025-01-25,1536.455446498892
B033,2025-01-26,1493.7536242569527
B033,2025-01-27,2353.2761881253596
B033,2025-01-28,2361.626168992082
B033,2025-01-29,2357.4243526999758
B033,2025-01-30,2370.2827013528154
B033,2025-01-31,2334.9940863066613
B033,2025-02-01,1547.957942926966
B033,2025-02-02,1466.7632816251921
B033,2025-02-03,2414.4843509825723
B033,2025-02-04,2337.244856570746
B033,2025-02-05,2373.92693450283
B033,2025-02-06,2333.709232305468
B033,2025-02-07,2349.6804921430785
B033,2025-02-08,1538.3427175573115
B033,2025-02-09,1480.861464202954
B033,2025-02-10,2383.1081718609275
B033,2025-02-11,2368.6687053436985
B033,2025-02-12,2356.0744353725404
B033,2025-02-13,2351.5188704249495
B033,2025-02-14,2348.492052368989
B033,2025-02-15,1539.3907258631505
B033,2025-02-16,1477.8627081968227
B033,2025-02-17,2387.8912590408654
B033,2025-02-18,2360.803341850328
B033,2025-02-19,2366.768239243208
B033,2025-02-20,2331.146584623812
B033,2025-02-21,2337.28974765966
B033,2025-02-22,1537.8829680252984
B033,2025-02-23,1479.8963843500364
B033,2025-02-24,2379.8084265915454
B033,2025-02-25,2327.190056905715
B033,2025-02-26,2347.3520642161006
B033,2025-02-27,2316.5108412081186
B033,2025-02-28,2314.928333434596
B033,2025-03-01,1503.4308522613114
B033,2025-03-02,1472.2814456583521
B033,2025-03-03,2304.8183088847086
B033,2025-03-04,2251.0774902388926
B033,2025-03-05,2238.8970541776166
B033,2025-03-06,2261.330871998578
B033,2025-03-07,2242.0969108329136
B033,2025-03-08,1495.0522890157715
B033,2025-03-09,1459.3069681337975
B033,2025-03-10,2242.82595646103
B033,2025-03-11,2237.4839726245273
B033,2025-03-12,2236.6430829352794
B033,2025-03-13,2255.1688760333973
B033,2025-03-14,2234.8932152687285
B033,2025-03-15,1476.870108623508
B033,2025-03-16,1446.7935034190646
B033,2025-03-17,2236.277003838588
B033,2025-03-18,2227.3320411114946
B033,2025-03-19,2221.216742978202
B033,2025-03-20,2244.7375119174544
B033,2025-03-21,2236.2178184668624
B033,2025-03-22,1467.971819910915
B033,2025-03-23,1440.8152810728957
B033,2025-03-24,2226.2209235099003
B033,2025-03-25,2223.904418916042
B033,2025-03-26,2221.0631400823304
B033,2025-03-27,2241.0567709978723
B033,2025-03-28,2218.287657575997
B033,2025-03-29,1459.2654961476906
B033,2025-03-30,1435.619167140049
B033,2025-03-31,2221.1334224486404
B034,2025-01-01,7517.792113692359
B034,2025-01-02,7531.74593644183
B034,2025-01-03,7503.7743175157775
B034,2025-01-04,4989.078457997547
B034,2025-01-05,5019.927680569923
B034,2025-01-06,7587.183616972298
B034,2025-01-07,7931.14782528928
B034,2025-01-08,7599.427646719054
B034,2025-01-09,7797.251379598964
B034,2025-01-10,7782.513125542723
B034,2025-01-11,5057.8040851694395
B034,2025-01-12,5001.513384191013
B034,2025-01-13,7691.615756186465
B034,2025-01-14,7709.757109996608
B034,2025-01-15,7596.260624510293
B034,2025-01-16,7554.511196824328
B034,2025-01-17,7922.854301490109
B034,2025-01-18,5049.964149813462
B034,2025-01-19,5082.978853804249
B034,2025-01-20,7537.04014042434
B034,2025-01-21,7832.972162011653
B034,2025-01-22,7897.077722627355
B034,2025-01-23,7807.640799796473
B034,2025-01-24,7591.3916492742255
B034,2025-01-25,5055.705995193551
B034,2025-01-26,5016.19919795677
B034,2025-01-27,7567.117966740567
B034,2025-01-28,7740.173261772561
B034,2025-01-29,7761.446730644264
B034,2025-01-30,7620.11456746422
B034,2025-01-31,7580.652570729115
B034,2025-02-01,4985.635449625928
B034,2025-02-02,4999.648805495253
B034,2025-02-03,7825.093097228474
B034,2025-02-04,7794.739067438215
B034,2025-02-05,7741.843006820135
B034,2025-02-06,7700.041135376422
B034,2025-02-07,7678.801823599371
B034,2025-02-08,5031.6888654945915
B034,2025-02-09,4983.866536408018
B034,2025-02-10,7576.471620590593
B034,2025-02-11,7634.342441692196
B034,2025-02-12,7584.845675610111
B034,2025-02-13,7684.060828361764
B034,2025-02-14,7624.619873225494
B034,2025-02-15,4917.558005722401
B034,2025-02-16,4979.967217608144
B034,2025-02-17,7596.762033517773
B034,2025-02-18,7831.245421511744
B034,2025-02-19,7571.737417932058
B034,2025-02-20,7567.245000830586
B034,2025-02-21,7595.28973366402
B034,2025-02-22,4905.338182781998
B034,2025-02-23,5001.148637559266
B034,2025-02-24,7389.669152899267
B034,2025-02-25,7383.000991042806
B034,2025-02-26,7274.491902747072
B034,2025-02-27,7494.2002099671945
B034,2025-02-28,7529.39359272009
B034,2025-03-01,4791.980178323488
B034,2025-03-02,4783.312124500418
B034,2025-03-03,7182.846108003529
B034,2025-03-04,7327.329035134424
B034,2025-03-05,7311.5520416966865
B034,2025-03-06,7213.058451606856
B034,2025-03-07,7354.338786525649
B034,2025-03-08,4855.841196761817
B034,2025-03-09,4636.993735653665
B034,2025-03-10,7281.571118954971
B034,2025-03-11,7113.426857500128
B034,2025-03-12,7222.811361581156
B034,2025-03-13,6965.584542448373
B034,2025-03-14,7030.254027357453
B034,2025-03-15,4610.415467178084
B034,2025-03-16,4524.1502181365995
B034,2025-03-17,6853.11879031584
B034,2025-03-18,6896.751593752464
B034,2025-03-19,6901.0422285661
B034,2025-03-20,6831.238268835116
B034,2025-03-21,6866.4778819378525
B034,2025-03-22,4398.152802063659
B034,2025-03-23,4329.058676839212
B034,2025-03-24,6576.966991096474
B034,2025-03-25,6779.871200538587
B034,2025-03-26,6792.563090639056
B034,2025-03-27,6775.894684260248
B034,2025-03-28,6823.927318991408
B034,2025-03-29,4296.159155240236
B034,2025-03-30,4111.596332998386
B034,2025-03-31,6418.767751028357
B035,2025-01-01,2320.485134110868
B035,2025-01-02,2315.234497691693
B035,2025-01-03,2330.6785051866
B035,2025-01-04,1484.6850948740657
B035,2025-01-05,1471.078667594224
B035,2025-01-06,2339.1707470958154
B035,2025-01-07,2350.0528065245117
B035,2025-01-08,2328.3505257717293
B035,2025-01-09,2326.9413553109644
B035,2025-01-10,2352.7111182327462
B035,2025-01-11,1499.4173836611246
B035,2025-01-12,1475.1553437860057
B035,2025-01-13,2366.7091449458057
B035,2025-01-14,2357.8404290769995
B035,2025-01-15,2345.0068230121146
B035,2025-01-16,2360.0682483337187
B035,2025-01-17,2356.2460349036446
B035,2025-01-18,1491.091202438759
B035,2025-01-19,1480.898612308767
B035,2025-01-20,2372.7800280745914
B035,2025-01-21,2345.1279202348733
B035,2025-01-22,2345.0229933419564
B035,2025-01-23,2318.579002397574
B035,2025-01-24,2348.533574802155
B035,2025-01-25,1482.5180918535052
B035,2025-01-26,1476.0684776982018
B035,2025-01-27,2350.894566681141
B035,2025-01-28,2365.209805273786
B035,2025-01-29,2335.2849712740262
B035,2025-01-30,2352.94626094531
B035,2025-01-31,2316.3090053651176
B035,2025-02-01,1488.8923175106797
B035,2025-02-02,1460.664331249164
B035,2025-02-03,2356.7124476359663
B035,2025-02-04,2334.694277961889
B035,2025-02-05,2335.357914972444
B035,2025-02-06,2284.453934443351
B035,2025-02-07,2290.720034749286
B035,2025-02-08,1473.3855420347757
B035,2025-02-09,1474.6524945825474
B035,2025-02-10,2322.840454749469
B035,2025-02-11,2343.883350744921
B035,2025-02-12,2295.6093333418157
B035,2025-02-13,2295.4423996532587
B035,2025-02-14,2290.5260877339074
B035,2025-02-15,1472.5280791300986
B035,2025-02-16,1472.7064633919522
B035,2025-02-17,2340.9281159011202
B035,2025-02-18,2327.6887122089665
B035,2025-02-19,2303.298728391214
B035,2025-02-20,2254.323971972238
B035,2025-02-21,2266.3252038179103
B035,2025-02-22,1470.1883348489416
B035,2025-02-23,1472.8860472640079
B035,2025-02-24,2311.7652008723508
B035,2025-02-25,2235.511262966395
B035,2025-02-26,2275.076795737559
B035,2025-02-27,2223.09667566485
B035,2025-02-28,2237.8008168448455
B035,2025-03-01,1463.5887965555082
B035,2025-03-02,1465.945668053722
B035,2025-03-03,2229.302375711281
B035,2025-03-04,2210.3772476031395
B035,2025-03-05,2194.3379723237026
B035,2025-03-06,2207.732669649818
B035,2025-03-07,2202.160448067077
B035,2025-03-08,1443.9799771764929
B035,2025-03-09,1435.5181293809424
B035,2025-03-10,2195.648741912357
B035,2025-03-11,2210.369688035663
B035,2025-03-12,2194.285279707575
B035,2025-03-13,2194.6441509919314
B035,2025-03-14,2154.15771966155
B035,2025-03-15,1410.617484903803
B035,2025-03-16,1412.3219968513652
B035,2025-03-17,2180.5890838046894
B035,2025-03-18,2115.8817920045494
B035,2025-03-19,2099.335313656319
B035,2025-03-20,2127.915167074111
B035,2025-03-21,2114.824065958868
B035,2025-03-22,1401.33094296911
B035,2025-03-23,1396.8568649447473
B035,2025-03-24,2078.4357658639788
B035,2025-03-25,2063.8548521669873
B035,2025-03-26,2070.3640073581532
B035,2025-03-27,2091.7559343844205
B035,2025-03-28,2022.1414593879829
B035,2025-03-29,1328.4748142244225
B035,2025-03-30,1391.690612206379
B035,2025-03-31,2066.7257690061415
B036,2025-01-01,1992.9528502225426
B036,2025-01-02,1985.500039205683
B036,2025-01-03,1992.9647441271995
B036,2025-01-04,1221.275395263221
B036,2025-01-05,1243.3098545691205
B036,2025-01-06,1999.761509131627
B036,2025-01-07,1997.501632624466
B036,2025-01-08,2016.9568282833943
B036,2025-01-09,2003.0338015791497
B036,2025-01-10,2028.3371323496315
B036,2025-01-11,1260.0166453451661
B036,2025-01-12,1261.4378310837262
B036,2025-01-13,2015.4871931411853
B036,2025-01-14,2020.9510038968247
B036,2025-01-15,1988.9244741957998
B036,2025-01-16,2019.5702618593725
B036,2025-01-17,2032.8447804511127
B036,2025-01-18,1269.626224979249
B036,2025-01-19,1236.636183674802
B036,2025-01-20,2008.7592365516784
B036,2025-01-21,2009.9308871851272
B036,2025-01-22,2033.268087856064
B036,2025-01-23,2016.16770723841
B036,2025-01-24,2036.201405802725
B036,2025-01-25,1305.7087647453893
B036,2025-01-26,1272.4519193032725
B036,2025-01-27,2040.8464755182308
B036,2025-01-28,2016.925086862395
B036,2025-01-29,2000.2465520100343
B036,2025-01-30,2006.1453871111999
B036,2025-01-31,2053.047719437088
B036,2025-02-01,1278.4759066917513
B036,2025-02-02,1311.1727322655343
B036,2025-02-03,2033.4744575446468
B036,2025-02-04,2044.3174422480029
B036,2025-02-05,2100.663561882376
B036,2025-02-06,2108.86014774025
B036,2025-02-07,2031.0070131649416
B036,2025-02-08,1302.5576955995525
B036,2025-02-09,1295.9406263149472
B036,2025-02-10,2044.6144963053785
B036,2025-02-11,1999.4137205748418
B036,2025-02-12,2007.0769979687122
B036,2025-02-13,1998.4805690444898
B036,2025-02-14,2002.9834709406668
B036,2025-02-15,1270.2032172667869
B036,2025-02-16,1276.0909769072532
B036,2025-02-17,1948.996960008149
B036,2025-02-18,1957.6176442582346
B036,2025-02-19,1973.9617894871233
B036,2025-02-20,1974.5639285705172
B036,2025-02-21,1941.0539167746713
B036,2025-02-22,1269.4207892366994
B036,2025-02-23,1227.341849769445
B036,2025-02-24,2001.1004380192298
B036,2025-02-25,1966.6845919620991
B036,2025-02-26,1973.5396651279025
B036,2025-02-27,2001.947084689927
B036,2025-02-28,1945.0911412423943
B036,2025-03-01,1225.999466058504
B036,2025-03-02,1267.5670091925629
B036,2025-03-03,1963.4995851979756
B036,2025-03-04,1930.683481216045
B036,2025-03-05,1918.3143942720228
B036,2025-03-06,1950.0864837782885
B036,2025-03-07,1933.7005268073435
B036,2025-03-08,1216.2756068556887
B036,2025-03-09,1219.9994770898027
B036,2025-03-10,1895.1175903105645
B036,2025-03-11,1928.6927903867668
B036,2025-03-12,1901.5277737231618
B036,2025-03-13,1893.8477059230363
B036,2025-03-14,1892.7088038708846
B036,2025-03-15,1211.4933097021956
B036,2025-03-16,1172.6593599685327
B036,2025-03-17,1891.3206285521944
B036,2025-03-18,1895.7619934264399
B036,2025-03-19,1904.3183049898714
B036,2025-03-20,1885.5488697046396
B036,2025-03-21,1883.4042279318196
B036,2025-03-22,1184.677301344369
B036,2025-03-23,1164.5588184078927
B036,2025-03-24,1891.0698227257362
B036,2025-03-25,1888.0980847501214
B036,2025-03-26,1826.186983609305
B036,2025-03-27,1890.4466422529754
B036,2025-03-28,1884.3052813692846
B036,2025-03-29,1173.2917279329188
B036,2025-03-30,1165.4598978340596
B036,2025-03-31,1890.1338615535385
B037,2025-01-01,6316.303571449685
B037,2025-01-02,6415.7026464045175
B037,2025-01-03,6313.152527554627
B037,2025-01-04,4061.368747786606
B037,2025-01-05,4131.369472747459
B037,2025-01-06,6405.725064364508
B037,2025-01-07,6311.459427123291
B037,2025-01-08,6319.322997647135
B037,2025-01-09,6454.689552619839
B037,2025-01-10,6348.196082340673
B037,2025-01-11,4074.3475115804813
B037,2025-01-12,4071.692348567241
B037,2025-01-13,6387.4987514139375
B037,2025-01-14,6318.450119267477
B037,2025-01-15,6339.110716420741
B037,2025-01-16,6394.162004787096
B037,2025-01-17,6300.3147071499225
B037,2025-01-18,4045.809405062306
B037,2025-01-19,4061.06408750934
B037,2025-01-20,6372.115345695828
B037,2025-01-21,6317.164641964913
B037,2025-01-22,6325.875940088922
B037,2025-01-23,6410.648261801106
B037,2025-01-24,6286.471715538946
B037,2025-01-25,4033.3901305331465
B037,2025-01-26,4047.2154439604133
B037,2025-01-27,6371.548149425478
B037,2025-01-28,6320.975566741699
B037,2025-01-29,6342.494449831853
B037,2025-01-30,6384.075786834479
B037,2025-01-31,6294.542091120758
B037,2025-02-01,4085.7684191050084
B037,2025-02-02,4057.0575422230213
B037,2025-02-03,6420.832833091525
B037,2025-02-04,6432.533478067792
B037,2025-02-05,6442.616058404647
B037,2025-02-06,6420.769243606823
B037,2025-02-07,6448.283049228736
B037,2025-02-08,4109.959316501766
B037,2025-02-09,4022.4355371487886
B037,2025-02-10,6406.198199612816
B037,2025-02-11,6440.675516564586
B037,2025-02-12,6268.731487255046
B037,2025-02-13,6456.670699848366
B037,2025-02-14,6452.84849499421
B037,2025-02-15,4068.8962721622734
B037,2025-02-16,4017.5042353399226
B037,2025-02-17,6407.068445348925
B037,2025-02-18,6427.394303717758
B037,2025-02-19,6323.797806488588
B037,2025-02-20,6284.972267406489
B037,2025-02-21,6444.499195185386
B037,2025-02-22,4058.766489603443
B037,2025-02-23,3991.4398785443586
B037,2025-02-24,6228.265824589234
B037,2025-02-25,6248.681545422741
B037,2025-02-26,6432.308301628448
B037,2025-02-27,6224.165198367306
B037,2025-02-28,6305.315812450957
B037,2025-03-01,4001.141807168278
B037,2025-03-02,3978.230075762869
B037,2025-03-03,6122.526541577628
B037,2025-03-04,6213.985901398978
B037,2025-03-05,6144.953345497846
B037,2025-03-06,6219.158207387681
B037,2025-03-07,6250.5065214234055
B037,2025-03-08,3938.0366794913675
B037,2025-03-09,3925.313631802514
B037,2025-03-10,6072.415682664332
B037,2025-03-11,6142.3214696883815
B037,2025-03-12,6050.607362253239
B037,2025-03-13,6104.036850707897
B037,2025-03-14,6090.356684472234
B037,2025-03-15,3883.3495456087794
B037,2025-03-16,3878.535158881984
B037,2025-03-17,5981.229057456391
B037,2025-03-18,6034.397352478392
B037,2025-03-19,5999.5590321175705
B037,2025-03-20,6095.354661746784
B037,2025-03-21,6114.943620045657
B037,2025-03-22,3856.5067775875273
B037,2025-03-23,3848.2285258010434
B037,2025-03-24,6129.776937467615
B037,2025-03-25,6027.754550197566
B037,2025-03-26,6156.429068923328
B037,2025-03-27,6196.896032483969
B037,2025-03-28,6145.709845560682
B037,2025-03-29,3873.888848409307
B037,2025-03-30,3860.656510843311
B037,2025-03-31,6266.499194541022
B038,2025-01-01,2489.2457025195727
B038,2025-01-02,2457.010959347851
B038,2025-01-03,2436.905726494644
B038,2025-01-04,1515.4120538423258
B038,2025-01-05,1571.3968738853137
B038,2025-01-06,2490.5231599377153
B038,2025-01-07,2510.2936132879568
B038,2025-01-08,2479.4523423215796
B038,2025-01-09,2471.027285048598
B038,2025-01-10,2471.7556939930337
B038,2025-01-11,1514.6154073597793
B038,2025-01-12,1512.3273285053258
B038,2025-01-13,2494.9965411529247
B038,2025-01-14,2503.985871889806
B038,2025-01-15,2476.14344977342
B038,2025-01-16,2465.2683241128757
B038,2025-01-17,2484.0265410685697
B038,2025-01-18,1515.7891221383147
B038,2025-01-19,1516.5066253085115
B038,2025-01-20,2486.658814583258
B038,2025-01-21,2501.6746087051242
B038,2025-01-22,2498.548983708435
B038,2025-01-23,2493.8080500210267
B038,2025-01-24,2454.3917289553365
B038,2025-01-25,1512.771037565674
B038,2025-01-26,1515.0981895487616
B038,2025-01-27,2489.6815823196066
B038,2025-01-28,2504.2391847506865
B038,2025-01-29,2487.965644098897
B038,2025-01-30,2465.910374193998
B038,2025-01-31,2448.091875024741
B038,2025-02-01,1505.6361714091388
B038,2025-02-02,1517.7362506245472
B038,2025-02-03,2467.9641901453406
B038,2025-02-04,2467.363097846594
B038,2025-02-05,2485.3931305570663
B038,2025-02-06,2459.6274913023385
B038,2025-02-07,2482.7485705759887
B038,2025-02-08,1507.4711128571691
B038,2025-02-09,1513.921451992186
B038,2025-02-10,2440.2560841772497
B038,2025-02-11,2449.677599984102
B038,2025-02-12,2474.722943503461
B038,2025-02-13,2456.941698329365
B038,2025-02-14,2475.8593845532037
B038,2025-02-15,1504.661241335335
B038,2025-02-16,1515.3324756842483
B038,2025-02-17,2436.229632512414
B038,2025-02-18,2456.4388718812565
B038,2025-02-19,2465.946136883307
B038,2025-02-20,2443.2234973366876
B038,2025-02-21,2461.4577403024537
B038,2025-02-22,1507.998560672583
B038,2025-02-23,1515.2625117098892
B038,2025-02-24,2427.029282806243
B038,2025-02-25,2424.68154508416
B038,2025-02-26,2463.293201470181
B038,2025-02-27,2432.884445978243
B038,2025-02-28,2467.23470507021
B038,2025-03-01,1502.4746867735184
B038,2025-03-02,1504.2497800193448
B038,2025-03-03,2411.7709496908983
B038,2025-03-04,2405.703707315524
B038,2025-03-05,2458.0791109285215
B038,2025-03-06,2415.3302312317464
B038,2025-03-07,2415.4280972252127
B038,2025-03-08,1490.1742153878843
B038,2025-03-09,1482.596560637217
B038,2025-03-10,2400.386024822137
B038,2025-03-11,2409.1823566017442
B038,2025-03-12,2457.9209204321464
B038,2025-03-13,2409.187105701934
B038,2025-03-14,2415.7927870750714
B038,2025-03-15,1480.1160875458738
B038,2025-03-16,1481.4190852981496
B038,2025-03-17,2393.687646255041
B038,2025-03-18,2397.473818778074
B038,2025-03-19,2454.781537197187
B038,2025-03-20,2411.7171592484574
B038,2025-03-21,2414.5414273274064
B038,2025-03-22,1477.7876521906894
B038,2025-03-23,1475.0772162953685
B038,2025-03-24,2392.219586483748
B038,2025-03-25,2395.4110937091164
B038,2025-03-26,2456.9947926130217
B038,2025-03-27,2408.863783792285
B038,2025-03-28,2412.0412050978416
B038,2025-03-29,1474.079496414156
B038,2025-03-30,1449.7996944745191
B038,2025-03-31,2390.860279140792
B039,2025-01-01,1599.208375882958
B039,2025-01-02,1616.524365271768
B039,2025-01-03,1557.1649749613903
B039,2025-01-04,1025.545002504876
B039,2025-01-05,981.9281289775338
B039,2025-01-06,1632.9102175383166
B039,2025-01-07,1605.8762143870126
B039,2025-01-08,1575.7020721099811
B039,2025-01-09,1638.2422316726036
B039,2025-01-10,1620.7242324353665
B039,2025-01-11,999.5606491174238
B039,2025-01-12,993.3397459185147
B039,2025-01-13,1621.5612933955385
B039,2025-01-14,1613.099177323911
B039,2025-01-15,1620.9596859627554
B039,2025-01-16,1628.7062613432229
B039,2025-01-17,1626.2910425076032
B039,2025-01-18,1046.6137876856392
B039,2025-01-19,1017.8344945208304
B039,2025-01-20,1637.608253337917
B039,2025-01-21,1606.0987662359005
B039,2025-01-22,1617.1692805550085
B039,2025-01-23,1627.7645247707221
B039,2025-01-24,1624.6456490777198
B039,2025-01-25,1053.4732701535224
B039,2025-01-26,1072.7037282671024
B039,2025-01-27,1644.6676116687854
B039,2025-01-28,1617.1045342652253
B039,2025-01-29,1610.153485525075
B039,2025-01-30,1603.36679550519
B039,2025-01-31,1626.5971215057837
B039,2025-02-01,1056.4061225331868
B039,2025-02-02,1050.1179970022204
B039,2025-02-03,1658.163073394162
B039,2025-02-04,1627.7853960975124
B039,2025-02-05,1645.0638630305184
B039,2025-02-06,1618.0931621293264
B039,2025-02-07,1636.7375172187649
B039,2025-02-08,1039.2339921803662
B039,2025-02-09,1057.6387934262384
B039,2025-02-10,1616.042912816847
B039,2025-02-11,1574.9251078310917
B039,2025-02-12,1606.0739631930126
B039,2025-02-13,1616.6516339256364
B039,2025-02-14,1576.7490881763542
B039,2025-02-15,1040.9712558171836
B039,2025-02-16,1033.3948832932756
B039,2025-02-17,1651.1438176036295
B039,2025-02-18,1564.3101293243994
B039,2025-02-19,1623.772765197382
B039,2025-02-20,1603.0991267179575
B039,2025-02-21,1608.3581511406435
B039,2025-02-22,1033.9027446472082
B039,2025-02-23,1030.3662921916118
B039,2025-02-24,1617.5805283388056
B039,2025-02-25,1590.1146043302451
B039,2025-02-26,1626.6530303247816
B039,2025-02-27,1625.0520402985467
B039,2025-02-28,1572.7065651638122
B039,2025-03-01,1026.8739058867304
B039,2025-03-02,1028.5647559413935
B039,2025-03-03,1535.5165465557466
B039,2025-03-04,1564.7058836988165
B039,2025-03-05,1577.8731830262318
B039,2025-03-06,1544.2164308299493
B039,2025-03-07,1586.6072706992104
B039,2025-03-08,1015.0347449652858
B039,2025-03-09,991.6698355947284
B039,2025-03-10,1529.3784701228305
B039,2025-03-11,1536.1508173165034
B039,2025-03-12,1541.1013151284947
B039,2025-03-13,1529.721267918568
B039,2025-03-14,1567.8628727084897
B039,2025-03-15,1361.2793719469003
B039,2025-03-16,956.1932100855458
B039,2025-03-17,1525.6324781125013
B039,2025-03-18,1557.7731145594307
B039,2025-03-19,1586.9565301284952
B039,2025-03-20,1548.0313502102042
B039,2025-03-21,1630.7594153501614
B039,2025-03-22,1170.7502074030597
B039,2025-03-23,926.0647294193649
B039,2025-03-24,1524.9656500517892
B039,2025-03-25,1537.9366143259679
B039,2025-03-26,1562.1976853878334
B039,2025-03-27,1525.1556549121751
B039,2025-03-28,1589.8044012543999
B039,2025-03-29,1089.8361955375074
B039,2025-03-30,932.05175542594
B039,2025-03-31,1471.5883956533996
B040,2025-01-01,2929.050311790845
B040,2025-01-02,2884.5883674357638
B040,2025-01-03,2902.6233945480762
B040,2025-01-04,2423.6282789107468
B040,2025-01-05,2829.4436052892047
B040,2025-01-06,2892.1815436057896
B040,2025-01-07,2913.1947568576825
B040,2025-01-08,3023.7934379600256
B040,2025-01-09,2828.005778367236
B040,2025-01-10,3030.1758940729783
B040,2025-01-11,2553.762217686224
B040,2025-01-12,2688.248899276019
B040,2025-01-13,2891.379635922669
B040,2025-01-14,2913.806587215719
B040,2025-01-15,2812.2196026330557
B040,2025-01-16,2903.1346066811384
B040,2025-01-17,3019.428984329348
B040,2025-01-18,2574.1052486798976
B040,2025-01-19,2574.645764882976
B040,2025-01-20,2849.320807424563
B040,2025-01-21,2849.2506988059017
B040,2025-01-22,2965.854763874472
B040,2025-01-23,2849.128407710696
B040,2025-01-24,3017.913926838014
B040,2025-01-25,2598.5774998720535
B040,2025-01-26,2565.0733250286926
B040,2025-01-27,2853.6177085965423
B040,2025-01-28,2826.6874425472793
B040,2025-01-29,2779.230245620264
B040,2025-01-30,2811.9430947197397
B040,2025-01-31,2997.393039941732
B040,2025-02-01,2587.977278861841
B040,2025-02-02,2585.6555536792744
B040,2025-02-03,2834.1994359966875
B040,2025-02-04,2857.0722072738367
B040,2025-02-05,2897.6470322312643
B040,2025-02-06,2964.52247765399
B040,2025-02-07,2811.3807244222426
B040,2025-02-08,2564.019098663773
B040,2025-02-09,2580.9452829900615
B040,2025-02-10,2832.24084167459
B040,2025-02-11,2707.797085321795
B040,2025-02-12,2808.5760072664943
B040,2025-02-13,2769.529774422399
B040,2025-02-14,2825.106588595442
B040,2025-02-15,2553.8326865532213
B040,2025-02-16,2559.4036704285118
B040,2025-02-17,2691.449553288684
B040,2025-02-18,2771.7439739726424
B040,2025-02-19,2810.9385576481914
B040,2025-02-20,2810.9208352274813
B040,2025-02-21,2703.0530740186227
B040,2025-02-22,2533.052275013829
B040,2025-02-23,2405.1033581474417
B040,2025-02-24,2845.131440308913
B040,2025-02-25,2803.887992991106
B040,2025-02-26,2824.9827259327435
B040,2025-02-27,2839.4796169898764
B040,2025-02-28,2771.82909389143
B040,2025-03-01,2376.5561574532676
B040,2025-03-02,2501.914953328768
B040,2025-03-03,2778.0606219990145
B040,2025-03-04,2729.0209071623235
B040,2025-03-05,2673.7475811438762
B040,2025-03-06,2759.162740129046
B040,2025-03-07,2737.574703915091
B040,2025-03-08,2389.639995144532
B040,2025-03-09,2528.090258864677
B040,2025-03-10,2656.5907845857996
B040,2025-03-11,2743.6896260706258
B040,2025-03-12,2656.996167499609
B040,2025-03-13,2627.7541159847674
B040,2025-03-14,2631.9787414001253
B040,2025-03-15,2357.8105036569546
B040,2025-03-16,2345.941849939037
B040,2025-03-17,2624.365078921971
B040,2025-03-18,2650.471816720569
B040,2025-03-19,2689.510725504011
B040,2025-03-20,2580.627119720489
B040,2025-03-21,2559.0788846206356
B040,2025-03-22,2264.4942994777125
B040,2025-03-23,2313.889502096242
B040,2025-03-24,2604.420651824452
B040,2025-03-25,2538.782639666804
B040,2025-03-26,2513.656819985572
B040,2025-03-27,2594.9511654412713
B040,2025-03-28,2563.873992471635
B040,2025-03-29,2178.1169283709924
B040,2025-03-30,2383.7697489667103
B040,2025-03-31,2593.969729183598
B041,2025-01-01,2580.618678304579
B041,2025-01-02,2623.4882373108167
B041,2025-01-03,2585.4293752650433
B041,2025-01-04,2347.003509029831
B041,2025-01-05,2431.528610170729
B041,2025-01-06,2660.563133613132
B041,2025-01-07,2906.8742534165567
B041,2025-01-08,2697.234126866542
B041,2025-01-09,2765.6033711792493
B041,2025-01-10,2860.6222031169086
B041,2025-01-11,2499.4858267853206
B041,2025-01-12,2397.592348607325
B041,2025-01-13,2744.5291529682568
B041,2025-01-14,2884.3607427927195
B041,2025-01-15,2718.425875811403
B041,2025-01-16,2727.521267209352
B041,2025-01-17,2915.2029971943707
B041,2025-01-18,2535.869636184111
B041,2025-01-19,2469.150282567416
B041,2025-01-20,2753.5707438208374
B041,2025-01-21,2865.8042170169183
B041,2025-01-22,2962.9173663047513
B041,2025-01-23,2970.1682189577473
B041,2025-01-24,2655.6262154244596
B041,2025-01-25,2604.2922092491267
B041,2025-01-26,2510.833048394424
B041,2025-01-27,2734.0403202047983
B041,2025-01-28,2848.5852629492897
B041,2025-01-29,2699.4806806181314
B041,2025-01-30,2674.0937343418145
B041,2025-01-31,2763.119268961868
B041,2025-02-01,2439.902640784165
B041,2025-02-02,2560.4690132039027
B041,2025-02-03,2875.6418474352286
B041,2025-02-04,2835.1353381881727
B041,2025-02-05,2723.455578129716
B041,2025-02-06,2735.9818813204874
B041,2025-02-07,2719.2027321597307
B041,2025-02-08,2439.9873544993156
B041,2025-02-09,2511.86024783664
B041,2025-02-10,2675.3156052440686
B041,2025-02-11,2688.0816491347296
B041,2025-02-12,2695.938091757475
B041,2025-02-13,2703.723872748529
B041,2025-02-14,2694.8557967889474
B041,2025-02-15,2334.120780740832
B041,2025-02-16,2435.8567740193243
B041,2025-02-17,2687.942507637866
B041,2025-02-18,2769.9602677820803
B041,2025-02-19,2684.5254026838543
B041,2025-02-20,2700.2209704541106
B041,2025-02-21,2664.2602416056843
B041,2025-02-22,2310.815035402575
B041,2025-02-23,2447.32204278276
B041,2025-02-24,2665.2368056079977
B041,2025-02-25,2657.6391717839592
B041,2025-02-26,2627.830569755494
B041,2025-02-27,2640.969776789489
B041,2025-02-28,2649.8790461744343
B041,2025-03-01,2223.627441260143
B041,2025-03-02,2242.1708726135826
B041,2025-03-03,2521.777571543118
B041,2025-03-04,2471.41073193909
B041,2025-03-05,2445.7393136117817
B041,2025-03-06,2423.961226284492
B041,2025-03-07,2409.6294662544765
B041,2025-03-08,2141.5939011531295
B041,2025-03-09,2068.3188150487335
B041,2025-03-10,2388.7598485978788
B041,2025-03-11,2368.235157805747
B041,2025-03-12,2375.0239543198422
B041,2025-03-13,2341.938571647758
B041,2025-03-14,2349.9132534829255
B041,2025-03-15,2078.5332993621046
B041,2025-03-16,2062.990791563094
B041,2025-03-17,2321.951093360275
B041,2025-03-18,2301.038364836857
B041,2025-03-19,2282.0812416875165
B041,2025-03-20,2285.3274246860897
B041,2025-03-21,2280.595161706633
B041,2025-03-22,1981.4156749078188
B041,2025-03-23,1969.663130445836
B041,2025-03-24,2191.6514346861063
B041,2025-03-25,2170.0245057477964
B041,2025-03-26,2118.6364958713098
B041,2025-03-27,2073.6112853472237
B041,2025-03-28,2088.59408660522
B041,2025-03-29,1944.7810576800828
B041,2025-03-30,1902.6167296907997
B041,2025-03-31,2049.049890875045
B042,2025-01-01,3229.70678237286
B042,2025-01-02,3162.3039332815797
B042,2025-01-03,3130.7437395364777
B042,2025-01-04,1997.1436455402654
B042,2025-01-05,2003.0323607056075
B042,2025-01-06,3207.1174386838334
B042,2025-01-07,3198.157577817546
B042,2025-01-08,3333.145984747269
B042,2025-01-09,3340.7495982528135
B042,2025-01-10,3271.039716924747
B042,2025-01-11,2058.1657664238
B042,2025-01-12,2028.4806048994185
B042,2025-01-13,3365.3590268266307
B042,2025-01-14,3352.127451398638
B042,2025-01-15,3340.547496525488
B042,2025-01-16,3284.324792549874
B042,2025-01-17,3304.324955742429
B042,2025-01-18,2095.4675859243616
B042,2025-01-19,2067.4457656763934
B042,2025-01-20,3328.2685687511753
B042,2025-01-21,3348.0017474960373
B042,2025-01-22,3392.36097712174
B042,2025-01-23,3343.4575854994246
B042,2025-01-24,3249.0807074407926
B042,2025-01-25,2111.314597431597
B042,2025-01-26,2072.9590895435845
B042,2025-01-27,3307.6292800030437
B042,2025-01-28,3354.1838193415647
B042,2025-01-29,3374.3483635605503
B042,2025-01-30,3294.1080845120196
B042,2025-01-31,3239.943856670642
B042,2025-02-01,2082.8641287188475
B042,2025-02-02,2083.9247024658066
B042,2025-02-03,3425.223828949229
B042,2025-02-04,3340.8012390392305
B042,2025-02-05,3376.319475761536
B042,2025-02-06,3266.2609191234724
B042,2025-02-07,3383.559413437487
B042,2025-02-08,2097.0944010989037
B042,2025-02-09,2094.5941030863937
B042,2025-02-10,3349.6063638025826
B042,2025-02-11,3274.2946689249193
B042,2025-02-12,3260.2160623042796
B042,2025-02-13,3259.680340663226
B042,2025-02-14,3348.6355491261693
B042,2025-02-15,2054.3148586388825
B042,2025-02-16,2060.305832307131
B042,2025-02-17,3251.2392660401733
B042,2025-02-18,3349.8498175033915
B042,2025-02-19,3272.171752521139
B042,2025-02-20,3224.54098250877
B042,2025-02-21,3251.7068109326174
B042,2025-02-22,2047.8742779863462
B042,2025-02-23,2068.387062120886
B042,2025-02-24,3256.130393251238
B042,2025-02-25,3245.0500414828966
B042,2025-02-26,3248.6369954281954
B042,2025-02-27,3185.017575087566
B042,2025-02-28,3259.348187444323
B042,2025-03-01,2031.6231971158004
B042,2025-03-02,2038.3715143789557
B042,2025-03-03,3193.651804702541
B042,2025-03-04,3256.3671791802144
B042,2025-03-05,3240.46662836832
B042,2025-03-06,3203.286463647065
B042,2025-03-07,3234.803319000606
B042,2025-03-08,2031.3250105960835
B042,2025-03-09,2020.3209206342754
B042,2025-03-10,3215.0347867628693
B042,2025-03-11,3242.1590103277013
B042,2025-03-12,3249.382021468742
B042,2025-03-13,3182.569418984103
B042,2025-03-14,3226.1343983854813
B042,2025-03-15,2020.807279013854
B042,2025-03-16,2027.1919043487876
B042,2025-03-17,3181.38604475224
B042,2025-03-18,3235.88463264617
B042,2025-03-19,3244.2736975773696
B042,2025-03-20,3194.1406132003867
B042,2025-03-21,3220.400019358707
B042,2025-03-22,2019.0751803685646
B042,2025-03-23,2004.9554356940537
B042,2025-03-24,3166.8151127613237
B042,2025-03-25,3220.906446378901
B042,2025-03-26,3229.76937009638
B042,2025-03-27,3184.2181894029413
B042,2025-03-28,3218.6063735443645
B042,2025-03-29,2000.5152591015983
B042,2025-03-30,1930.7899262949995
B042,2025-03-31,3163.086831432003
B043,2025-01-01,922.4454285849017
B043,2025-01-02,959.6778495272671
B043,2025-01-03,1018.2068553662613
B043,2025-01-04,1029.4055464484823
B043,2025-01-05,1052.0043721390384
B043,2025-01-06,970.478499674034
B043,2025-01-07,962.5802811779464
B043,2025-01-08,938.8865093073857
B043,2025-01-09,1007.2440175407421
B043,2025-01-10,1043.5422491999902
B043,2025-01-11,1014.6375682400513
B043,2025-01-12,1025.8216882586305
B043,2025-01-13,991.6040423026467
B043,2025-01-14,991.0995159779158
B043,2025-01-15,992.1696355994334
B043,2025-01-16,943.2161400323562
B043,2025-01-17,991.7975582293128
B043,2025-01-18,975.5309778197334
B043,2025-01-19,1025.1473389509492
B043,2025-01-20,982.3470352040524
B043,2025-01-21,981.1342779258696
B043,2025-01-22,943.6282992928132
B043,2025-01-23,972.7128729620744
B043,2025-01-24,980.223901512738
B043,2025-01-25,967.931922720701
B043,2025-01-26,1010.4111025061142
B043,2025-01-27,973.6243400600619
B043,2025-01-28,954.3798822278452
B043,2025-01-29,968.7372857140839
B043,2025-01-30,935.826628226578
B043,2025-01-31,960.2729812707472
B043,2025-02-01,1052.3054252966294
B043,2025-02-02,1032.694760097244
B043,2025-02-03,977.9170408992659
B043,2025-02-04,937.4517098942902
B043,2025-02-05,941.2395656246204
B043,2025-02-06,935.0825914270017
B043,2025-02-07,938.0592031087508
B043,2025-02-08,1046.8355417178052
B043,2025-02-09,992.1554995496685
B043,2025-02-10,936.9642203758656
B043,2025-02-11,964.2068798410198
B043,2025-02-12,889.3489715114646
B043,2025-02-13,965.5160686615989
B043,2025-02-14,944.5644778891036
B043,2025-02-15,981.9435014812459
B043,2025-02-16,1003.2842615469168
B043,2025-02-17,946.8168353747408
B043,2025-02-18,933.5804186394078
B043,2025-02-19,920.3044309074264
B043,2025-02-20,912.7265391263205
B043,2025-02-21,944.2398905794226
B043,2025-02-22,981.0836087453278
B043,2025-02-23,937.4462267775381
B043,2025-02-24,824.1773770012328
B043,2025-02-25,837.1155041546531
B043,2025-02-26,933.0842338455616
B043,2025-02-27,853.4523872805345
B043,2025-02-28,880.2599477856727
B043,2025-03-01,978.416436330541
B043,2025-03-02,916.884891677921
B043,2025-03-03,826.5764244064854
B043,2025-03-04,837.3998315537283
B043,2025-03-05,836.1329802791098
B043,2025-03-06,857.8020593195661
B043,2025-03-07,905.2331597584118
B043,2025-03-08,889.2855619887091
B043,2025-03-09,905.5327128106095
B043,2025-03-10,859.2358591328999
B043,2025-03-11,798.2036660855442
B043,2025-03-12,843.1890492750773
B043,2025-03-13,809.2018167246823
B043,2025-03-14,808.5671691453535
B043,2025-03-15,868.1223112678356
B043,2025-03-16,860.6876388200667
B043,2025-03-17,797.9239226723913
B043,2025-03-18,915.4540419015441
B043,2025-03-19,807.1414318599877
B043,2025-03-20,796.8860694776912
B043,2025-03-21,806.8015380056431
B043,2025-03-22,866.6333303295562
B043,2025-03-23,966.8069847948816
B043,2025-03-24,805.0424265264224
B043,2025-03-25,796.1946593983135
B043,2025-03-26,869.392087804072
B043,2025-03-27,961.2601818615102
B043,2025-03-28,893.9220190889824
B043,2025-03-29,979.1765276319356
B043,2025-03-30,1002.8409183628378
B043,2025-03-31,897.2532822068246
B044,2025-01-01,1842.560265605098
B044,2025-01-02,1930.0302779550118
B044,2025-01-03,1931.5394065958387
B044,2025-01-04,1211.4145300247674
B044,2025-01-05,1194.897404752657
B044,2025-01-06,1945.8562216724824
B044,2025-01-07,1903.7632691501296
B044,2025-01-08,1857.3849782167256
B044,2025-01-09,1943.9853866611263
B044,2025-01-10,1946.4759016740904
B044,2025-01-11,1197.2571964582546
B044,2025-01-12,1201.5880571746573
B044,2025-01-13,1948.4796946257486
B044,2025-01-14,1942.0020039844414
B044,2025-01-15,1943.2609940212435
B044,2025-01-16,1878.3768059835243
B044,2025-01-17,1939.9120003917712
B044,2025-01-18,1200.108575378719
B044,2025-01-19,1199.5653232270179
B044,2025-01-20,1917.8573151009423
B044,2025-01-21,1910.3227031316314
B044,2025-01-22,1867.3297745272698
B044,2025-01-23,1938.4843853759428
B044,2025-01-24,1940.227994782294
B044,2025-01-25,1197.3003330000495
B044,2025-01-26,1193.4908081248975
B044,2025-01-27,1948.393007421987
B044,2025-01-28,1886.2799878258365
B044,2025-01-29,1943.862730522
B044,2025-01-30,1861.8531957064533
B044,2025-01-31,1941.4160101430464
B044,2025-02-01,1209.4366341036205
B044,2025-02-02,1202.1015869633923
B044,2025-02-03,1900.0618012156053
B044,2025-02-04,1864.5791916502508
B044,2025-02-05,1869.2225200929286
B044,2025-02-06,1841.2920126173933
B044,2025-02-07,1861.596285700691
B044,2025-02-08,1206.3440970229549
B044,2025-02-09,1143.8889334193036
B044,2025-02-10,1869.1301509928314
B044,2025-02-11,1935.4991556469054
B044,2025-02-12,1790.0112203343856
B044,2025-02-13,1934.0463926916934
B044,2025-02-14,1879.2027428874783
B044,2025-02-15,1197.9103580931614
B044,2025-02-16,1179.1974425336882
B044,2025-02-17,1890.1912909642508
B044,2025-02-18,1861.5726610046738
B044,2025-02-19,1804.2259749288546
B044,2025-02-20,1792.68684459507
B044,2025-02-21,1881.3242029944784
B044,2025-02-22,1188.9409108291889
B044,2025-02-23,1121.881147981535
B044,2025-02-24,1768.7328176553242
B044,2025-02-25,1772.210369770073
B044,2025-02-26,1842.287058873137
B044,2025-02-27,1772.5477180657658
B044,2025-02-28,1778.8158188207701
B044,2025-03-01,1173.7377834265405
B044,2025-03-02,1093.4483010434583
B044,2025-03-03,1761.1399621303435
B044,2025-03-04,1760.5571266991285
B044,2025-03-05,1761.788753461686
B044,2025-03-06,1755.1784407762746
B044,2025-03-07,1791.923117023668
B044,2025-03-08,1161.9144678966252
B044,2025-03-09,1086.554067747506
B044,2025-03-10,1757.1349721007123
B044,2025-03-11,1735.326978376385
B044,2025-03-12,1738.884551918191
B044,2025-03-13,1726.4631518299675
B044,2025-03-14,1720.4813013605608
B044,2025-03-15,1123.9600893842396
B044,2025-03-16,1037.4375428402498
B044,2025-03-17,1711.6148703249448
B044,2025-03-18,1714.6505856691483
B044,2025-03-19,1694.0009244040305
B044,2025-03-20,1694.297691353198
B044,2025-03-21,1685.028674924446
B044,2025-03-22,1104.9264887258928
B044,2025-03-23,1084.0267465349634
B044,2025-03-24,1686.9422040869083
B044,2025-03-25,1693.863738435943
B044,2025-03-26,1686.7592098198843
B044,2025-03-27,1828.1375398154858
B044,2025-03-28,1704.7978412057219
B044,2025-03-29,1079.1577354486483
B044,2025-03-30,1058.0903695705983
B044,2025-03-31,1730.0256237006333
B045,2025-01-01,1743.5291565902946
B045,2025-01-02,1822.2521432566803
B045,2025-01-03,1798.1875189316427
B045,2025-01-04,1649.3250602217654
B045,2025-01-05,1717.7541728753336
B045,2025-01-06,1828.645767894733
B045,2025-01-07,1798.699530521178
B045,2025-01-08,1778.5053365090616
B045,2025-01-09,1815.662033604035
B045,2025-01-10,1820.1993103955188
B045,2025-01-11,1667.6551384409074
B045,2025-01-12,1716.9266486235058
B045,2025-01-13,1822.4721473068398
B045,2025-01-14,1813.3368681717905
B045,2025-01-15,1816.2528831161392
B045,2025-01-16,1793.927578957758
B045,2025-01-17,1818.8272512325677
B045,2025-01-18,1697.0901273299046
B045,2025-01-19,1717.9513531090615
B045,2025-01-20,1820.0213726141947
B045,2025-01-21,1813.1572494812308
B045,2025-01-22,1784.1374863648327
B045,2025-01-23,1812.1720643219041
B045,2025-01-24,1816.895919900396
B045,2025-01-25,1690.3628546182451
B045,2025-01-26,1708.1758286984925
B045,2025-01-27,1820.5257603000716
B045,2025-01-28,1798.7290228039546
B045,2025-01-29,1817.1096463060987
B045,2025-01-30,1782.0137778062
B045,2025-01-31,1814.972306787019
B045,2025-02-01,1731.5166329774856
B045,2025-02-02,1723.4264862764198
B045,2025-02-03,1809.7529670562665
B045,2025-02-04,1778.7906072382566
B045,2025-02-05,1782.8045481993713
B045,2025-02-06,1772.2402225861672
B045,2025-02-07,1783.025404375299
B045,2025-02-08,1721.6420368671568
B045,2025-02-09,1689.230523882699
B045,2025-02-10,1781.1829415154407
B045,2025-02-11,1832.76106358649
B045,2025-02-12,1737.298433899007
B045,2025-02-13,1813.843456653161
B045,2025-02-14,1795.6341803644627
B045,2025-02-15,1691.066510923239
B045,2025-02-16,1693.21129194859
B045,2025-02-17,1792.823662417816
B045,2025-02-18,1790.414512239647
B045,2025-02-19,1758.3140093604377
B045,2025-02-20,1746.4979647953471
B045,2025-02-21,1796.8613725323883
B045,2025-02-22,1692.7612700512848
B045,2025-02-23,1664.9501127400797
B045,2025-02-24,1688.2793296421476
B045,2025-02-25,1698.082308448259
B045,2025-02-26,1760.6256697799845
B045,2025-02-27,1688.709531453741
B045,2025-02-28,1730.1356158958433
B045,2025-03-01,1669.4884860545963
B045,2025-03-02,1574.5143278660796
B045,2025-03-03,1680.2198205081236
B045,2025-03-04,1662.695160095759
B045,2025-03-05,1654.877174838292
B045,2025-03-06,1723.9236613560604
B045,2025-03-07,1759.5663635328997
B045,2025-03-08,1577.1170419385537
B045,2025-03-09,1545.3974482675517
B045,2025-03-10,1721.7947065277895
B045,2025-03-11,1662.5379860001322
B045,2025-03-12,1660.5923647620937
B045,2025-03-13,1666.9610224538865
B045,2025-03-14,1654.0774196525424
B045,2025-03-15,1533.444081890617
B045,2025-03-16,1528.5594375837723
B045,2025-03-17,1674.373125771229
B045,2025-03-18,1655.3702075074323
B045,2025-03-19,1643.1367895821513
B045,2025-03-20,1704.5552707476852
B045,2025-03-21,1670.0658422620077
B045,2025-03-22,1531.1193892668875
B045,2025-03-23,1647.8097015568546
B045,2025-03-24,1697.6171432000983
B045,2025-03-25,1652.2970419525277
B045,2025-03-26,1642.1748706880358
B045,2025-03-27,1871.5311634176508
B045,2025-03-28,1725.007843715141
B045,2025-03-29,1560.8870325479752
B045,2025-03-30,1608.3328993698478
B045,2025-03-31,1765.4520528864389
B046,2025-01-01,1721.196131541929
B046,2025-01-02,1731.9968868806368
B046,2025-01-03,1749.4837067032392
B046,2025-01-04,1189.3765037888072
B046,2025-01-05,1127.2205749629675
B046,2025-01-06,1740.4110230153422
B046,2025-01-07,1755.5341777951376
B046,2025-01-08,1747.8889275060897
B046,2025-01-09,1748.1762176468349
B046,2025-01-10,1750.7633456841313
B046,2025-01-11,1163.2125410899885
B046,2025-01-12,1166.6022738657255
B046,2025-01-13,1739.8709606349137
B046,2025-01-14,1761.9496933484133
B046,2025-01-15,1747.3069422969463
B046,2025-01-16,1763.0970497793878
B046,2025-01-17,1752.9103180722723
B046,2025-01-18,1157.5498779328775
B046,2025-01-19,1169.383503970265
B046,2025-01-20,1739.1436378949584
B046,2025-01-21,1746.9731387784516
B046,2025-01-22,1746.7761078731032
B046,2025-01-23,1736.7408334803301
B046,2025-01-24,1743.897218316047
B046,2025-01-25,1150.9047224042795
B046,2025-01-26,1167.2635917975254
B046,2025-01-27,1744.8240933869126
B046,2025-01-28,1755.164639321713
B046,2025-01-29,1749.841613846286
B046,2025-01-30,1755.2654567835114
B046,2025-01-31,1733.0376087360044
B046,2025-02-01,1179.7279344866197
B046,2025-02-02,1172.528566521612
B046,2025-02-03,1747.87993556739
B046,2025-02-04,1739.0668830428401
B046,2025-02-05,1745.9291846322233
B046,2025-02-06,1746.5708973276933
B046,2025-02-07,1741.2648879533285
B046,2025-02-08,1207.8346554539721
B046,2025-02-09,1176.8403441196012
B046,2025-02-10,1747.1379430433183
B046,2025-02-11,1760.3010299654518
B046,2025-02-12,1741.2219008183922
B046,2025-02-13,1758.4211074609627
B046,2025-02-14,1746.5008652798629
B046,2025-02-15,1214.740656828672
B046,2025-02-16,1172.983837888691
B046,2025-02-17,1752.6847639800033
B046,2025-02-18,1756.306030271911
B046,2025-02-19,1747.2287193428624
B046,2025-02-20,1749.3709614524537
B046,2025-02-21,1746.1627573658052
B046,2025-02-22,1199.0669539059752
B046,2025-02-23,1176.3252501934196
B046,2025-02-24,1744.4382911220375
B046,2025-02-25,1736.0625944833303
B046,2025-02-26,1733.6959463040405
B046,2025-02-27,1746.742729846202
B046,2025-02-28,1735.793766445387
B046,2025-03-01,1156.8597109235761
B046,2025-03-02,1155.5859015459641
B046,2025-03-03,1721.8089361662016
B046,2025-03-04,1733.8546492147786
B046,2025-03-05,1733.2917413377138
B046,2025-03-06,1728.8521347491428
B046,2025-03-07,1734.9592939814233
B046,2025-03-08,1139.5778292954521
B046,2025-03-09,1131.7900442505827
B046,2025-03-10,1722.0648670063329
B046,2025-03-11,1730.1355053401473
B046,2025-03-12,1736.9857273629482
B046,2025-03-13,1725.9418220952298
B046,2025-03-14,1703.3881129167423
B046,2025-03-15,1156.886315619146
B046,2025-03-16,1114.2778449143686
B046,2025-03-17,1714.1876833263318
B046,2025-03-18,1693.6295251046654
B046,2025-03-19,1694.060609674415
B046,2025-03-20,1692.964755138178
B046,2025-03-21,1703.8327124891925
B046,2025-03-22,1156.034648423505
B046,2025-03-23,1092.9349582168659
B046,2025-03-24,1653.9993570176716
B046,2025-03-25,1679.2002367925038
B046,2025-03-26,1688.4778346971405
B046,2025-03-27,1695.2513854129575
B046,2025-03-28,1679.0753915026012
B046,2025-03-29,1151.907773264429
B046,2025-03-30,1071.9927762342993
B046,2025-03-31,1643.7699924259039
B047,2025-01-01,2961.0306881635665
B047,2025-01-02,2906.902858018715
B047,2025-01-03,3009.476479570888
B047,2025-01-04,3293.4117489484547
B047,2025-01-05,3090.1365381658147
B047,2025-01-06,3026.048183393843
B047,2025-01-07,3174.432834203032
B047,2025-01-08,2794.277535342253
B047,2025-01-09,3079.144112881031
B047,2025-01-10,2987.378470712366
B047,2025-01-11,3206.5666955701804
B047,2025-01-12,3230.1082685991873
B047,2025-01-13,2903.4412191591623
B047,2025-01-14,3085.6566243464213
B047,2025-01-15,3069.507816806065
B047,2025-01-16,2951.9681463014927
B047,2025-01-17,3010.8702394680545
B047,2025-01-18,3269.64458550369
B047,2025-01-19,3319.0254896816564
B047,2025-01-20,3073.615518392909
B047,2025-01-21,3004.7362544380203
B047,2025-01-22,2948.178017643026
B047,2025-01-23,2979.5295786042016
B047,2025-01-24,3049.8528429128924
B047,2025-01-25,3370.955230401219
B047,2025-01-26,3340.2036799040507
B047,2025-01-27,3073.705381062474
B047,2025-01-28,3022.0065861186995
B047,2025-01-29,2946.010280804786
B047,2025-01-30,2924.251645845054
B047,2025-01-31,3051.6096542159967
B047,2025-02-01,3376.5503066717006
B047,2025-02-02,3311.963318931714
B047,2025-02-03,2959.693926824782
B047,2025-02-04,3174.0315040439655
B047,2025-02-05,3083.701180282537
B047,2025-02-06,3011.9965036435974
B047,2025-02-07,3040.1543113206467
B047,2025-02-08,3311.722169498793
B047,2025-02-09,3349.744233231463
B047,2025-02-10,2837.8720920222368
B047,2025-02-11,2898.723390002693
B047,2025-02-12,2910.1640091458667
B047,2025-02-13,2960.4015740310783
B047,2025-02-14,2793.7233581551673
B047,2025-02-15,3247.1682202474753
B047,2025-02-16,3179.0217967929307
B047,2025-02-17,2912.8864546770055
B047,2025-02-18,2760.4100104819704
B047,2025-02-19,2889.677810585617
B047,2025-02-20,2877.2645928697916
B047,2025-02-21,2931.1674883747287
B047,2025-02-22,3137.202807140657
B047,2025-02-23,3114.2761034655055
B047,2025-02-24,2753.0046654937255
B047,2025-02-25,2942.7199769702656
B047,2025-02-26,2894.3422319547844
B047,2025-02-27,2994.770886370476
B047,2025-02-28,2699.2566470792644
B047,2025-03-01,3141.722816113553
B047,2025-03-02,3084.0202525087357
B047,2025-03-03,2680.1226437391015
B047,2025-03-04,2713.657688007523
B047,2025-03-05,2695.2985213769803
B047,2025-03-06,2690.4734964865147
B047,2025-03-07,2631.5029906031205
B047,2025-03-08,2985.3164051850367
B047,2025-03-09,2912.6633655176724
B047,2025-03-10,2595.9273958394683
B047,2025-03-11,2558.892619277813
B047,2025-03-12,2523.8530659595917
B047,2025-03-13,2605.461191685153
B047,2025-03-14,2600.201514544486
B047,2025-03-15,2821.1153298095924
B047,2025-03-16,2732.214737197968
B047,2025-03-17,2489.49792349901
B047,2025-03-18,2531.889338428251
B047,2025-03-19,2528.179960612213
B047,2025-03-20,2566.895137302079
B047,2025-03-21,2536.5355152993343
B047,2025-03-22,2698.269159529855
B047,2025-03-23,2674.054263882044
B047,2025-03-24,2484.523973053851
B047,2025-03-25,2456.188487274904
B047,2025-03-26,2426.483033356935
B047,2025-03-27,2465.209434357972
B047,2025-03-28,2522.263175155432
B047,2025-03-29,2602.4265519064747
B047,2025-03-30,2677.608624718726
B047,2025-03-31,2383.690182856636
B048,2025-01-01,5487.867684370218
B048,2025-01-02,5254.95939495487
B048,2025-01-03,5362.149137674081
B048,2025-01-04,3587.4609688745304
B048,2025-01-05,3581.2456819176164
B048,2025-01-06,5544.377953529366
B048,2025-01-07,5471.6221238928465
B048,2025-01-08,5555.490028980381
B048,2025-01-09,5311.242902765033
B048,2025-01-10,5443.062431494449
B048,2025-01-11,3537.8644475989595
B048,2025-01-12,3528.6861586578916
B048,2025-01-13,5465.7144312354085
B048,2025-01-14,5508.893190820298
B048,2025-01-15,5538.9459600983455
B048,2025-01-16,5319.663278720127
B048,2025-01-17,5455.940359896565
B048,2025-01-18,3502.8706493770187
B048,2025-01-19,3537.964874432358
B048,2025-01-20,5513.37458191503
B048,2025-01-21,5534.258755020182
B048,2025-01-22,5558.242993916741
B048,2025-01-23,5322.291900253278
B048,2025-01-24,5454.741128391329
B048,2025-01-25,3564.456719299288
B048,2025-01-26,3542.127143985187
B048,2025-01-27,5485.279622959305
B048,2025-01-28,5522.464576788858
B048,2025-01-29,5543.20011381634
B048,2025-01-30,5323.6213105143615
B048,2025-01-31,5452.452993272281
B048,2025-02-01,3497.6954464331066
B048,2025-02-02,3527.05109592699
B048,2025-02-03,5458.533389267537
B048,2025-02-04,5538.637263656107
B048,2025-02-05,5519.472254273955
B048,2025-02-06,5505.252932237313
B048,2025-02-07,5324.225730256979
B048,2025-02-08,3598.853271894986
B048,2025-02-09,3535.274186228055
B048,2025-02-10,5484.226298780655
B048,2025-02-11,5535.879842322774
B048,2025-02-12,5518.198648023955
B048,2025-02-13,5514.625576970917
B048,2025-02-14,5329.727154617224
B048,2025-02-15,3507.4803182144124
B048,2025-02-16,3527.416955807664
B048,2025-02-17,5463.976398976768
B048,2025-02-18,5526.571832246497
B048,2025-02-19,5518.198648023955
B048,2025-02-20,5508.475935457205
B048,2025-02-21,5332.425960052394
B048,2025-02-22,3555.8287079051743
B048,2025-02-23,3543.3631947900762
B048,2025-02-24,5490.15824973159
B048,2025-02-25,5518.924918976115
B048,2025-02-26,5509.409592522236
B048,2025-02-27,5513.733032501874
B048,2025-02-28,5324.814039626894
B048,2025-03-01,3504.6906992105
B048,2025-03-02,3512.0543436341036
B048,2025-03-03,5437.436162372052
B048,2025-03-04,5568.274178742535
B048,2025-03-05,5526.26652155938
B048,2025-03-06,5331.514026220377
B048,2025-03-07,5464.912503974409
B048,2025-03-08,3555.4530150366213
B048,2025-03-09,3511.757083789626
B048,2025-03-10,5467.60440174425
B048,2025-03-11,5604.644321537456
B048,2025-03-12,5511.313551914474
B048,2025-03-13,5298.172335491699
B048,2025-03-14,5451.957521411757
B048,2025-03-15,3491.570299776169
B048,2025-03-16,3503.298086974179
B048,2025-03-17,5461.739874940311
B048,2025-03-18,5547.049890037992
B048,2025-03-19,5506.267807736045
B048,2025-03-20,5297.767926397408
B048,2025-03-21,5459.6975417041795
B048,2025-03-22,3545.1259798953556
B048,2025-03-23,3516.9093889394035
B048,2025-03-24,5453.375327838331
B048,2025-03-25,5548.319670736668
B048,2025-03-26,5502.560038591445
B048,2025-03-27,5294.972915419694
B048,2025-03-28,5454.139702351488
B048,2025-03-29,3444.7435033496854
B048,2025-03-30,3357.685067794202
B048,2025-03-31,5454.6798760101965
B049,2025-01-01,14537.414702589884
B049,2025-01-02,14463.314652757805
B049,2025-01-03,14427.538386838236
B049,2025-01-04,14049.477014325657
B049,2025-01-05,14378.029236540979
B049,2025-01-06,14202.005341224583
B049,2025-01-07,14146.693790756966
B049,2025-01-08,14585.586045672142
B049,2025-01-09,14014.565592264142
B049,2025-01-10,14210.416027946774
B049,2025-01-11,14275.553564077716
B049,2025-01-12,14293.258903986618
B049,2025-01-13,14412.562505102776
B049,2025-01-14,14001.370462216104
B049,2025-01-15,14470.917362648126
B049,2025-01-16,14361.567248768599
B049,2025-01-17,14091.60165776373
B049,2025-01-18,13882.182112747185
B049,2025-01-19,13994.877763648125
B049,2025-01-20,14018.545757375085
B049,2025-01-21,14122.064088783327
B049,2025-01-22,14585.043846000735
B049,2025-01-23,14421.399170946546
B049,2025-01-24,14129.464983473621
B049,2025-01-25,13880.514630191346
B049,2025-01-26,13963.524904655034
B049,2025-01-27,13920.18417070998
B049,2025-01-28,14249.139512464551
B049,2025-01-29,14676.550312432351
B049,2025-01-30,14507.695945319423
B049,2025-01-31,14129.086861979864
B049,2025-02-01,14030.509245713825
B049,2025-02-02,14366.650755287945
B049,2025-02-03,14687.671265587269
B049,2025-02-04,14105.82346734934
B049,2025-02-05,14507.575907968874
B049,2025-02-06,14424.466280335088
B049,2025-02-07,14104.917807870434
B049,2025-02-08,14411.098201774334
B049,2025-02-09,14048.478160023134
B049,2025-02-10,14683.285412941463
B049,2025-02-11,14572.650781418655
B049,2025-02-12,14625.593935080122
B049,2025-02-13,14178.168846692031
B049,2025-02-14,14436.348217526473
B049,2025-02-15,14175.508708791342
B049,2025-02-16,14265.1546633783
B049,2025-02-17,14746.419893430548
B049,2025-02-18,14484.87389654968
B049,2025-02-19,14656.072639823016
B049,2025-02-20,14476.849576418626
B049,2025-02-21,14492.361799762948
B049,2025-02-22,14382.515802916478
B049,2025-02-23,14334.974207003992
B049,2025-02-24,14784.773830483675
B049,2025-02-25,14504.57415317239
B049,2025-02-26,14639.068502344298
B049,2025-02-27,13992.42134071357
B049,2025-02-28,14454.0754674429
B049,2025-03-01,14350.268144609428
B049,2025-03-02,14238.615082811628
B049,2025-03-03,14508.158318990078
B049,2025-03-04,14431.460111490718
B049,2025-03-05,14436.316955303431
B049,2025-03-06,14446.44337981175
B049,2025-03-07,14462.026165319323
B049,2025-03-08,14378.119798160618
B049,2025-03-09,14271.525552603458
B049,2025-03-10,14522.229271819198
B049,2025-03-11,14468.069560269672
B049,2025-03-12,14455.674181915645
B049,2025-03-13,14420.679273636406
B049,2025-03-14,14435.092066203699
B049,2025-03-15,14432.761030368534
B049,2025-03-16,14276.195260780687
B049,2025-03-17,14526.302228595892
B049,2025-03-18,14465.50796540682
B049,2025-03-19,14461.848172318047
B049,2025-03-20,14414.645076685103
B049,2025-03-21,14488.307632641203
B049,2025-03-22,14380.94147595681
B049,2025-03-23,14279.264506147614
B049,2025-03-24,14514.64206808387
B049,2025-03-25,14474.839133293477
B049,2025-03-26,14463.886441692366
B049,2025-03-27,14479.41213627739
B049,2025-03-28,14480.113377949225
B049,2025-03-29,14444.410655851694
B049,2025-03-30,14299.710731271845
B049,2025-03-31,14514.002744796111
B050,2025-01-01,4622.051852959166
B050,2025-01-02,4598.37170182849
B050,2025-01-03,4457.633292924855
B050,2025-01-04,3999.8556757365095
B050,2025-01-05,3695.370209754468
B050,2025-01-06,4661.134489551496
B050,2025-01-07,4747.2929890560645
B050,2025-01-08,4346.086394465616
B050,2025-01-09,4878.300299462619
B050,2025-01-10,4748.15798991157
B050,2025-01-11,4056.447003199417
B050,2025-01-12,3927.395714165054
B050,2025-01-13,4532.566542407245
B050,2025-01-14,4904.056684749676
B050,2025-01-15,4726.4443268428095
B050,2025-01-16,4621.9552802434255
B050,2025-01-17,4877.776145294938
B050,2025-01-18,4303.256453291095
B050,2025-01-19,4296.970292320675
B050,2025-01-20,4846.652151347613
B050,2025-01-21,4773.264831358969
B050,2025-01-22,4601.6869025757505
B050,2025-01-23,4602.860289383275
B050,2025-01-24,4786.814798992023
B050,2025-01-25,4360.476628980164
B050,2025-01-26,4415.298864452121
B050,2025-01-27,4833.9363073708055
B050,2025-01-28,4954.527734423298
B050,2025-01-29,4511.557237653534
B050,2025-01-30,4338.35421504263
B050,2025-01-31,4875.957465772225
B050,2025-02-01,4317.508046902707
B050,2025-02-02,4067.257959388849
B050,2025-02-03,4653.025978081931
B050,2025-02-04,4837.651255408738
B050,2025-02-05,4878.250020286145
B050,2025-02-06,4588.198831856721
B050,2025-02-07,4751.433840455963
B050,2025-02-08,4046.5214043573446
B050,2025-02-09,4139.839691350181
B050,2025-02-10,4140.288693032476
B050,2025-02-11,4360.335863396068
B050,2025-02-12,4387.48563662577
B050,2025-02-13,4701.8764804215725
B050,2025-02-14,4287.891022633874
B050,2025-02-15,4148.631243813349
B050,2025-02-16,3780.0836178620243
B050,2025-02-17,4489.259210718232
B050,2025-02-18,4346.445507284274
B050,2025-02-19,4526.902482836644
B050,2025-02-20,4466.915005451456
B050,2025-02-21,4490.473228325286
B050,2025-02-22,3791.417742288415
B050,2025-02-23,3698.9928532804292
B050,2025-02-24,4330.883414969761
B050,2025-02-25,4528.898951962268
B050,2025-02-26,4545.612169341283
B050,2025-02-27,4668.424086365953
B050,2025-02-28,3927.4714363071357
B050,2025-03-01,3880.591424030261
B050,2025-03-02,3605.7722794242013
B050,2025-03-03,3993.8529003462336
B050,2025-03-04,4108.651882956745
B050,2025-03-05,3949.8006644461025
B050,2025-03-06,3837.7002444482273
B050,2025-03-07,3867.160237879676
B050,2025-03-08,3663.5000112974535
B050,2025-03-09,3489.4093821743263
B050,2025-03-10,3762.9192745886353
B050,2025-03-11,3620.3898943482027
B050,2025-03-12,3421.00858381224
B050,2025-03-13,3673.4595236723744
B050,2025-03-14,3689.4003651838393
B050,2025-03-15,3273.1807798008454
B050,2025-03-16,3084.909695047807
B050,2025-03-17,3381.3222492010727
B050,2025-03-18,3565.8825524333643
B050,2025-03-19,3478.8799664336325
B050,2025-03-20,3642.71635558652
B050,2025-03-21,3529.401980322061
B050,2025-03-22,2961.806741908974
B050,2025-03-23,2843.0593886133456
B050,2025-03-24,3274.2018786983135
B050,2025-03-25,3592.4294479665114
B050,2025-03-26,3028.069975260791
B050,2025-03-27,3138.9867634512284
B050,2025-03-28,3347.9356047529063
B050,2025-03-29,2632.1879792596314
B050,2025-03-30,2869.7486418936987
B050,2025-03-31,2804.7392169010564
