date,building_id,electricity_price,gas_price,demand_charge
2020-01-01,B001,0.1093,0.0458,9.13
2020-02-01,B001,0.1073,0.043,11.18
2020-03-01,B001,0.113,0.0454,10.76
2020-04-01,B001,0.1111,0.0446,12.15
2020-05-01,B001,0.1124,0.0435,15.99
2020-06-01,B001,0.1139,0.0432,11.05
2020-07-01,B001,0.1137,0.0474,11.59
2020-08-01,B001,0.1115,0.0449,10.55
2020-09-01,B001,0.1108,0.0478,12.57
2020-10-01,B001,0.1107,0.0467,17.41
2020-11-01,B001,0.1139,0.0471,17.29
2020-12-01,B001,0.1112,0.0478,12.99
2021-01-01,B001,0.1148,0.047,10.74
2021-02-01,B001,0.1153,0.0466,15.34
2021-03-01,B001,0.1141,0.047,14.62
2021-04-01,B001,0.1164,0.0453,11.23
2021-05-01,B001,0.1149,0.0484,16.76
2021-06-01,B001,0.1107,0.0453,14.1
2021-07-01,B001,0.1118,0.0454,9.79
2021-08-01,B001,0.1173,0.0488,16.21
2021-09-01,B001,0.1166,0.0465,10.18
2021-10-01,B001,0.1173,0.0486,12.81
2021-11-01,B001,0.1152,0.0452,15.49
2021-12-01,B001,0.1174,0.0478,13.01
2022-01-01,B001,0.1151,0.046,13.46
2022-02-01,B001,0.1179,0.0489,12.84
2022-03-01,B001,0.1194,0.0473,17.24
2022-04-01,B001,0.116,0.0472,13.64
2022-05-01,B001,0.1182,0.0461,11.83
2022-06-01,B001,0.1154,0.0463,15.85
2022-07-01,B001,0.1171,0.049,17.87
2022-08-01,B001,0.1174,0.0501,17.15
2022-09-01,B001,0.1154,0.048,12.1
2022-10-01,B001,0.1179,0.0473,15.26
2022-11-01,B001,0.1204,0.0471,12.04
2022-12-01,B001,0.1186,0.0501,13.88
2023-01-01,B001,0.1181,0.0466,12.46
2023-02-01,B001,0.1158,0.05,17.74
2023-03-01,B001,0.1185,0.0497,14.6
2023-04-01,B001,0.116,0.0486,16.21
2023-05-01,B001,0.1174,0.0497,11.96
2023-06-01,B001,0.1192,0.0496,9.88
2023-07-01,B001,0.1209,0.0479,9.82
2023-08-01,B001,0.1207,0.0473,13.44
2023-09-01,B001,0.1175,0.0495,17.12
2023-10-01,B001,0.1176,0.0509,9.48
2023-11-01,B001,0.1222,0.051,14.58
2023-12-01,B001,0.1207,0.0497,16.55
2024-01-01,B001,0.1194,0.0479,9.61
2024-02-01,B001,0.1231,0.0496,17.22
2024-03-01,B001,0.1243,0.0513,15.77
2024-04-01,B001,0.1248,0.051,10.53
2024-05-01,B001,0.1187,0.048,13.43
2024-06-01,B001,0.1214,0.0509,14.12
2024-07-01,B001,0.1218,0.048,14.76
2024-08-01,B001,0.1252,0.0504,9.16
2024-09-01,B001,0.1217,0.0521,16.89
2024-10-01,B001,0.1204,0.0523,13.78
2024-11-01,B001,0.1223,0.0487,11.39
2024-12-01,B001,0.1215,0.0497,14.46
2020-01-01,B002,0.1106,0.045,10.39
2020-02-01,B002,0.1106,0.0454,11.37
2020-03-01,B002,0.1078,0.0431,15.03
2020-04-01,B002,0.1131,0.0434,17.83
2020-05-01,B002,0.1103,0.0475,15.44
2020-06-01,B002,0.1105,0.0455,9.87
2020-07-01,B002,0.1103,0.0435,11.81
2020-08-01,B002,0.1083,0.0456,12.63
2020-09-01,B002,0.11,0.0444,10.97
2020-10-01,B002,0.1112,0.0445,9.91
2020-11-01,B002,0.1121,0.0462,10.82
2020-12-01,B002,0.1114,0.0466,9.64
2021-01-01,B002,0.1135,0.0465,14.65
2021-02-01,B002,0.1097,0.0468,15.87
2021-03-01,B002,0.1128,0.0483,16.67
2021-04-01,B002,0.1148,0.0453,12.68
2021-05-01,B002,0.1164,0.0458,16.99
2021-06-01,B002,0.1153,0.048,11.24
2021-07-01,B002,0.116,0.045,17.3
2021-08-01,B002,0.1164,0.047,11.8
2021-09-01,B002,0.1134,0.0476,13.11
2021-10-01,B002,0.1141,0.049,12.37
2021-11-01,B002,0.1146,0.0464,11.74
2021-12-01,B002,0.1165,0.0457,14.07
2022-01-01,B002,0.1132,0.045,9.09
2022-02-01,B002,0.113,0.0452,10.92
2022-03-01,B002,0.1143,0.0458,10.08
2022-04-01,B002,0.117,0.0461,16.1
2022-05-01,B002,0.1196,0.0495,14.13
2022-06-01,B002,0.1141,0.0464,15.44
2022-07-01,B002,0.1193,0.0491,12.84
2022-08-01,B002,0.1201,0.0464,15.16
2022-09-01,B002,0.1166,0.0493,10.31
2022-10-01,B002,0.1162,0.0481,17.66
2022-11-01,B002,0.1196,0.0474,9.68
2022-12-01,B002,0.1202,0.046,12.16
2023-01-01,B002,0.1158,0.0464,10.51
2023-02-01,B002,0.1205,0.0484,14.96
2023-03-01,B002,0.1188,0.0506,13.26
2023-04-01,B002,0.1181,0.0507,12.62
2023-05-01,B002,0.1226,0.0495,16.53
2023-06-01,B002,0.1208,0.0498,15.42
2023-07-01,B002,0.1199,0.0477,12.49
2023-08-01,B002,0.1177,0.0493,13.23
2023-09-01,B002,0.1218,0.0513,10.39
2023-10-01,B002,0.1196,0.0507,10.06
2023-11-01,B002,0.1207,0.0472,9.72
2023-12-01,B002,0.1178,0.0489,11.57
2024-01-01,B002,0.118,0.0507,14.67
2024-02-01,B002,0.1221,0.0478,11.49
2024-03-01,B002,0.122,0.048,16.79
2024-04-01,B002,0.1185,0.0508,9.73
2024-05-01,B002,0.1189,0.0516,13.29
2024-06-01,B002,0.121,0.0517,17.46
2024-07-01,B002,0.1189,0.048,17.13
2024-08-01,B002,0.1253,0.0512,16.52
2024-09-01,B002,0.1202,0.0482,13.39
2024-10-01,B002,0.1261,0.0528,13.66
2024-11-01,B002,0.1257,0.049,16.69
2024-12-01,B002,0.1248,0.0511,9.19
2020-01-01,B003,0.1298,0.0455,15.34
2020-02-01,B003,0.1291,0.0435,10.24
2020-03-01,B003,0.1334,0.0462,14.28
2020-04-01,B003,0.13,0.0457,15.75
2020-05-01,B003,0.1343,0.0469,17.11
2020-06-01,B003,0.1284,0.0453,11.29
2020-07-01,B003,0.1292,0.0473,10.02
2020-08-01,B003,0.1325,0.0438,11.75
2020-09-01,B003,0.129,0.0451,15.35
2020-10-01,B003,0.1304,0.0463,12.97
2020-11-01,B003,0.1362,0.0466,17.64
2020-12-01,B003,0.1331,0.0466,12.09
2021-01-01,B003,0.1347,0.048,16.51
2021-02-01,B003,0.1365,0.0469,12.78
2021-03-01,B003,0.1337,0.0442,13.67
2021-04-01,B003,0.1339,0.0484,10.7
2021-05-01,B003,0.1356,0.0482,9.51
2021-06-01,B003,0.1319,0.0481,9.05
2021-07-01,B003,0.1365,0.0468,15.98
2021-08-01,B003,0.1355,0.0451,13.73
2021-09-01,B003,0.1371,0.0484,13.48
2021-10-01,B003,0.1373,0.0478,10.07
2021-11-01,B003,0.1354,0.0475,16.78
2021-12-01,B003,0.1401,0.0459,16.99
2022-01-01,B003,0.1392,0.0459,17.03
2022-02-01,B003,0.1356,0.0474,17.47
2022-03-01,B003,0.1352,0.046,16.95
2022-04-01,B003,0.1369,0.0486,13.84
2022-05-01,B003,0.1373,0.0482,10.04
2022-06-01,B003,0.1379,0.0463,14.57
2022-07-01,B003,0.141,0.0488,11.89
2022-08-01,B003,0.1384,0.0485,14.87
2022-09-01,B003,0.1357,0.0458,12.38
2022-10-01,B003,0.1375,0.0472,16.17
2022-11-01,B003,0.136,0.0482,14.87
2022-12-01,B003,0.1426,0.0472,15.44
2023-01-01,B003,0.1436,0.0474,14.11
2023-02-01,B003,0.1437,0.0495,13.39
2023-03-01,B003,0.1396,0.0505,10.27
2023-04-01,B003,0.1403,0.0488,15.91
2023-05-01,B003,0.1399,0.0493,10.04
2023-06-01,B003,0.1389,0.0512,11.19
2023-07-01,B003,0.1421,0.0495,12.36
2023-08-01,B003,0.1455,0.0484,15.53
2023-09-01,B003,0.1378,0.0505,13.87
2023-10-01,B003,0.1423,0.0511,13.03
2023-11-01,B003,0.1404,0.0469,13.72
2023-12-01,B003,0.1433,0.0491,17.76
2024-01-01,B003,0.1441,0.0493,12.19
2024-02-01,B003,0.1409,0.0518,15.04
2024-03-01,B003,0.1412,0.0497,15.36
2024-04-01,B003,0.1445,0.0476,15.68
2024-05-01,B003,0.1476,0.0507,14.4
2024-06-01,B003,0.1458,0.0521,16.37
2024-07-01,B003,0.1488,0.0517,16.5
2024-08-01,B003,0.1475,0.0503,9.77
2024-09-01,B003,0.1461,0.0501,17.65
2024-10-01,B003,0.1448,0.0502,9.57
2024-11-01,B003,0.1418,0.0479,10.33
2024-12-01,B003,0.1448,0.0517,17.49
2020-01-01,B004,0.1477,0.0435,15.21
2020-02-01,B004,0.154,0.0453,14.06
2020-03-01,B004,0.1468,0.0457,14.7
2020-04-01,B004,0.1481,0.0466,10.1
2020-05-01,B004,0.1487,0.0433,14.6
2020-06-01,B004,0.1518,0.0467,11.53
2020-07-01,B004,0.152,0.0457,10.99
2020-08-01,B004,0.1525,0.047,15.91
2020-09-01,B004,0.1503,0.0455,10.09
2020-10-01,B004,0.1543,0.048,13.52
2020-11-01,B004,0.1486,0.0464,14.93
2020-12-01,B004,0.1548,0.0454,9.06
2021-01-01,B004,0.1546,0.0443,16.51
2021-02-01,B004,0.1574,0.0484,15.43
2021-03-01,B004,0.1586,0.0484,17.73
2021-04-01,B004,0.1585,0.0458,9.25
2021-05-01,B004,0.1584,0.0463,13.49
2021-06-01,B004,0.1569,0.0458,12.41
2021-07-01,B004,0.1528,0.046,15.34
2021-08-01,B004,0.1514,0.0486,14.33
2021-09-01,B004,0.1557,0.0452,11.22
2021-10-01,B004,0.1571,0.0447,12.21
2021-11-01,B004,0.1539,0.0463,14.46
2021-12-01,B004,0.1598,0.0468,12.65
2022-01-01,B004,0.1595,0.0479,13.19
2022-02-01,B004,0.1566,0.0494,11.64
2022-03-01,B004,0.1608,0.0468,9.8
2022-04-01,B004,0.1617,0.0499,14.37
2022-05-01,B004,0.1616,0.0487,9.88
2022-06-01,B004,0.1562,0.05,13.64
2022-07-01,B004,0.1631,0.0493,17.65
2022-08-01,B004,0.1557,0.0485,13.78
2022-09-01,B004,0.1582,0.0497,11.14
2022-10-01,B004,0.1562,0.0468,12.18
2022-11-01,B004,0.1573,0.0464,11.27
2022-12-01,B004,0.1629,0.048,17.95
2023-01-01,B004,0.1594,0.0461,17.85
2023-02-01,B004,0.1639,0.0492,9.6
2023-03-01,B004,0.1591,0.0481,12.81
2023-04-01,B004,0.1654,0.0493,16.46
2023-05-01,B004,0.1656,0.0499,11.64
2023-06-01,B004,0.1615,0.0475,11.96
2023-07-01,B004,0.167,0.0471,11.3
2023-08-01,B004,0.1648,0.0498,17.48
2023-09-01,B004,0.16,0.0472,16.6
2023-10-01,B004,0.1658,0.0509,9.29
2023-11-01,B004,0.1651,0.0517,13.3
2023-12-01,B004,0.1639,0.0499,9.86
2024-01-01,B004,0.1623,0.0474,17.18
2024-02-01,B004,0.1673,0.0493,16.56
2024-03-01,B004,0.161,0.0483,15.14
2024-04-01,B004,0.1626,0.0512,14.51
2024-05-01,B004,0.1618,0.0521,11.87
2024-06-01,B004,0.1694,0.0476,10.49
2024-07-01,B004,0.163,0.0496,16.75
2024-08-01,B004,0.1706,0.0523,11.35
2024-09-01,B004,0.1695,0.0478,16.54
2024-10-01,B004,0.1649,0.0495,12.66
2024-11-01,B004,0.1699,0.0505,10.49
2024-12-01,B004,0.1732,0.0495,16.86
2020-01-01,B005,0.1106,0.0467,16.4
2020-02-01,B005,0.113,0.046,10.15
2020-03-01,B005,0.1117,0.0459,14.09
2020-04-01,B005,0.1111,0.047,13.95
2020-05-01,B005,0.1097,0.0436,12.67
2020-06-01,B005,0.1111,0.047,12.12
2020-07-01,B005,0.111,0.0476,16.35
2020-08-01,B005,0.1144,0.0447,11.26
2020-09-01,B005,0.1112,0.048,16.05
2020-10-01,B005,0.1129,0.0443,10.89
2020-11-01,B005,0.1123,0.0464,12.44
2020-12-01,B005,0.1155,0.0441,17.56
2021-01-01,B005,0.1116,0.044,14.68
2021-02-01,B005,0.1162,0.0445,12.59
2021-03-01,B005,0.1143,0.0482,10.07
2021-04-01,B005,0.1123,0.048,15.44
2021-05-01,B005,0.1107,0.0485,17.67
2021-06-01,B005,0.1137,0.0462,9.35
2021-07-01,B005,0.116,0.0474,17.7
2021-08-01,B005,0.1176,0.0452,14.67
2021-09-01,B005,0.1163,0.0453,15.74
2021-10-01,B005,0.1144,0.0474,9.59
2021-11-01,B005,0.116,0.0472,15.3
2021-12-01,B005,0.1142,0.0466,9.17
2022-01-01,B005,0.1139,0.0476,12.6
2022-02-01,B005,0.1161,0.045,11.77
2022-03-01,B005,0.1137,0.0467,17.02
2022-04-01,B005,0.1157,0.0478,12.07
2022-05-01,B005,0.1192,0.0497,13.35
2022-06-01,B005,0.1184,0.0459,17.73
2022-07-01,B005,0.1152,0.0458,9.94
2022-08-01,B005,0.1157,0.0492,11.07
2022-09-01,B005,0.1157,0.0488,13.53
2022-10-01,B005,0.1154,0.0498,9.21
2022-11-01,B005,0.116,0.0502,10.21
2022-12-01,B005,0.1154,0.0491,17.21
2023-01-01,B005,0.117,0.0482,12.03
2023-02-01,B005,0.1198,0.0479,17.89
2023-03-01,B005,0.1213,0.0495,15.36
2023-04-01,B005,0.1164,0.0489,11.4
2023-05-01,B005,0.1164,0.0488,11.53
2023-06-01,B005,0.122,0.0472,10.93
2023-07-01,B005,0.1217,0.049,11.79
2023-08-01,B005,0.122,0.0487,11.37
2023-09-01,B005,0.1205,0.0493,15.59
2023-10-01,B005,0.1213,0.0513,12.72
2023-11-01,B005,0.1222,0.0499,13.56
2023-12-01,B005,0.1174,0.0481,15.42
2024-01-01,B005,0.1218,0.048,13.34
2024-02-01,B005,0.1224,0.0509,13.06
2024-03-01,B005,0.121,0.0511,17.37
2024-04-01,B005,0.1244,0.0508,9.91
2024-05-01,B005,0.1253,0.0489,9.19
2024-06-01,B005,0.1196,0.0521,9.68
2024-07-01,B005,0.1257,0.0479,15.3
2024-08-01,B005,0.1191,0.0519,10.82
2024-09-01,B005,0.1235,0.0505,15.02
2024-10-01,B005,0.1248,0.0486,17.38
2024-11-01,B005,0.1258,0.0502,14.98
2024-12-01,B005,0.1216,0.051,15.3
2020-01-01,B006,0.1504,0.0457,15.84
2020-02-01,B006,0.1544,0.0472,11.17
2020-03-01,B006,0.1486,0.0455,14.56
2020-04-01,B006,0.149,0.0472,9.74
2020-05-01,B006,0.1521,0.0468,12.03
2020-06-01,B006,0.152,0.0433,10.3
2020-07-01,B006,0.1556,0.0444,17.62
2020-08-01,B006,0.1542,0.0472,16.71
2020-09-01,B006,0.1485,0.0467,14.89
2020-10-01,B006,0.1518,0.0438,13.81
2020-11-01,B006,0.1528,0.0473,16.49
2020-12-01,B006,0.149,0.0459,11.21
2021-01-01,B006,0.151,0.0458,17.23
2021-02-01,B006,0.1558,0.0481,12.65
2021-03-01,B006,0.1536,0.0467,17.77
2021-04-01,B006,0.1544,0.0482,11.89
2021-05-01,B006,0.1527,0.0474,17.75
2021-06-01,B006,0.1517,0.0458,16.07
2021-07-01,B006,0.1555,0.046,16.96
2021-08-01,B006,0.1561,0.0453,16.77
2021-09-01,B006,0.1573,0.0471,12.86
2021-10-01,B006,0.1585,0.0448,16.23
2021-11-01,B006,0.1603,0.0449,15.37
2021-12-01,B006,0.1609,0.0486,16.63
2022-01-01,B006,0.1543,0.0494,12.17
2022-02-01,B006,0.1585,0.0472,17.09
2022-03-01,B006,0.1546,0.0468,13.63
2022-04-01,B006,0.1594,0.0453,9.22
2022-05-01,B006,0.1544,0.0481,17.43
2022-06-01,B006,0.1554,0.0493,15.25
2022-07-01,B006,0.1626,0.0484,9.21
2022-08-01,B006,0.1613,0.047,11.84
2022-09-01,B006,0.1576,0.05,17.99
2022-10-01,B006,0.1635,0.0499,17.46
2022-11-01,B006,0.1576,0.0474,16.59
2022-12-01,B006,0.1628,0.0476,14.52
2023-01-01,B006,0.1661,0.0492,13.01
2023-02-01,B006,0.1626,0.0496,12.0
2023-03-01,B006,0.1592,0.0494,17.93
2023-04-01,B006,0.1638,0.0505,12.02
2023-05-01,B006,0.164,0.0491,17.31
2023-06-01,B006,0.1658,0.0474,9.96
2023-07-01,B006,0.1591,0.0511,12.82
2023-08-01,B006,0.1649,0.0512,15.68
2023-09-01,B006,0.1676,0.0476,10.07
2023-10-01,B006,0.1616,0.049,11.0
2023-11-01,B006,0.1613,0.0492,9.92
2023-12-01,B006,0.166,0.0513,14.29
2024-01-01,B006,0.1623,0.0492,12.92
2024-02-01,B006,0.1605,0.0501,9.0
2024-03-01,B006,0.164,0.0503,16.13
2024-04-01,B006,0.1637,0.0494,10.66
2024-05-01,B006,0.1659,0.0499,14.17
2024-06-01,B006,0.1656,0.0504,17.53
2024-07-01,B006,0.1652,0.048,10.04
2024-08-01,B006,0.1669,0.0524,17.26
2024-09-01,B006,0.1719,0.0521,12.2
2024-10-01,B006,0.1669,0.0496,16.97
2024-11-01,B006,0.1718,0.0511,12.48
2024-12-01,B006,0.1685,0.0491,17.47
2020-01-01,B007,0.1084,0.0463,16.55
2020-02-01,B007,0.1073,0.0446,13.06
2020-03-01,B007,0.1113,0.046,17.83
2020-04-01,B007,0.1095,0.0455,15.43
2020-05-01,B007,0.1081,0.0435,9.21
2020-06-01,B007,0.1083,0.0443,16.13
2020-07-01,B007,0.1115,0.0462,17.17
2020-08-01,B007,0.1122,0.0438,17.97
2020-09-01,B007,0.1129,0.0474,16.69
2020-10-01,B007,0.1107,0.0478,14.58
2020-11-01,B007,0.1101,0.047,9.58
2020-12-01,B007,0.1103,0.0467,13.64
2021-01-01,B007,0.1106,0.0446,17.82
2021-02-01,B007,0.1121,0.046,15.11
2021-03-01,B007,0.1103,0.0469,13.73
2021-04-01,B007,0.1103,0.0466,14.41
2021-05-01,B007,0.1152,0.0473,15.89
2021-06-01,B007,0.1106,0.0444,15.04
2021-07-01,B007,0.1141,0.0464,12.42
2021-08-01,B007,0.1156,0.0448,9.95
2021-09-01,B007,0.1151,0.0467,15.68
2021-10-01,B007,0.1129,0.0458,9.85
2021-11-01,B007,0.1178,0.0472,9.39
2021-12-01,B007,0.1151,0.0492,14.8
2022-01-01,B007,0.117,0.0462,16.46
2022-02-01,B007,0.114,0.0458,11.63
2022-03-01,B007,0.1175,0.047,13.6
2022-04-01,B007,0.1183,0.047,12.96
2022-05-01,B007,0.1136,0.0467,13.23
2022-06-01,B007,0.1181,0.0494,11.57
2022-07-01,B007,0.119,0.048,9.82
2022-08-01,B007,0.1154,0.0488,17.56
2022-09-01,B007,0.1147,0.0466,16.04
2022-10-01,B007,0.1197,0.0479,9.83
2022-11-01,B007,0.12,0.05,15.14
2022-12-01,B007,0.1166,0.0494,12.77
2023-01-01,B007,0.1149,0.0479,16.14
2023-02-01,B007,0.1194,0.0472,16.56
2023-03-01,B007,0.1209,0.0506,11.04
2023-04-01,B007,0.1173,0.0483,14.11
2023-05-01,B007,0.1224,0.047,11.11
2023-06-01,B007,0.1217,0.0471,13.74
2023-07-01,B007,0.1195,0.0506,13.72
2023-08-01,B007,0.1223,0.0481,13.19
2023-09-01,B007,0.1225,0.0483,17.13
2023-10-01,B007,0.1203,0.0492,12.74
2023-11-01,B007,0.1227,0.0507,15.98
2023-12-01,B007,0.1243,0.0511,13.12
2024-01-01,B007,0.1232,0.0509,10.35
2024-02-01,B007,0.1214,0.0515,9.11
2024-03-01,B007,0.1217,0.051,13.87
2024-04-01,B007,0.1216,0.0495,9.31
2024-05-01,B007,0.1198,0.0516,10.38
2024-06-01,B007,0.1247,0.0483,11.55
2024-07-01,B007,0.1242,0.0495,11.03
2024-08-01,B007,0.1241,0.0521,12.51
2024-09-01,B007,0.121,0.0501,11.85
2024-10-01,B007,0.1195,0.0499,11.91
2024-11-01,B007,0.1222,0.0482,13.58
2024-12-01,B007,0.1231,0.0484,15.86
2020-01-01,B008,0.2076,0.0472,16.36
2020-02-01,B008,0.2156,0.0435,14.12
2020-03-01,B008,0.2056,0.0454,14.84
2020-04-01,B008,0.2112,0.0434,10.53
2020-05-01,B008,0.2114,0.0462,15.2
2020-06-01,B008,0.2147,0.0454,17.14
2020-07-01,B008,0.2099,0.0456,11.87
2020-08-01,B008,0.2142,0.046,17.67
2020-09-01,B008,0.2166,0.0441,14.32
2020-10-01,B008,0.2151,0.0472,15.29
2020-11-01,B008,0.2127,0.0438,15.58
2020-12-01,B008,0.2147,0.0454,11.14
2021-01-01,B008,0.2144,0.0475,9.67
2021-02-01,B008,0.2153,0.0444,12.29
2021-03-01,B008,0.2182,0.0441,10.26
2021-04-01,B008,0.2177,0.047,16.92
2021-05-01,B008,0.215,0.0476,15.07
2021-06-01,B008,0.2205,0.0456,14.03
2021-07-01,B008,0.2167,0.0457,11.08
2021-08-01,B008,0.2142,0.0457,13.49
2021-09-01,B008,0.2155,0.0459,17.31
2021-10-01,B008,0.2202,0.0455,11.62
2021-11-01,B008,0.2151,0.0469,10.87
2021-12-01,B008,0.2191,0.0482,13.99
2022-01-01,B008,0.2238,0.0455,10.88
2022-02-01,B008,0.2273,0.0479,17.97
2022-03-01,B008,0.2171,0.0464,15.13
2022-04-01,B008,0.2157,0.0462,11.27
2022-05-01,B008,0.2283,0.0487,16.17
2022-06-01,B008,0.2227,0.0477,12.4
2022-07-01,B008,0.2177,0.0482,11.58
2022-08-01,B008,0.221,0.046,13.7
2022-09-01,B008,0.2296,0.0469,16.67
2022-10-01,B008,0.2209,0.0474,10.85
2022-11-01,B008,0.2209,0.0474,11.53
2022-12-01,B008,0.2311,0.0482,11.71
2023-01-01,B008,0.2306,0.0462,13.16
2023-02-01,B008,0.224,0.0474,11.5
2023-03-01,B008,0.2299,0.0471,14.27
2023-04-01,B008,0.2276,0.05,17.13
2023-05-01,B008,0.2293,0.0478,11.11
2023-06-01,B008,0.2288,0.0508,14.75
2023-07-01,B008,0.2242,0.0487,14.56
2023-08-01,B008,0.2296,0.0471,14.57
2023-09-01,B008,0.2317,0.047,12.46
2023-10-01,B008,0.2312,0.0487,11.5
2023-11-01,B008,0.2319,0.0492,11.06
2023-12-01,B008,0.2254,0.0475,13.93
2024-01-01,B008,0.2357,0.0506,13.72
2024-02-01,B008,0.2246,0.0501,13.21
2024-03-01,B008,0.2339,0.0515,15.45
2024-04-01,B008,0.2285,0.0501,16.15
2024-05-01,B008,0.2373,0.0487,13.13
2024-06-01,B008,0.2313,0.0514,17.84
2024-07-01,B008,0.2324,0.0503,11.93
2024-08-01,B008,0.2272,0.051,17.27
2024-09-01,B008,0.2338,0.0496,11.18
2024-10-01,B008,0.2365,0.0495,12.16
2024-11-01,B008,0.2324,0.051,17.25
2024-12-01,B008,0.2362,0.052,12.49
2020-01-01,B009,0.1106,0.0443,9.14
2020-02-01,B009,0.1072,0.0443,11.14
2020-03-01,B009,0.1087,0.0465,10.2
2020-04-01,B009,0.1107,0.0431,11.26
2020-05-01,B009,0.1103,0.0433,14.27
2020-06-01,B009,0.1114,0.0439,14.13
2020-07-01,B009,0.1084,0.0448,11.85
2020-08-01,B009,0.1125,0.0445,15.88
2020-09-01,B009,0.1133,0.0472,11.13
2020-10-01,B009,0.1144,0.0468,14.11
2020-11-01,B009,0.1135,0.0458,15.0
2020-12-01,B009,0.1105,0.044,12.82
2021-01-01,B009,0.1131,0.0449,15.76
2021-02-01,B009,0.1107,0.048,16.86
2021-03-01,B009,0.114,0.0465,13.7
2021-04-01,B009,0.114,0.0462,17.63
2021-05-01,B009,0.1139,0.0483,16.44
2021-06-01,B009,0.1169,0.0489,10.61
2021-07-01,B009,0.1143,0.0471,14.39
2021-08-01,B009,0.1117,0.0465,10.48
2021-09-01,B009,0.1165,0.0476,13.85
2021-10-01,B009,0.1131,0.0448,17.93
2021-11-01,B009,0.1153,0.0453,10.6
2021-12-01,B009,0.1139,0.0466,12.4
2022-01-01,B009,0.1127,0.0481,10.61
2022-02-01,B009,0.1178,0.0456,13.9
2022-03-01,B009,0.1161,0.0458,14.06
2022-04-01,B009,0.1134,0.0485,16.0
2022-05-01,B009,0.1143,0.0461,11.9
2022-06-01,B009,0.1136,0.0493,9.85
2022-07-01,B009,0.1166,0.0474,13.37
2022-08-01,B009,0.1144,0.0491,13.54
2022-09-01,B009,0.1153,0.0495,16.93
2022-10-01,B009,0.1141,0.0477,16.67
2022-11-01,B009,0.1209,0.0471,9.26
2022-12-01,B009,0.1211,0.0486,15.95
2023-01-01,B009,0.1169,0.0501,9.12
2023-02-01,B009,0.117,0.0506,13.85
2023-03-01,B009,0.1156,0.0468,17.0
2023-04-01,B009,0.1167,0.0477,13.24
2023-05-01,B009,0.1196,0.0498,14.13
2023-06-01,B009,0.1205,0.0499,17.48
2023-07-01,B009,0.1221,0.0496,11.81
2023-08-01,B009,0.1171,0.0472,13.28
2023-09-01,B009,0.1211,0.0471,11.65
2023-10-01,B009,0.1227,0.0496,11.9
2023-11-01,B009,0.1176,0.0509,10.73
2023-12-01,B009,0.1212,0.0475,10.98
2024-01-01,B009,0.1188,0.0497,9.58
2024-02-01,B009,0.1196,0.0501,13.74
2024-03-01,B009,0.1181,0.0502,9.08
2024-04-01,B009,0.1194,0.051,10.31
2024-05-01,B009,0.1194,0.0511,16.42
2024-06-01,B009,0.1189,0.0507,14.78
2024-07-01,B009,0.1203,0.0501,15.25
2024-08-01,B009,0.126,0.0495,9.01
2024-09-01,B009,0.1207,0.048,13.46
2024-10-01,B009,0.1255,0.0493,10.11
2024-11-01,B009,0.1245,0.0514,10.36
2024-12-01,B009,0.1247,0.0495,15.76
2020-01-01,B010,0.1472,0.0447,9.4
2020-02-01,B010,0.1496,0.0459,10.28
2020-03-01,B010,0.1537,0.0436,13.12
2020-04-01,B010,0.1543,0.0454,17.73
2020-05-01,B010,0.1558,0.0469,13.34
2020-06-01,B010,0.1555,0.0448,15.87
2020-07-01,B010,0.1508,0.0466,13.32
2020-08-01,B010,0.1493,0.0435,13.03
2020-09-01,B010,0.1569,0.0448,17.84
2020-10-01,B010,0.1515,0.0446,11.35
2020-11-01,B010,0.1569,0.0453,10.08
2020-12-01,B010,0.1573,0.0476,14.17
2021-01-01,B010,0.1549,0.0439,13.82
2021-02-01,B010,0.1541,0.0473,11.68
2021-03-01,B010,0.1538,0.0455,9.08
2021-04-01,B010,0.1586,0.0454,11.84
2021-05-01,B010,0.1556,0.0465,9.23
2021-06-01,B010,0.1529,0.0472,15.76
2021-07-01,B010,0.1557,0.0489,12.49
2021-08-01,B010,0.1556,0.0446,10.34
2021-09-01,B010,0.154,0.0462,13.73
2021-10-01,B010,0.1599,0.0489,12.12
2021-11-01,B010,0.1571,0.0478,17.02
2021-12-01,B010,0.1554,0.0489,13.06
2022-01-01,B010,0.1605,0.0452,15.74
2022-02-01,B010,0.1565,0.0452,13.59
2022-03-01,B010,0.1594,0.049,10.42
2022-04-01,B010,0.1584,0.0499,14.62
2022-05-01,B010,0.1561,0.0466,17.57
2022-06-01,B010,0.1595,0.0479,16.11
2022-07-01,B010,0.1573,0.0488,10.43
2022-08-01,B010,0.1603,0.0456,14.25
2022-09-01,B010,0.1562,0.0472,10.67
2022-10-01,B010,0.1634,0.0481,17.1
2022-11-01,B010,0.163,0.0485,17.2
2022-12-01,B010,0.1593,0.0479,15.18
2023-01-01,B010,0.1659,0.0477,16.57
2023-02-01,B010,0.1591,0.047,9.54
2023-03-01,B010,0.1571,0.0491,16.55
2023-04-01,B010,0.1648,0.0488,12.48
2023-05-01,B010,0.161,0.0477,13.59
2023-06-01,B010,0.1597,0.0503,15.4
2023-07-01,B010,0.1615,0.0513,9.57
2023-08-01,B010,0.1609,0.049,16.37
2023-09-01,B010,0.167,0.0485,16.37
2023-10-01,B010,0.1648,0.049,16.87
2023-11-01,B010,0.1628,0.0512,9.52
2023-12-01,B010,0.1673,0.0513,14.78
2024-01-01,B010,0.1674,0.052,13.26
2024-02-01,B010,0.1654,0.0483,17.84
2024-03-01,B010,0.1702,0.0479,11.96
2024-04-01,B010,0.1686,0.0521,10.3
2024-05-01,B010,0.1632,0.0486,13.41
2024-06-01,B010,0.1619,0.0493,12.15
2024-07-01,B010,0.1712,0.0518,14.76
2024-08-01,B010,0.1634,0.0511,14.59
2024-09-01,B010,0.1711,0.0507,12.85
2024-10-01,B010,0.1726,0.0494,13.08
2024-11-01,B010,0.1703,0.0518,9.8
2024-12-01,B010,0.1634,0.0506,17.05
2020-01-01,B011,0.1132,0.0453,10.3
2020-02-01,B011,0.1091,0.0445,14.52
2020-03-01,B011,0.1138,0.0437,16.89
2020-04-01,B011,0.1089,0.0434,15.72
2020-05-01,B011,0.1124,0.0465,13.93
2020-06-01,B011,0.114,0.0458,16.9
2020-07-01,B011,0.1097,0.047,11.28
2020-08-01,B011,0.1099,0.0443,12.48
2020-09-01,B011,0.1127,0.0464,15.38
2020-10-01,B011,0.1094,0.0452,10.72
2020-11-01,B011,0.1118,0.0457,15.6
2020-12-01,B011,0.1151,0.0438,15.71
2021-01-01,B011,0.1107,0.0442,10.6
2021-02-01,B011,0.1108,0.0479,12.61
2021-03-01,B011,0.1128,0.0478,17.95
2021-04-01,B011,0.1145,0.0473,14.83
2021-05-01,B011,0.1127,0.0447,15.32
2021-06-01,B011,0.1155,0.0468,13.86
2021-07-01,B011,0.1152,0.0453,9.21
2021-08-01,B011,0.1141,0.0459,17.3
2021-09-01,B011,0.115,0.0461,11.78
2021-10-01,B011,0.1138,0.0464,17.96
2021-11-01,B011,0.1171,0.0472,9.74
2021-12-01,B011,0.1184,0.0487,13.29
2022-01-01,B011,0.1157,0.0491,10.87
2022-02-01,B011,0.1175,0.0486,15.04
2022-03-01,B011,0.1163,0.0455,9.17
2022-04-01,B011,0.1163,0.0458,12.29
2022-05-01,B011,0.1192,0.0496,14.9
2022-06-01,B011,0.1167,0.0489,16.33
2022-07-01,B011,0.1142,0.0489,15.18
2022-08-01,B011,0.1145,0.0472,17.79
2022-09-01,B011,0.119,0.049,14.63
2022-10-01,B011,0.1179,0.0458,12.13
2022-11-01,B011,0.1174,0.0459,16.43
2022-12-01,B011,0.1207,0.0506,13.99
2023-01-01,B011,0.1193,0.0502,13.79
2023-02-01,B011,0.1206,0.0509,10.73
2023-03-01,B011,0.1213,0.0499,13.7
2023-04-01,B011,0.1214,0.0464,14.94
2023-05-01,B011,0.1212,0.0503,12.33
2023-06-01,B011,0.1196,0.0502,15.82
2023-07-01,B011,0.1179,0.0483,11.15
2023-08-01,B011,0.1203,0.0498,12.52
2023-09-01,B011,0.1225,0.0476,17.74
2023-10-01,B011,0.1213,0.0482,11.32
2023-11-01,B011,0.1177,0.0472,12.55
2023-12-01,B011,0.1221,0.0477,9.6
2024-01-01,B011,0.1203,0.0487,9.3
2024-02-01,B011,0.1177,0.052,12.28
2024-03-01,B011,0.1201,0.0519,11.08
2024-04-01,B011,0.1231,0.051,15.56
2024-05-01,B011,0.1233,0.0483,11.53
2024-06-01,B011,0.1189,0.0497,13.13
2024-07-01,B011,0.1227,0.0508,10.15
2024-08-01,B011,0.1232,0.0509,15.44
2024-09-01,B011,0.1208,0.0497,9.82
2024-10-01,B011,0.1252,0.0504,13.91
2024-11-01,B011,0.1255,0.0511,14.6
2024-12-01,B011,0.1237,0.0528,9.23
2020-01-01,B012,0.1089,0.0428,14.68
2020-02-01,B012,0.1122,0.0437,13.04
2020-03-01,B012,0.1106,0.0474,13.93
2020-04-01,B012,0.1132,0.0474,15.65
2020-05-01,B012,0.1093,0.0457,16.07
2020-06-01,B012,0.1129,0.044,13.11
2020-07-01,B012,0.1095,0.0472,14.81
2020-08-01,B012,0.1101,0.0472,13.56
2020-09-01,B012,0.1092,0.0441,11.2
2020-10-01,B012,0.1141,0.0443,16.51
2020-11-01,B012,0.1116,0.0466,12.64
2020-12-01,B012,0.1119,0.0454,15.36
2021-01-01,B012,0.112,0.0465,17.5
2021-02-01,B012,0.1145,0.0446,15.46
2021-03-01,B012,0.1162,0.046,10.24
2021-04-01,B012,0.1124,0.0448,14.9
2021-05-01,B012,0.1139,0.0445,11.34
2021-06-01,B012,0.1167,0.0481,11.78
2021-07-01,B012,0.1164,0.0483,12.05
2021-08-01,B012,0.1137,0.0462,15.31
2021-09-01,B012,0.1123,0.0447,11.04
2021-10-01,B012,0.1119,0.0481,15.41
2021-11-01,B012,0.1118,0.045,14.47
2021-12-01,B012,0.1184,0.0462,17.32
2022-01-01,B012,0.1189,0.0487,13.17
2022-02-01,B012,0.1153,0.0492,16.43
2022-03-01,B012,0.116,0.0492,13.02
2022-04-01,B012,0.1134,0.0461,11.57
2022-05-01,B012,0.1168,0.0483,10.78
2022-06-01,B012,0.1162,0.0479,10.72
2022-07-01,B012,0.114,0.0464,17.75
2022-08-01,B012,0.1169,0.0462,9.26
2022-09-01,B012,0.1189,0.05,15.58
2022-10-01,B012,0.1206,0.0479,16.97
2022-11-01,B012,0.116,0.0486,9.98
2022-12-01,B012,0.1164,0.0477,17.86
2023-01-01,B012,0.1155,0.0469,17.54
2023-02-01,B012,0.1193,0.0479,14.29
2023-03-01,B012,0.1217,0.0498,15.21
2023-04-01,B012,0.121,0.0465,15.89
2023-05-01,B012,0.1209,0.0481,14.18
2023-06-01,B012,0.1175,0.0492,10.63
2023-07-01,B012,0.1212,0.0512,16.57
2023-08-01,B012,0.1216,0.0514,13.13
2023-09-01,B012,0.1175,0.0505,13.31
2023-10-01,B012,0.1195,0.0491,14.67
2023-11-01,B012,0.1197,0.0486,14.88
2023-12-01,B012,0.1176,0.0494,14.07
2024-01-01,B012,0.1189,0.051,9.35
2024-02-01,B012,0.1212,0.0474,13.94
2024-03-01,B012,0.1182,0.0477,12.16
2024-04-01,B012,0.1242,0.0513,12.18
2024-05-01,B012,0.1198,0.0502,11.93
2024-06-01,B012,0.1223,0.0515,12.66
2024-07-01,B012,0.1192,0.0491,15.99
2024-08-01,B012,0.122,0.0509,15.06
2024-09-01,B012,0.1216,0.0509,15.53
2024-10-01,B012,0.1212,0.0491,17.16
2024-11-01,B012,0.1229,0.0516,11.93
2024-12-01,B012,0.1221,0.0527,14.75
2020-01-01,B013,0.2042,0.0452,15.62
2020-02-01,B013,0.2097,0.0438,17.9
2020-03-01,B013,0.2119,0.0459,9.11
2020-04-01,B013,0.216,0.0463,10.57
2020-05-01,B013,0.2099,0.0468,10.14
2020-06-01,B013,0.2081,0.0434,9.47
2020-07-01,B013,0.2139,0.0465,13.11
2020-08-01,B013,0.2172,0.047,9.39
2020-09-01,B013,0.2129,0.0459,17.98
2020-10-01,B013,0.2128,0.0457,16.45
2020-11-01,B013,0.2178,0.0459,11.83
2020-12-01,B013,0.216,0.0478,15.7
2021-01-01,B013,0.2174,0.0455,16.29
2021-02-01,B013,0.2212,0.0481,16.94
2021-03-01,B013,0.2116,0.0473,12.17
2021-04-01,B013,0.2226,0.0485,10.94
2021-05-01,B013,0.2191,0.0461,17.72
2021-06-01,B013,0.2154,0.0455,17.03
2021-07-01,B013,0.2163,0.0471,11.75
2021-08-01,B013,0.2163,0.0488,13.92
2021-09-01,B013,0.221,0.047,14.12
2021-10-01,B013,0.221,0.0446,12.75
2021-11-01,B013,0.2157,0.0473,10.34
2021-12-01,B013,0.2266,0.0448,14.42
2022-01-01,B013,0.2209,0.045,10.11
2022-02-01,B013,0.2269,0.0463,14.18
2022-03-01,B013,0.2162,0.0479,9.82
2022-04-01,B013,0.2192,0.0493,15.67
2022-05-01,B013,0.2159,0.0472,11.01
2022-06-01,B013,0.2255,0.0478,12.63
2022-07-01,B013,0.2197,0.0461,11.25
2022-08-01,B013,0.2283,0.0469,10.96
2022-09-01,B013,0.2295,0.0487,10.55
2022-10-01,B013,0.2183,0.05,10.96
2022-11-01,B013,0.2257,0.0501,16.56
2022-12-01,B013,0.2243,0.0466,12.27
2023-01-01,B013,0.2279,0.0487,14.01
2023-02-01,B013,0.2258,0.0473,11.37
2023-03-01,B013,0.2235,0.0495,11.2
2023-04-01,B013,0.2279,0.0473,10.22
2023-05-01,B013,0.2256,0.0467,14.44
2023-06-01,B013,0.2314,0.0478,11.44
2023-07-01,B013,0.2222,0.0495,16.47
2023-08-01,B013,0.2248,0.0487,10.44
2023-09-01,B013,0.2326,0.0487,13.6
2023-10-01,B013,0.2263,0.0502,17.08
2023-11-01,B013,0.235,0.0477,10.77
2023-12-01,B013,0.2294,0.051,11.63
2024-01-01,B013,0.2287,0.0485,13.36
2024-02-01,B013,0.2287,0.049,9.79
2024-03-01,B013,0.2338,0.0491,14.82
2024-04-01,B013,0.2368,0.0493,17.53
2024-05-01,B013,0.2347,0.0519,12.83
2024-06-01,B013,0.2375,0.0523,14.74
2024-07-01,B013,0.2379,0.052,11.92
2024-08-01,B013,0.2373,0.0503,10.65
2024-09-01,B013,0.2343,0.051,15.95
2024-10-01,B013,0.2415,0.0479,12.01
2024-11-01,B013,0.236,0.0512,14.92
2024-12-01,B013,0.2379,0.051,15.26
2020-01-01,B014,0.1303,0.0469,11.47
2020-02-01,B014,0.1327,0.0468,15.66
2020-03-01,B014,0.1339,0.0441,13.22
2020-04-01,B014,0.1313,0.0456,17.33
2020-05-01,B014,0.1305,0.0439,15.9
2020-06-01,B014,0.1311,0.045,16.27
2020-07-01,B014,0.1316,0.045,16.69
2020-08-01,B014,0.1339,0.0458,12.02
2020-09-01,B014,0.132,0.046,15.78
2020-10-01,B014,0.1289,0.0476,16.06
2020-11-01,B014,0.129,0.047,10.68
2020-12-01,B014,0.1337,0.0471,13.83
2021-01-01,B014,0.1348,0.0469,17.37
2021-02-01,B014,0.1333,0.0443,16.9
2021-03-01,B014,0.1378,0.0441,9.62
2021-04-01,B014,0.1306,0.0443,15.13
2021-05-01,B014,0.1323,0.0481,10.48
2021-06-01,B014,0.1314,0.0446,14.78
2021-07-01,B014,0.1388,0.0477,12.34
2021-08-01,B014,0.1385,0.0473,13.79
2021-09-01,B014,0.1392,0.048,15.08
2021-10-01,B014,0.1354,0.0463,16.23
2021-11-01,B014,0.14,0.0471,15.6
2021-12-01,B014,0.1359,0.0494,13.27
2022-01-01,B014,0.134,0.0464,15.83
2022-02-01,B014,0.1408,0.0455,10.65
2022-03-01,B014,0.1372,0.0471,10.79
2022-04-01,B014,0.138,0.0455,14.39
2022-05-01,B014,0.1385,0.0459,10.59
2022-06-01,B014,0.1342,0.0477,16.33
2022-07-01,B014,0.1361,0.0458,17.97
2022-08-01,B014,0.1425,0.0473,12.5
2022-09-01,B014,0.1353,0.0466,13.67
2022-10-01,B014,0.135,0.0469,12.39
2022-11-01,B014,0.1431,0.0482,15.78
2022-12-01,B014,0.1363,0.0459,10.88
2023-01-01,B014,0.1421,0.0476,17.31
2023-02-01,B014,0.1433,0.0503,14.12
2023-03-01,B014,0.1365,0.0486,11.42
2023-04-01,B014,0.1403,0.0482,11.54
2023-05-01,B014,0.138,0.0511,11.62
2023-06-01,B014,0.1432,0.0475,12.24
2023-07-01,B014,0.1451,0.0472,15.18
2023-08-01,B014,0.1382,0.0512,9.54
2023-09-01,B014,0.1381,0.0472,11.94
2023-10-01,B014,0.1406,0.0514,10.91
2023-11-01,B014,0.1457,0.0481,12.88
2023-12-01,B014,0.1444,0.0473,14.82
2024-01-01,B014,0.1422,0.0487,9.32
2024-02-01,B014,0.1395,0.0486,13.71
2024-03-01,B014,0.1409,0.0476,17.09
2024-04-01,B014,0.144,0.0504,12.19
2024-05-01,B014,0.1418,0.049,13.55
2024-06-01,B014,0.1407,0.0501,12.73
2024-07-01,B014,0.1408,0.049,16.6
2024-08-01,B014,0.1412,0.0478,17.95
2024-09-01,B014,0.144,0.0506,10.98
2024-10-01,B014,0.1468,0.0503,15.21
2024-11-01,B014,0.1434,0.05,13.72
2024-12-01,B014,0.1487,0.05,13.14
2020-01-01,B015,0.2124,0.0437,13.65
2020-02-01,B015,0.2062,0.0453,11.75
2020-03-01,B015,0.2131,0.045,16.85
2020-04-01,B015,0.214,0.0434,12.89
2020-05-01,B015,0.2108,0.0433,10.29
2020-06-01,B015,0.2152,0.0459,11.77
2020-07-01,B015,0.2149,0.0451,17.44
2020-08-01,B015,0.2078,0.0443,15.09
2020-09-01,B015,0.2123,0.0478,10.98
2020-10-01,B015,0.2152,0.0481,13.52
2020-11-01,B015,0.2203,0.0455,14.45
2020-12-01,B015,0.2129,0.0475,10.72
2021-01-01,B015,0.2151,0.0451,15.69
2021-02-01,B015,0.2145,0.0449,11.51
2021-03-01,B015,0.2186,0.048,15.25
2021-04-01,B015,0.2157,0.0451,10.4
2021-05-01,B015,0.2117,0.045,9.91
2021-06-01,B015,0.2154,0.0448,11.38
2021-07-01,B015,0.2122,0.0478,17.4
2021-08-01,B015,0.2177,0.045,17.19
2021-09-01,B015,0.2157,0.0453,15.86
2021-10-01,B015,0.2162,0.0481,14.6
2021-11-01,B015,0.217,0.0493,11.42
2021-12-01,B015,0.2175,0.047,17.17
2022-01-01,B015,0.2261,0.0453,16.17
2022-02-01,B015,0.2221,0.0491,11.89
2022-03-01,B015,0.2234,0.0497,17.68
2022-04-01,B015,0.2181,0.0499,13.63
2022-05-01,B015,0.216,0.0463,11.1
2022-06-01,B015,0.2178,0.0486,14.62
2022-07-01,B015,0.2276,0.0459,11.65
2022-08-01,B015,0.2254,0.0487,16.24
2022-09-01,B015,0.2193,0.0499,17.38
2022-10-01,B015,0.2192,0.0483,14.38
2022-11-01,B015,0.2304,0.0482,9.23
2022-12-01,B015,0.2291,0.0506,12.03
2023-01-01,B015,0.2286,0.047,10.36
2023-02-01,B015,0.2296,0.0489,16.11
2023-03-01,B015,0.2211,0.0462,13.22
2023-04-01,B015,0.2301,0.0492,9.07
2023-05-01,B015,0.2309,0.0463,17.86
2023-06-01,B015,0.2307,0.0484,17.08
2023-07-01,B015,0.2244,0.0484,11.7
2023-08-01,B015,0.2266,0.0513,12.7
2023-09-01,B015,0.2259,0.0503,13.13
2023-10-01,B015,0.2248,0.0474,17.9
2023-11-01,B015,0.2362,0.0498,14.8
2023-12-01,B015,0.2281,0.0505,12.05
2024-01-01,B015,0.233,0.0476,16.31
2024-02-01,B015,0.2269,0.0511,11.94
2024-03-01,B015,0.2263,0.0496,12.86
2024-04-01,B015,0.2278,0.0501,13.02
2024-05-01,B015,0.2289,0.0483,15.91
2024-06-01,B015,0.2386,0.0489,11.18
2024-07-01,B015,0.231,0.048,16.66
2024-08-01,B015,0.2341,0.0491,13.07
2024-09-01,B015,0.2359,0.051,13.13
2024-10-01,B015,0.2303,0.0498,11.18
2024-11-01,B015,0.2336,0.0489,16.87
2024-12-01,B015,0.2339,0.0481,17.22
2020-01-01,B016,0.1277,0.0459,15.56
2020-02-01,B016,0.1276,0.0468,10.65
2020-03-01,B016,0.1292,0.0472,9.69
2020-04-01,B016,0.13,0.0443,13.51
2020-05-01,B016,0.1286,0.0459,14.82
2020-06-01,B016,0.1338,0.0446,12.19
2020-07-01,B016,0.1351,0.0461,13.59
2020-08-01,B016,0.1288,0.044,15.23
2020-09-01,B016,0.1318,0.0463,10.21
2020-10-01,B016,0.1299,0.0475,14.77
2020-11-01,B016,0.1351,0.0468,9.91
2020-12-01,B016,0.1326,0.048,16.38
2021-01-01,B016,0.131,0.0453,11.6
2021-02-01,B016,0.134,0.0455,13.92
2021-03-01,B016,0.1351,0.0459,16.45
2021-04-01,B016,0.1366,0.0468,15.73
2021-05-01,B016,0.1317,0.0442,14.73
2021-06-01,B016,0.1361,0.0486,13.36
2021-07-01,B016,0.138,0.0472,9.35
2021-08-01,B016,0.1321,0.0454,17.4
2021-09-01,B016,0.1347,0.0461,17.72
2021-10-01,B016,0.1327,0.0493,9.03
2021-11-01,B016,0.1347,0.0483,13.11
2021-12-01,B016,0.1385,0.0481,14.19
2022-01-01,B016,0.1377,0.0471,15.23
2022-02-01,B016,0.1402,0.0454,12.15
2022-03-01,B016,0.1363,0.0474,13.32
2022-04-01,B016,0.1395,0.0453,13.04
2022-05-01,B016,0.1355,0.0477,15.37
2022-06-01,B016,0.134,0.0473,17.48
2022-07-01,B016,0.1359,0.0468,9.21
2022-08-01,B016,0.1389,0.0463,13.34
2022-09-01,B016,0.136,0.0501,10.16
2022-10-01,B016,0.1417,0.05,13.07
2022-11-01,B016,0.1362,0.0505,15.16
2022-12-01,B016,0.1425,0.0467,17.14
2023-01-01,B016,0.1415,0.0508,14.11
2023-02-01,B016,0.1401,0.048,12.6
2023-03-01,B016,0.1374,0.0474,9.87
2023-04-01,B016,0.14,0.048,14.26
2023-05-01,B016,0.1391,0.0472,10.68
2023-06-01,B016,0.1433,0.048,11.41
2023-07-01,B016,0.145,0.0465,11.34
2023-08-01,B016,0.144,0.0509,13.08
2023-09-01,B016,0.1395,0.0503,14.37
2023-10-01,B016,0.1391,0.0503,17.76
2023-11-01,B016,0.1442,0.0491,11.72
2023-12-01,B016,0.1412,0.0515,12.35
2024-01-01,B016,0.145,0.0503,13.86
2024-02-01,B016,0.1468,0.0509,12.94
2024-03-01,B016,0.1408,0.0483,14.69
2024-04-01,B016,0.1407,0.0516,11.82
2024-05-01,B016,0.1462,0.0495,16.79
2024-06-01,B016,0.1447,0.0491,17.3
2024-07-01,B016,0.1423,0.0519,15.89
2024-08-01,B016,0.1452,0.052,12.95
2024-09-01,B016,0.1482,0.0492,9.5
2024-10-01,B016,0.1468,0.0491,13.62
2024-11-01,B016,0.1486,0.0497,17.93
2024-12-01,B016,0.1462,0.049,14.47
2020-01-01,B017,0.1315,0.046,15.05
2020-02-01,B017,0.1306,0.0472,13.31
2020-03-01,B017,0.1267,0.0444,14.14
2020-04-01,B017,0.1308,0.0443,10.88
2020-05-01,B017,0.1303,0.0435,17.19
2020-06-01,B017,0.1341,0.0472,11.44
2020-07-01,B017,0.1354,0.0435,14.42
2020-08-01,B017,0.1341,0.0449,12.74
2020-09-01,B017,0.1315,0.0458,11.4
2020-10-01,B017,0.132,0.0444,14.22
2020-11-01,B017,0.1355,0.0465,16.01
2020-12-01,B017,0.1293,0.048,12.11
2021-01-01,B017,0.1365,0.0457,11.69
2021-02-01,B017,0.1315,0.0452,10.59
2021-03-01,B017,0.1343,0.048,13.27
2021-04-01,B017,0.137,0.0482,17.93
2021-05-01,B017,0.1346,0.0468,16.22
2021-06-01,B017,0.1363,0.0452,14.76
2021-07-01,B017,0.1317,0.0452,12.37
2021-08-01,B017,0.1388,0.0482,15.28
2021-09-01,B017,0.1321,0.0449,9.52
2021-10-01,B017,0.1389,0.0454,12.8
2021-11-01,B017,0.1398,0.0484,14.07
2021-12-01,B017,0.1398,0.0452,16.62
2022-01-01,B017,0.1365,0.0474,15.9
2022-02-01,B017,0.1372,0.0464,17.84
2022-03-01,B017,0.1348,0.0495,14.52
2022-04-01,B017,0.1406,0.0473,13.05
2022-05-01,B017,0.134,0.0477,11.95
2022-06-01,B017,0.1353,0.0473,15.45
2022-07-01,B017,0.1354,0.0495,9.32
2022-08-01,B017,0.1404,0.0493,11.69
2022-09-01,B017,0.1383,0.0479,11.38
2022-10-01,B017,0.141,0.0487,9.16
2022-11-01,B017,0.1421,0.0462,17.64
2022-12-01,B017,0.1393,0.0468,9.67
2023-01-01,B017,0.1407,0.0469,12.31
2023-02-01,B017,0.1417,0.0507,9.34
2023-03-01,B017,0.138,0.0484,13.45
2023-04-01,B017,0.1394,0.0502,13.45
2023-05-01,B017,0.1403,0.0501,9.11
2023-06-01,B017,0.1436,0.0506,12.84
2023-07-01,B017,0.1398,0.0498,17.38
2023-08-01,B017,0.1417,0.0498,13.53
2023-09-01,B017,0.1419,0.0473,13.46
2023-10-01,B017,0.1411,0.0496,10.61
2023-11-01,B017,0.1453,0.0493,17.15
2023-12-01,B017,0.144,0.0487,14.42
2024-01-01,B017,0.1395,0.0475,16.19
2024-02-01,B017,0.1459,0.051,14.6
2024-03-01,B017,0.1417,0.049,12.79
2024-04-01,B017,0.1475,0.0502,14.43
2024-05-01,B017,0.1423,0.0496,14.87
2024-06-01,B017,0.1454,0.0504,14.32
2024-07-01,B017,0.1411,0.05,14.29
2024-08-01,B017,0.1434,0.0488,16.97
2024-09-01,B017,0.1491,0.0496,15.53
2024-10-01,B017,0.1438,0.0484,13.88
2024-11-01,B017,0.1464,0.0512,16.47
2024-12-01,B017,0.1434,0.05,13.85
2020-01-01,B018,0.1131,0.0444,15.67
2020-02-01,B018,0.1086,0.0437,13.32
2020-03-01,B018,0.1084,0.0449,10.12
2020-04-01,B018,0.1103,0.0462,9.75
2020-05-01,B018,0.1083,0.0448,17.51
2020-06-01,B018,0.1098,0.0463,13.83
2020-07-01,B018,0.113,0.0444,10.55
2020-08-01,B018,0.1127,0.0443,12.25
2020-09-01,B018,0.1129,0.046,13.26
2020-10-01,B018,0.1131,0.0479,13.81
2020-11-01,B018,0.1119,0.0467,12.39
2020-12-01,B018,0.1101,0.0468,12.59
2021-01-01,B018,0.1147,0.0456,14.2
2021-02-01,B018,0.1116,0.045,9.9
2021-03-01,B018,0.1153,0.0478,12.12
2021-04-01,B018,0.1144,0.045,12.26
2021-05-01,B018,0.1114,0.0479,14.42
2021-06-01,B018,0.1149,0.0443,10.6
2021-07-01,B018,0.1148,0.0465,15.48
2021-08-01,B018,0.113,0.0491,14.59
2021-09-01,B018,0.1124,0.0462,9.57
2021-10-01,B018,0.1129,0.0482,9.27
2021-11-01,B018,0.1166,0.0475,17.96
2021-12-01,B018,0.116,0.0481,10.48
2022-01-01,B018,0.118,0.0475,11.4
2022-02-01,B018,0.1189,0.0492,9.37
2022-03-01,B018,0.1149,0.0473,10.51
2022-04-01,B018,0.1196,0.0478,11.12
2022-05-01,B018,0.118,0.0488,13.88
2022-06-01,B018,0.1143,0.0461,15.07
2022-07-01,B018,0.1195,0.0489,16.74
2022-08-01,B018,0.1171,0.0492,17.71
2022-09-01,B018,0.1153,0.0459,10.25
2022-10-01,B018,0.118,0.05,12.09
2022-11-01,B018,0.1209,0.0489,16.25
2022-12-01,B018,0.1157,0.0471,13.73
2023-01-01,B018,0.1166,0.0497,14.85
2023-02-01,B018,0.1206,0.0489,15.09
2023-03-01,B018,0.1197,0.0484,15.37
2023-04-01,B018,0.1157,0.0491,10.33
2023-05-01,B018,0.1182,0.0512,17.13
2023-06-01,B018,0.1205,0.0464,12.73
2023-07-01,B018,0.119,0.0476,10.18
2023-08-01,B018,0.1205,0.0508,11.52
2023-09-01,B018,0.1215,0.0494,17.9
2023-10-01,B018,0.1176,0.0517,17.17
2023-11-01,B018,0.1224,0.0507,13.12
2023-12-01,B018,0.1207,0.0489,11.33
2024-01-01,B018,0.1179,0.0471,9.45
2024-02-01,B018,0.1198,0.0487,16.27
2024-03-01,B018,0.1232,0.0504,16.86
2024-04-01,B018,0.12,0.0507,11.56
2024-05-01,B018,0.1225,0.0484,17.99
2024-06-01,B018,0.1249,0.0491,11.35
2024-07-01,B018,0.1222,0.0484,13.57
2024-08-01,B018,0.1249,0.0522,9.12
2024-09-01,B018,0.121,0.0485,15.88
2024-10-01,B018,0.1222,0.0488,16.85
2024-11-01,B018,0.124,0.0485,10.71
2024-12-01,B018,0.1256,0.0491,17.79
2020-01-01,B019,0.1286,0.0472,13.45
2020-02-01,B019,0.1278,0.0467,9.18
2020-03-01,B019,0.1327,0.0457,9.75
2020-04-01,B019,0.1336,0.0471,15.37
2020-05-01,B019,0.1348,0.0471,10.29
2020-06-01,B019,0.1292,0.0465,11.08
2020-07-01,B019,0.1328,0.0441,14.66
2020-08-01,B019,0.1334,0.0451,14.73
2020-09-01,B019,0.1334,0.0462,9.74
2020-10-01,B019,0.1319,0.046,10.08
2020-11-01,B019,0.1307,0.0441,12.08
2020-12-01,B019,0.1361,0.0439,12.43
2021-01-01,B019,0.1339,0.0465,10.79
2021-02-01,B019,0.1314,0.0456,13.79
2021-03-01,B019,0.1348,0.0451,10.67
2021-04-01,B019,0.1346,0.0451,11.45
2021-05-01,B019,0.1315,0.0466,10.73
2021-06-01,B019,0.1386,0.0475,14.75
2021-07-01,B019,0.135,0.0485,16.6
2021-08-01,B019,0.1386,0.0447,10.91
2021-09-01,B019,0.1319,0.046,14.24
2021-10-01,B019,0.1356,0.0472,13.9
2021-11-01,B019,0.1387,0.0485,16.8
2021-12-01,B019,0.1329,0.0478,10.06
2022-01-01,B019,0.1404,0.0489,11.48
2022-02-01,B019,0.1408,0.0452,14.64
2022-03-01,B019,0.1331,0.0496,12.76
2022-04-01,B019,0.1336,0.0496,14.58
2022-05-01,B019,0.1411,0.0464,12.75
2022-06-01,B019,0.136,0.0465,12.55
2022-07-01,B019,0.1401,0.0483,15.15
2022-08-01,B019,0.1344,0.0465,9.82
2022-09-01,B019,0.142,0.0489,13.84
2022-10-01,B019,0.1385,0.0468,10.84
2022-11-01,B019,0.1394,0.0461,17.0
2022-12-01,B019,0.1374,0.0496,17.06
2023-01-01,B019,0.1362,0.0496,17.31
2023-02-01,B019,0.1377,0.0477,14.97
2023-03-01,B019,0.1391,0.0473,12.22
2023-04-01,B019,0.139,0.0498,9.1
2023-05-01,B019,0.1422,0.0464,14.29
2023-06-01,B019,0.1392,0.0511,13.98
2023-07-01,B019,0.1422,0.0503,15.44
2023-08-01,B019,0.1418,0.0514,17.77
2023-09-01,B019,0.146,0.05,12.95
2023-10-01,B019,0.145,0.0512,15.7
2023-11-01,B019,0.143,0.0515,16.03
2023-12-01,B019,0.1431,0.0513,11.05
2024-01-01,B019,0.1464,0.0481,11.25
2024-02-01,B019,0.1473,0.0487,15.37
2024-03-01,B019,0.1396,0.0508,17.92
2024-04-01,B019,0.1463,0.0519,17.75
2024-05-01,B019,0.1455,0.0504,15.26
2024-06-01,B019,0.143,0.0512,9.97
2024-07-01,B019,0.1405,0.0479,16.83
2024-08-01,B019,0.1437,0.0507,17.92
2024-09-01,B019,0.1417,0.0519,12.79
2024-10-01,B019,0.1457,0.052,11.6
2024-11-01,B019,0.1467,0.0507,11.36
2024-12-01,B019,0.1466,0.0522,11.49
2020-01-01,B020,0.1262,0.0471,15.25
2020-02-01,B020,0.1308,0.0461,11.4
2020-03-01,B020,0.1317,0.0437,12.85
2020-04-01,B020,0.127,0.0448,17.09
2020-05-01,B020,0.129,0.0446,9.21
2020-06-01,B020,0.1348,0.0438,16.86
2020-07-01,B020,0.1316,0.0462,16.95
2020-08-01,B020,0.1283,0.0455,15.95
2020-09-01,B020,0.1346,0.0479,17.18
2020-10-01,B020,0.1298,0.0439,13.67
2020-11-01,B020,0.1297,0.0446,10.39
2020-12-01,B020,0.132,0.0481,14.87
2021-01-01,B020,0.1355,0.0479,17.63
2021-02-01,B020,0.1329,0.048,12.23
2021-03-01,B020,0.1354,0.0484,10.27
2021-04-01,B020,0.1332,0.0452,15.12
2021-05-01,B020,0.1312,0.0473,11.81
2021-06-01,B020,0.1322,0.0489,14.18
2021-07-01,B020,0.1367,0.0464,9.93
2021-08-01,B020,0.1319,0.045,9.37
2021-09-01,B020,0.1361,0.0487,10.28
2021-10-01,B020,0.1365,0.0454,13.87
2021-11-01,B020,0.1393,0.047,15.18
2021-12-01,B020,0.1377,0.0465,14.89
2022-01-01,B020,0.1388,0.0477,17.52
2022-02-01,B020,0.1354,0.0486,14.06
2022-03-01,B020,0.1409,0.0491,10.55
2022-04-01,B020,0.1396,0.046,16.61
2022-05-01,B020,0.1355,0.0492,15.84
2022-06-01,B020,0.1405,0.0493,14.29
2022-07-01,B020,0.142,0.0461,16.68
2022-08-01,B020,0.135,0.0469,16.05
2022-09-01,B020,0.1368,0.0494,14.94
2022-10-01,B020,0.1352,0.0499,14.87
2022-11-01,B020,0.1422,0.0481,13.46
2022-12-01,B020,0.1386,0.0484,17.92
2023-01-01,B020,0.1411,0.0487,13.32
2023-02-01,B020,0.1359,0.0486,13.79
2023-03-01,B020,0.1409,0.0494,15.1
2023-04-01,B020,0.1379,0.0487,14.11
2023-05-01,B020,0.1372,0.0497,9.04
2023-06-01,B020,0.1406,0.0512,15.04
2023-07-01,B020,0.1377,0.0494,11.27
2023-08-01,B020,0.1401,0.0511,14.64
2023-09-01,B020,0.1439,0.0474,17.91
2023-10-01,B020,0.1399,0.0516,12.22
2023-11-01,B020,0.1464,0.0502,13.94
2023-12-01,B020,0.1421,0.0478,12.01
2024-01-01,B020,0.1437,0.048,15.64
2024-02-01,B020,0.1395,0.0518,10.55
2024-03-01,B020,0.1401,0.0511,14.14
2024-04-01,B020,0.147,0.0497,11.06
2024-05-01,B020,0.144,0.0496,15.42
2024-06-01,B020,0.144,0.0501,15.74
2024-07-01,B020,0.1471,0.0479,17.37
2024-08-01,B020,0.1431,0.0512,10.86
2024-09-01,B020,0.1455,0.0523,15.2
2024-10-01,B020,0.1449,0.051,10.09
2024-11-01,B020,0.1499,0.0505,16.14
2024-12-01,B020,0.1448,0.0505,14.31
2020-01-01,B021,0.2068,0.0454,13.41
2020-02-01,B021,0.2079,0.0461,16.61
2020-03-01,B021,0.2163,0.0449,10.1
2020-04-01,B021,0.207,0.0467,17.74
2020-05-01,B021,0.2095,0.0448,16.08
2020-06-01,B021,0.2061,0.0449,10.57
2020-07-01,B021,0.2184,0.0437,15.93
2020-08-01,B021,0.2111,0.0461,10.9
2020-09-01,B021,0.2153,0.0463,14.19
2020-10-01,B021,0.2191,0.0476,16.5
2020-11-01,B021,0.212,0.0444,10.36
2020-12-01,B021,0.2178,0.0471,13.39
2021-01-01,B021,0.2201,0.047,16.38
2021-02-01,B021,0.2187,0.0448,14.58
2021-03-01,B021,0.2224,0.0451,17.49
2021-04-01,B021,0.2207,0.0463,16.61
2021-05-01,B021,0.211,0.0449,11.64
2021-06-01,B021,0.2113,0.0463,14.53
2021-07-01,B021,0.2186,0.048,14.45
2021-08-01,B021,0.2165,0.045,11.56
2021-09-01,B021,0.2167,0.0484,11.92
2021-10-01,B021,0.2153,0.0484,11.39
2021-11-01,B021,0.222,0.0465,17.68
2021-12-01,B021,0.2234,0.0488,9.91
2022-01-01,B021,0.2214,0.0482,10.29
2022-02-01,B021,0.2269,0.0491,10.13
2022-03-01,B021,0.219,0.0469,14.67
2022-04-01,B021,0.2206,0.0466,9.95
2022-05-01,B021,0.2178,0.049,15.56
2022-06-01,B021,0.2226,0.0477,14.03
2022-07-01,B021,0.2261,0.0485,15.29
2022-08-01,B021,0.2181,0.0461,9.6
2022-09-01,B021,0.2198,0.0497,17.79
2022-10-01,B021,0.2212,0.0473,17.5
2022-11-01,B021,0.2271,0.0474,12.82
2022-12-01,B021,0.2221,0.0499,17.0
2023-01-01,B021,0.2317,0.0504,11.66
2023-02-01,B021,0.2206,0.0507,13.85
2023-03-01,B021,0.2319,0.0488,10.87
2023-04-01,B021,0.2336,0.0486,15.5
2023-05-01,B021,0.2246,0.0493,10.41
2023-06-01,B021,0.2315,0.0504,13.71
2023-07-01,B021,0.2265,0.0481,15.48
2023-08-01,B021,0.2343,0.0498,13.34
2023-09-01,B021,0.2356,0.049,17.16
2023-10-01,B021,0.2309,0.0514,16.3
2023-11-01,B021,0.226,0.0479,12.03
2023-12-01,B021,0.237,0.0507,12.93
2024-01-01,B021,0.2249,0.0487,11.65
2024-02-01,B021,0.2257,0.0484,13.99
2024-03-01,B021,0.2375,0.0513,13.89
2024-04-01,B021,0.2368,0.0487,17.63
2024-05-01,B021,0.2305,0.0494,13.79
2024-06-01,B021,0.2356,0.0522,9.36
2024-07-01,B021,0.2275,0.0485,13.54
2024-08-01,B021,0.2325,0.0522,14.92
2024-09-01,B021,0.2323,0.0496,12.62
2024-10-01,B021,0.2337,0.0527,14.33
2024-11-01,B021,0.2392,0.0506,9.69
2024-12-01,B021,0.2348,0.05,9.87
2020-01-01,B022,0.1084,0.0449,15.81
2020-02-01,B022,0.1086,0.0434,9.21
2020-03-01,B022,0.1098,0.0463,14.5
2020-04-01,B022,0.1133,0.0473,9.94
2020-05-01,B022,0.1089,0.0449,9.67
2020-06-01,B022,0.1141,0.0468,15.04
2020-07-01,B022,0.1104,0.0446,11.68
2020-08-01,B022,0.1131,0.0435,14.2
2020-09-01,B022,0.1099,0.0436,9.17
2020-10-01,B022,0.1132,0.0455,12.33
2020-11-01,B022,0.1126,0.0479,9.63
2020-12-01,B022,0.1148,0.0438,14.22
2021-01-01,B022,0.1156,0.0482,12.3
2021-02-01,B022,0.1156,0.0458,16.07
2021-03-01,B022,0.1101,0.047,15.04
2021-04-01,B022,0.1164,0.0452,13.61
2021-05-01,B022,0.1122,0.0457,17.93
2021-06-01,B022,0.1115,0.0452,15.61
2021-07-01,B022,0.1158,0.0465,17.22
2021-08-01,B022,0.1154,0.0448,9.74
2021-09-01,B022,0.1143,0.0492,10.49
2021-10-01,B022,0.1142,0.0488,11.31
2021-11-01,B022,0.1156,0.0471,16.78
2021-12-01,B022,0.1162,0.0481,13.28
2022-01-01,B022,0.1146,0.0478,11.75
2022-02-01,B022,0.1192,0.0461,13.73
2022-03-01,B022,0.1127,0.0485,9.97
2022-04-01,B022,0.1157,0.0484,14.86
2022-05-01,B022,0.1183,0.0486,15.83
2022-06-01,B022,0.1199,0.0464,12.6
2022-07-01,B022,0.1169,0.05,10.37
2022-08-01,B022,0.115,0.0461,11.0
2022-09-01,B022,0.1154,0.0463,9.77
2022-10-01,B022,0.1199,0.0487,12.67
2022-11-01,B022,0.1145,0.0476,14.55
2022-12-01,B022,0.1148,0.0471,14.75
2023-01-01,B022,0.1211,0.0477,15.76
2023-02-01,B022,0.1162,0.0487,16.76
2023-03-01,B022,0.1153,0.0474,17.14
2023-04-01,B022,0.1204,0.0504,12.47
2023-05-01,B022,0.1205,0.0484,14.37
2023-06-01,B022,0.1178,0.0498,9.58
2023-07-01,B022,0.1231,0.0483,12.06
2023-08-01,B022,0.1232,0.0467,17.42
2023-09-01,B022,0.12,0.0483,16.95
2023-10-01,B022,0.1215,0.0498,11.38
2023-11-01,B022,0.1196,0.0499,13.91
2023-12-01,B022,0.1208,0.0493,9.36
2024-01-01,B022,0.1192,0.0511,10.49
2024-02-01,B022,0.1213,0.052,12.35
2024-03-01,B022,0.124,0.0505,11.88
2024-04-01,B022,0.1251,0.0481,17.59
2024-05-01,B022,0.1209,0.0507,10.73
2024-06-01,B022,0.1213,0.0505,15.04
2024-07-01,B022,0.1206,0.0492,17.56
2024-08-01,B022,0.1208,0.0485,15.68
2024-09-01,B022,0.1238,0.0483,9.58
2024-10-01,B022,0.1224,0.0504,12.45
2024-11-01,B022,0.1219,0.0518,11.33
2024-12-01,B022,0.1255,0.0517,9.89
2020-01-01,B023,0.129,0.0445,9.84
2020-02-01,B023,0.1272,0.0432,12.46
2020-03-01,B023,0.1283,0.0442,12.9
2020-04-01,B023,0.1322,0.0444,17.13
2020-05-01,B023,0.1343,0.0463,16.21
2020-06-01,B023,0.1285,0.0453,14.6
2020-07-01,B023,0.1284,0.0433,12.33
2020-08-01,B023,0.1296,0.0471,14.21
2020-09-01,B023,0.1337,0.0453,17.25
2020-10-01,B023,0.131,0.0455,10.05
2020-11-01,B023,0.1359,0.0476,9.73
2020-12-01,B023,0.1303,0.0478,16.38
2021-01-01,B023,0.1322,0.0439,13.28
2021-02-01,B023,0.1352,0.0463,12.32
2021-03-01,B023,0.1325,0.0457,17.16
2021-04-01,B023,0.1366,0.0486,11.55
2021-05-01,B023,0.136,0.0458,16.51
2021-06-01,B023,0.1312,0.0456,16.9
2021-07-01,B023,0.1328,0.0478,17.12
2021-08-01,B023,0.1379,0.0477,11.88
2021-09-01,B023,0.1385,0.0489,13.56
2021-10-01,B023,0.1365,0.046,17.25
2021-11-01,B023,0.1332,0.0448,13.65
2021-12-01,B023,0.1395,0.0462,9.25
2022-01-01,B023,0.1349,0.0488,10.52
2022-02-01,B023,0.1328,0.0495,9.96
2022-03-01,B023,0.1387,0.0454,12.84
2022-04-01,B023,0.1392,0.0463,13.43
2022-05-01,B023,0.14,0.0479,14.43
2022-06-01,B023,0.1386,0.0489,13.54
2022-07-01,B023,0.1356,0.0489,11.87
2022-08-01,B023,0.1387,0.0484,11.47
2022-09-01,B023,0.1408,0.0465,16.24
2022-10-01,B023,0.1356,0.0477,10.55
2022-11-01,B023,0.1399,0.0458,9.8
2022-12-01,B023,0.1394,0.048,17.07
2023-01-01,B023,0.1361,0.0479,15.1
2023-02-01,B023,0.1441,0.0481,9.05
2023-03-01,B023,0.138,0.0471,13.89
2023-04-01,B023,0.1377,0.0495,9.49
2023-05-01,B023,0.1386,0.0467,16.01
2023-06-01,B023,0.1393,0.0473,17.49
2023-07-01,B023,0.1405,0.0487,17.54
2023-08-01,B023,0.1403,0.0481,10.07
2023-09-01,B023,0.138,0.0485,14.32
2023-10-01,B023,0.1435,0.048,13.81
2023-11-01,B023,0.1462,0.0472,9.11
2023-12-01,B023,0.144,0.0488,16.34
2024-01-01,B023,0.1469,0.0505,14.91
2024-02-01,B023,0.1459,0.0513,14.62
2024-03-01,B023,0.1478,0.0472,15.25
2024-04-01,B023,0.1443,0.0479,17.91
2024-05-01,B023,0.141,0.0517,12.93
2024-06-01,B023,0.1463,0.05,17.58
2024-07-01,B023,0.1466,0.0513,13.64
2024-08-01,B023,0.1423,0.049,9.25
2024-09-01,B023,0.1453,0.0506,10.26
2024-10-01,B023,0.1483,0.0509,9.45
2024-11-01,B023,0.1423,0.0508,9.58
2024-12-01,B023,0.1469,0.0503,9.9
2020-01-01,B024,0.2145,0.0438,15.51
2020-02-01,B024,0.2092,0.043,12.06
2020-03-01,B024,0.2067,0.0467,15.61
2020-04-01,B024,0.2093,0.0432,12.82
2020-05-01,B024,0.2157,0.047,10.74
2020-06-01,B024,0.2076,0.047,16.58
2020-07-01,B024,0.219,0.0438,12.31
2020-08-01,B024,0.2167,0.0477,11.53
2020-09-01,B024,0.2186,0.048,16.47
2020-10-01,B024,0.2081,0.0443,15.13
2020-11-01,B024,0.2144,0.0461,16.95
2020-12-01,B024,0.2137,0.0475,10.22
2021-01-01,B024,0.2126,0.047,10.31
2021-02-01,B024,0.2097,0.0461,9.44
2021-03-01,B024,0.2191,0.0476,16.09
2021-04-01,B024,0.2135,0.0481,9.27
2021-05-01,B024,0.2195,0.0487,11.79
2021-06-01,B024,0.2188,0.0482,13.28
2021-07-01,B024,0.22,0.0449,9.5
2021-08-01,B024,0.2202,0.0445,13.39
2021-09-01,B024,0.2245,0.048,13.77
2021-10-01,B024,0.2178,0.0472,14.57
2021-11-01,B024,0.2237,0.0494,15.7
2021-12-01,B024,0.2246,0.0491,16.24
2022-01-01,B024,0.2265,0.0454,17.56
2022-02-01,B024,0.2223,0.046,12.42
2022-03-01,B024,0.218,0.049,12.84
2022-04-01,B024,0.2227,0.0467,15.95
2022-05-01,B024,0.2156,0.0454,10.38
2022-06-01,B024,0.2256,0.0494,17.95
2022-07-01,B024,0.2269,0.0486,15.7
2022-08-01,B024,0.224,0.05,9.19
2022-09-01,B024,0.218,0.0486,12.0
2022-10-01,B024,0.2253,0.0498,11.75
2022-11-01,B024,0.2279,0.0461,9.39
2022-12-01,B024,0.2206,0.0471,10.77
2023-01-01,B024,0.2295,0.0495,12.55
2023-02-01,B024,0.2208,0.0472,16.09
2023-03-01,B024,0.2304,0.0508,10.62
2023-04-01,B024,0.2337,0.0505,14.71
2023-05-01,B024,0.2327,0.0479,15.42
2023-06-01,B024,0.2245,0.0507,14.99
2023-07-01,B024,0.2222,0.0499,14.27
2023-08-01,B024,0.2337,0.0491,11.64
2023-09-01,B024,0.2327,0.0514,9.48
2023-10-01,B024,0.2361,0.0512,15.39
2023-11-01,B024,0.2293,0.0475,16.24
2023-12-01,B024,0.2369,0.0504,14.39
2024-01-01,B024,0.2306,0.0516,14.6
2024-02-01,B024,0.2327,0.051,14.53
2024-03-01,B024,0.238,0.0519,17.57
2024-04-01,B024,0.2319,0.0507,16.14
2024-05-01,B024,0.2364,0.0501,16.45
2024-06-01,B024,0.2306,0.05,16.46
2024-07-01,B024,0.2396,0.0509,15.35
2024-08-01,B024,0.239,0.0515,9.72
2024-09-01,B024,0.2301,0.0491,15.75
2024-10-01,B024,0.2328,0.0491,11.6
2024-11-01,B024,0.2376,0.0499,9.52
2024-12-01,B024,0.2357,0.0493,11.16
2020-01-01,B025,0.1319,0.0447,12.75
2020-02-01,B025,0.1305,0.0462,16.72
2020-03-01,B025,0.127,0.0451,15.16
2020-04-01,B025,0.1294,0.0436,10.11
2020-05-01,B025,0.1344,0.0436,10.66
2020-06-01,B025,0.129,0.0451,15.65
2020-07-01,B025,0.1311,0.0438,14.27
2020-08-01,B025,0.131,0.0478,11.81
2020-09-01,B025,0.131,0.0473,15.63
2020-10-01,B025,0.1321,0.0457,12.56
2020-11-01,B025,0.1361,0.0451,13.09
2020-12-01,B025,0.133,0.0475,10.51
2021-01-01,B025,0.1312,0.0465,13.76
2021-02-01,B025,0.1309,0.045,9.71
2021-03-01,B025,0.1345,0.0458,9.77
2021-04-01,B025,0.1309,0.0445,16.0
2021-05-01,B025,0.1376,0.0477,10.42
2021-06-01,B025,0.1326,0.0475,15.94
2021-07-01,B025,0.1382,0.0487,12.5
2021-08-01,B025,0.1356,0.0474,10.34
2021-09-01,B025,0.1394,0.0455,11.1
2021-10-01,B025,0.1323,0.0476,9.05
2021-11-01,B025,0.1382,0.0485,12.98
2021-12-01,B025,0.1341,0.048,9.51
2022-01-01,B025,0.1327,0.0466,13.83
2022-02-01,B025,0.1344,0.0497,14.13
2022-03-01,B025,0.1394,0.0495,15.92
2022-04-01,B025,0.1378,0.0466,9.71
2022-05-01,B025,0.1382,0.0483,9.4
2022-06-01,B025,0.142,0.0489,10.94
2022-07-01,B025,0.1397,0.0499,11.07
2022-08-01,B025,0.1417,0.0465,9.65
2022-09-01,B025,0.1393,0.0456,14.99
2022-10-01,B025,0.1387,0.0482,9.03
2022-11-01,B025,0.1376,0.0481,10.84
2022-12-01,B025,0.143,0.0463,16.83
2023-01-01,B025,0.1417,0.0477,10.01
2023-02-01,B025,0.136,0.0489,16.79
2023-03-01,B025,0.1428,0.0478,13.25
2023-04-01,B025,0.1419,0.0476,15.4
2023-05-01,B025,0.1416,0.0508,9.98
2023-06-01,B025,0.1404,0.0488,9.94
2023-07-01,B025,0.144,0.0505,15.99
2023-08-01,B025,0.1451,0.0487,11.96
2023-09-01,B025,0.1454,0.0501,9.41
2023-10-01,B025,0.1436,0.0517,14.28
2023-11-01,B025,0.1401,0.0477,13.27
2023-12-01,B025,0.1424,0.0517,9.28
2024-01-01,B025,0.139,0.0499,14.5
2024-02-01,B025,0.139,0.0479,13.54
2024-03-01,B025,0.1434,0.0504,17.54
2024-04-01,B025,0.1474,0.0518,13.7
2024-05-01,B025,0.1469,0.0513,10.47
2024-06-01,B025,0.1419,0.0524,15.61
2024-07-01,B025,0.1482,0.0504,17.76
2024-08-01,B025,0.1453,0.0484,10.02
2024-09-01,B025,0.1475,0.0502,15.89
2024-10-01,B025,0.1466,0.0526,13.8
2024-11-01,B025,0.1458,0.0502,12.27
2024-12-01,B025,0.1472,0.0501,14.42
2020-01-01,B026,0.2113,0.0434,10.42
2020-02-01,B026,0.2056,0.0451,11.37
2020-03-01,B026,0.2157,0.0438,15.03
2020-04-01,B026,0.2163,0.0448,14.12
2020-05-01,B026,0.2173,0.0438,17.68
2020-06-01,B026,0.2149,0.0452,17.39
2020-07-01,B026,0.2102,0.0459,16.66
2020-08-01,B026,0.2096,0.0434,15.06
2020-09-01,B026,0.218,0.0449,11.46
2020-10-01,B026,0.2121,0.0464,10.08
2020-11-01,B026,0.2081,0.0474,9.82
2020-12-01,B026,0.2097,0.0472,15.55
2021-01-01,B026,0.2132,0.045,15.79
2021-02-01,B026,0.2137,0.0461,13.74
2021-03-01,B026,0.2136,0.0475,9.28
2021-04-01,B026,0.2126,0.0461,17.15
2021-05-01,B026,0.2157,0.0475,16.21
2021-06-01,B026,0.2204,0.0487,13.3
2021-07-01,B026,0.219,0.0482,14.6
2021-08-01,B026,0.2202,0.0486,11.1
2021-09-01,B026,0.2163,0.0456,9.34
2021-10-01,B026,0.2198,0.0448,14.67
2021-11-01,B026,0.2237,0.0469,11.31
2021-12-01,B026,0.2245,0.0493,16.59
2022-01-01,B026,0.2227,0.0487,13.25
2022-02-01,B026,0.217,0.0487,11.9
2022-03-01,B026,0.2272,0.0486,10.82
2022-04-01,B026,0.2257,0.0474,15.28
2022-05-01,B026,0.2166,0.0469,15.62
2022-06-01,B026,0.216,0.0458,14.32
2022-07-01,B026,0.2233,0.0475,10.26
2022-08-01,B026,0.2221,0.0471,17.35
2022-09-01,B026,0.221,0.0473,16.0
2022-10-01,B026,0.2298,0.0474,10.8
2022-11-01,B026,0.2207,0.0504,10.66
2022-12-01,B026,0.2226,0.0474,14.4
2023-01-01,B026,0.22,0.0468,9.59
2023-02-01,B026,0.2316,0.0468,14.9
2023-03-01,B026,0.2233,0.0495,13.29
2023-04-01,B026,0.2277,0.0483,14.22
2023-05-01,B026,0.2269,0.0473,13.76
2023-06-01,B026,0.2283,0.0472,10.11
2023-07-01,B026,0.2281,0.0509,17.24
2023-08-01,B026,0.2286,0.0484,11.16
2023-09-01,B026,0.2273,0.0481,9.02
2023-10-01,B026,0.2333,0.0494,9.08
2023-11-01,B026,0.2336,0.0516,12.04
2023-12-01,B026,0.2293,0.0491,15.72
2024-01-01,B026,0.2277,0.0519,17.01
2024-02-01,B026,0.2258,0.049,9.28
2024-03-01,B026,0.2303,0.0498,16.06
2024-04-01,B026,0.231,0.0483,17.87
2024-05-01,B026,0.2258,0.0515,11.67
2024-06-01,B026,0.2298,0.0502,12.42
2024-07-01,B026,0.24,0.0507,9.34
2024-08-01,B026,0.2384,0.0497,13.94
2024-09-01,B026,0.2319,0.049,9.13
2024-10-01,B026,0.2413,0.05,16.15
2024-11-01,B026,0.2372,0.0504,13.03
2024-12-01,B026,0.2316,0.0486,13.76
2020-01-01,B027,0.1476,0.0451,9.92
2020-02-01,B027,0.1543,0.047,14.77
2020-03-01,B027,0.1503,0.044,17.76
2020-04-01,B027,0.1537,0.0435,12.3
2020-05-01,B027,0.1533,0.0447,15.85
2020-06-01,B027,0.1483,0.044,14.35
2020-07-01,B027,0.1513,0.0437,12.08
2020-08-01,B027,0.1525,0.0437,13.25
2020-09-01,B027,0.1505,0.045,16.85
2020-10-01,B027,0.1552,0.0464,13.34
2020-11-01,B027,0.1514,0.0476,11.24
2020-12-01,B027,0.1553,0.0471,16.31
2021-01-01,B027,0.1536,0.0473,16.17
2021-02-01,B027,0.1549,0.046,9.15
2021-03-01,B027,0.1532,0.0442,12.57
2021-04-01,B027,0.1565,0.0463,12.74
2021-05-01,B027,0.1576,0.0456,9.84
2021-06-01,B027,0.1516,0.0473,14.34
2021-07-01,B027,0.1545,0.0488,15.64
2021-08-01,B027,0.1592,0.0484,15.02
2021-09-01,B027,0.1581,0.047,9.97
2021-10-01,B027,0.1538,0.0451,15.42
2021-11-01,B027,0.1587,0.0462,14.29
2021-12-01,B027,0.1528,0.0469,14.37
2022-01-01,B027,0.1606,0.0468,13.41
2022-02-01,B027,0.1611,0.0483,11.33
2022-03-01,B027,0.1575,0.0498,9.06
2022-04-01,B027,0.1553,0.0462,12.61
2022-05-01,B027,0.1586,0.0478,10.93
2022-06-01,B027,0.1564,0.0463,12.42
2022-07-01,B027,0.1548,0.0483,10.83
2022-08-01,B027,0.1627,0.0497,9.51
2022-09-01,B027,0.1556,0.0485,13.68
2022-10-01,B027,0.1644,0.0464,10.3
2022-11-01,B027,0.1588,0.0494,14.83
2022-12-01,B027,0.1654,0.0487,12.6
2023-01-01,B027,0.1633,0.0505,11.38
2023-02-01,B027,0.1591,0.0465,13.7
2023-03-01,B027,0.1634,0.0506,13.28
2023-04-01,B027,0.1588,0.0503,10.11
2023-05-01,B027,0.163,0.0508,9.68
2023-06-01,B027,0.1669,0.0497,13.59
2023-07-01,B027,0.1641,0.0504,9.46
2023-08-01,B027,0.1609,0.0489,13.68
2023-09-01,B027,0.167,0.0477,13.08
2023-10-01,B027,0.1639,0.0468,14.92
2023-11-01,B027,0.1669,0.0511,15.9
2023-12-01,B027,0.1628,0.0511,9.03
2024-01-01,B027,0.1689,0.0519,10.58
2024-02-01,B027,0.1675,0.0505,12.45
2024-03-01,B027,0.1682,0.051,13.17
2024-04-01,B027,0.1675,0.051,15.0
2024-05-01,B027,0.167,0.0512,14.11
2024-06-01,B027,0.164,0.0522,12.33
2024-07-01,B027,0.1674,0.0516,9.3
2024-08-01,B027,0.1676,0.0477,15.84
2024-09-01,B027,0.1677,0.0487,10.62
2024-10-01,B027,0.1687,0.0488,12.49
2024-11-01,B027,0.165,0.0481,14.92
2024-12-01,B027,0.1734,0.0516,11.65
2020-01-01,B028,0.1531,0.0449,17.2
2020-02-01,B028,0.1537,0.0467,12.62
2020-03-01,B028,0.1492,0.0472,12.94
2020-04-01,B028,0.1527,0.0475,13.96
2020-05-01,B028,0.1471,0.0465,16.83
2020-06-01,B028,0.1561,0.0464,17.78
2020-07-01,B028,0.1563,0.0462,11.13
2020-08-01,B028,0.148,0.0449,9.12
2020-09-01,B028,0.1483,0.0459,9.5
2020-10-01,B028,0.1567,0.0439,12.46
2020-11-01,B028,0.151,0.0472,13.23
2020-12-01,B028,0.1489,0.0461,14.66
2021-01-01,B028,0.1578,0.0443,17.65
2021-02-01,B028,0.1574,0.0455,16.38
2021-03-01,B028,0.1552,0.0456,9.15
2021-04-01,B028,0.1508,0.0483,11.96
2021-05-01,B028,0.1571,0.0482,15.59
2021-06-01,B028,0.1536,0.0463,16.28
2021-07-01,B028,0.1533,0.0447,10.22
2021-08-01,B028,0.1604,0.0484,17.36
2021-09-01,B028,0.1544,0.049,9.78
2021-10-01,B028,0.1527,0.0448,9.57
2021-11-01,B028,0.1571,0.0455,13.72
2021-12-01,B028,0.1547,0.045,13.27
2022-01-01,B028,0.1555,0.0488,13.51
2022-02-01,B028,0.1579,0.0491,15.51
2022-03-01,B028,0.1591,0.0467,11.45
2022-04-01,B028,0.1631,0.0465,15.34
2022-05-01,B028,0.156,0.0474,11.58
2022-06-01,B028,0.1571,0.0495,11.73
2022-07-01,B028,0.1574,0.048,13.71
2022-08-01,B028,0.1616,0.0502,12.33
2022-09-01,B028,0.1569,0.0502,12.97
2022-10-01,B028,0.1559,0.0498,10.62
2022-11-01,B028,0.1643,0.0471,11.96
2022-12-01,B028,0.1653,0.0468,13.27
2023-01-01,B028,0.1602,0.0501,16.55
2023-02-01,B028,0.1653,0.0472,11.53
2023-03-01,B028,0.1608,0.0506,17.01
2023-04-01,B028,0.1662,0.0494,13.79
2023-05-01,B028,0.1607,0.0492,13.67
2023-06-01,B028,0.1645,0.0466,10.61
2023-07-01,B028,0.163,0.0512,16.35
2023-08-01,B028,0.1659,0.0481,12.8
2023-09-01,B028,0.1631,0.0485,10.68
2023-10-01,B028,0.1687,0.0481,9.16
2023-11-01,B028,0.1606,0.0489,15.32
2023-12-01,B028,0.1693,0.0505,14.46
2024-01-01,B028,0.1665,0.0474,12.56
2024-02-01,B028,0.1604,0.049,9.35
2024-03-01,B028,0.1652,0.0486,10.67
2024-04-01,B028,0.1644,0.0501,11.16
2024-05-01,B028,0.1684,0.0476,11.56
2024-06-01,B028,0.1693,0.0497,16.26
2024-07-01,B028,0.1633,0.0513,16.27
2024-08-01,B028,0.1656,0.0491,12.65
2024-09-01,B028,0.165,0.0513,16.7
2024-10-01,B028,0.1721,0.0514,10.51
2024-11-01,B028,0.1655,0.0517,11.44
2024-12-01,B028,0.1714,0.0485,13.61
2020-01-01,B029,0.1469,0.0457,13.02
2020-02-01,B029,0.1468,0.0445,10.82
2020-03-01,B029,0.1512,0.0456,12.75
2020-04-01,B029,0.154,0.0446,16.48
2020-05-01,B029,0.1503,0.047,12.91
2020-06-01,B029,0.1513,0.0452,10.82
2020-07-01,B029,0.1502,0.0469,9.63
2020-08-01,B029,0.1481,0.0469,12.87
2020-09-01,B029,0.1552,0.0467,15.63
2020-10-01,B029,0.1526,0.0443,11.78
2020-11-01,B029,0.153,0.0443,11.73
2020-12-01,B029,0.1492,0.0444,9.96
2021-01-01,B029,0.1556,0.0472,16.07
2021-02-01,B029,0.156,0.0456,9.12
2021-03-01,B029,0.1567,0.0477,10.91
2021-04-01,B029,0.1547,0.0477,11.03
2021-05-01,B029,0.1594,0.0465,17.52
2021-06-01,B029,0.1571,0.0464,9.41
2021-07-01,B029,0.1569,0.0478,10.85
2021-08-01,B029,0.1552,0.0486,9.45
2021-09-01,B029,0.1522,0.0454,11.96
2021-10-01,B029,0.1565,0.0478,14.15
2021-11-01,B029,0.1584,0.0483,11.74
2021-12-01,B029,0.1611,0.048,14.63
2022-01-01,B029,0.1587,0.0459,17.89
2022-02-01,B029,0.1585,0.0456,13.58
2022-03-01,B029,0.16,0.0465,16.51
2022-04-01,B029,0.1577,0.0494,15.88
2022-05-01,B029,0.1541,0.0496,14.17
2022-06-01,B029,0.1593,0.0497,9.1
2022-07-01,B029,0.1551,0.0499,11.7
2022-08-01,B029,0.1585,0.0477,9.89
2022-09-01,B029,0.1571,0.0456,15.43
2022-10-01,B029,0.1581,0.0486,10.07
2022-11-01,B029,0.1586,0.0497,15.34
2022-12-01,B029,0.159,0.0459,14.6
2023-01-01,B029,0.1641,0.0475,17.1
2023-02-01,B029,0.1616,0.0508,17.71
2023-03-01,B029,0.158,0.0495,9.78
2023-04-01,B029,0.1652,0.0466,14.71
2023-05-01,B029,0.1635,0.0474,15.23
2023-06-01,B029,0.1659,0.0496,10.66
2023-07-01,B029,0.1594,0.0485,17.07
2023-08-01,B029,0.1677,0.0514,16.41
2023-09-01,B029,0.165,0.0506,12.77
2023-10-01,B029,0.1629,0.0496,13.75
2023-11-01,B029,0.1686,0.05,10.09
2023-12-01,B029,0.1654,0.051,16.41
2024-01-01,B029,0.1665,0.0474,17.64
2024-02-01,B029,0.1635,0.0472,14.98
2024-03-01,B029,0.1646,0.0486,10.44
2024-04-01,B029,0.1685,0.0482,12.8
2024-05-01,B029,0.1621,0.0505,14.66
2024-06-01,B029,0.1633,0.0512,15.72
2024-07-01,B029,0.1668,0.0511,16.99
2024-08-01,B029,0.1641,0.0525,9.85
2024-09-01,B029,0.1681,0.0504,9.75
2024-10-01,B029,0.1718,0.0489,11.15
2024-11-01,B029,0.1729,0.051,12.82
2024-12-01,B029,0.1719,0.0501,14.91
2020-01-01,B030,0.1268,0.0454,17.76
2020-02-01,B030,0.1308,0.0438,16.16
2020-03-01,B030,0.1295,0.046,16.7
2020-04-01,B030,0.1322,0.0431,12.54
2020-05-01,B030,0.1297,0.0454,12.47
2020-06-01,B030,0.1311,0.0443,11.36
2020-07-01,B030,0.1278,0.0451,9.66
2020-08-01,B030,0.1317,0.0442,14.13
2020-09-01,B030,0.1294,0.0461,10.77
2020-10-01,B030,0.1312,0.0449,17.45
2020-11-01,B030,0.1339,0.0448,15.89
2020-12-01,B030,0.136,0.0448,9.86
2021-01-01,B030,0.1372,0.0467,9.3
2021-02-01,B030,0.1337,0.0447,11.73
2021-03-01,B030,0.1366,0.0471,10.67
2021-04-01,B030,0.1342,0.0458,16.28
2021-05-01,B030,0.1309,0.0472,17.23
2021-06-01,B030,0.1372,0.0471,16.41
2021-07-01,B030,0.1345,0.0483,13.91
2021-08-01,B030,0.1328,0.0463,15.25
2021-09-01,B030,0.1326,0.0478,16.85
2021-10-01,B030,0.1357,0.0451,16.13
2021-11-01,B030,0.1359,0.0479,12.52
2021-12-01,B030,0.1377,0.0467,11.7
2022-01-01,B030,0.1339,0.0464,11.68
2022-02-01,B030,0.1378,0.0463,13.93
2022-03-01,B030,0.1368,0.0475,12.51
2022-04-01,B030,0.1391,0.0493,10.83
2022-05-01,B030,0.1371,0.049,16.95
2022-06-01,B030,0.1387,0.0464,11.58
2022-07-01,B030,0.1377,0.0495,11.75
2022-08-01,B030,0.1348,0.0485,16.91
2022-09-01,B030,0.1415,0.0464,14.41
2022-10-01,B030,0.1366,0.047,15.19
2022-11-01,B030,0.1358,0.0479,12.52
2022-12-01,B030,0.1428,0.0463,15.42
2023-01-01,B030,0.1416,0.047,16.61
2023-02-01,B030,0.14,0.0471,11.37
2023-03-01,B030,0.1389,0.0497,14.23
2023-04-01,B030,0.1428,0.0507,9.43
2023-05-01,B030,0.141,0.0491,12.21
2023-06-01,B030,0.145,0.048,9.48
2023-07-01,B030,0.1434,0.0472,16.73
2023-08-01,B030,0.144,0.0501,13.03
2023-09-01,B030,0.1403,0.047,16.94
2023-10-01,B030,0.1438,0.0515,12.58
2023-11-01,B030,0.1434,0.0498,15.56
2023-12-01,B030,0.1432,0.0474,11.53
2024-01-01,B030,0.1453,0.0478,12.6
2024-02-01,B030,0.1416,0.0484,13.61
2024-03-01,B030,0.1398,0.0487,12.39
2024-04-01,B030,0.1415,0.0516,17.05
2024-05-01,B030,0.1429,0.0521,15.28
2024-06-01,B030,0.1471,0.0525,12.46
2024-07-01,B030,0.1409,0.0484,9.78
2024-08-01,B030,0.1447,0.0493,14.85
2024-09-01,B030,0.1475,0.0506,11.12
2024-10-01,B030,0.1495,0.0519,13.67
2024-11-01,B030,0.1486,0.048,15.32
2024-12-01,B030,0.1454,0.0498,16.3
2020-01-01,B031,0.1469,0.0458,16.0
2020-02-01,B031,0.1462,0.0473,15.98
2020-03-01,B031,0.1542,0.0432,12.35
2020-04-01,B031,0.1503,0.0462,15.47
2020-05-01,B031,0.1552,0.0433,11.37
2020-06-01,B031,0.1541,0.0448,9.9
2020-07-01,B031,0.1529,0.046,15.37
2020-08-01,B031,0.1555,0.0445,12.0
2020-09-01,B031,0.1512,0.0453,14.85
2020-10-01,B031,0.1552,0.0448,10.36
2020-11-01,B031,0.1546,0.048,17.54
2020-12-01,B031,0.1519,0.0466,14.95
2021-01-01,B031,0.1541,0.0476,12.84
2021-02-01,B031,0.1577,0.0483,14.2
2021-03-01,B031,0.1578,0.0451,12.61
2021-04-01,B031,0.1537,0.0459,9.02
2021-05-01,B031,0.1561,0.0477,14.37
2021-06-01,B031,0.1527,0.0487,16.05
2021-07-01,B031,0.1511,0.046,14.4
2021-08-01,B031,0.1532,0.0489,9.87
2021-09-01,B031,0.1605,0.0451,14.62
2021-10-01,B031,0.1548,0.0449,10.75
2021-11-01,B031,0.1528,0.0459,17.34
2021-12-01,B031,0.1561,0.0458,14.34
2022-01-01,B031,0.1585,0.0456,10.44
2022-02-01,B031,0.158,0.0456,14.3
2022-03-01,B031,0.1593,0.0468,9.03
2022-04-01,B031,0.1627,0.0479,16.91
2022-05-01,B031,0.1619,0.0491,14.61
2022-06-01,B031,0.1547,0.0498,13.27
2022-07-01,B031,0.1581,0.0489,10.46
2022-08-01,B031,0.1557,0.0475,15.28
2022-09-01,B031,0.1597,0.0474,13.74
2022-10-01,B031,0.1596,0.0495,9.65
2022-11-01,B031,0.1593,0.0479,11.35
2022-12-01,B031,0.1641,0.0478,11.65
2023-01-01,B031,0.1649,0.0466,16.81
2023-02-01,B031,0.1583,0.0468,15.92
2023-03-01,B031,0.1659,0.0481,10.09
2023-04-01,B031,0.167,0.0497,11.07
2023-05-01,B031,0.1603,0.0474,16.72
2023-06-01,B031,0.1648,0.0509,10.5
2023-07-01,B031,0.1647,0.0501,15.7
2023-08-01,B031,0.1607,0.0481,12.21
2023-09-01,B031,0.1655,0.0505,17.97
2023-10-01,B031,0.1598,0.0477,10.95
2023-11-01,B031,0.1654,0.048,13.79
2023-12-01,B031,0.1617,0.0496,12.83
2024-01-01,B031,0.1618,0.0509,17.62
2024-02-01,B031,0.1682,0.0476,13.33
2024-03-01,B031,0.17,0.0504,10.35
2024-04-01,B031,0.17,0.0518,10.28
2024-05-01,B031,0.1691,0.0521,14.51
2024-06-01,B031,0.1625,0.0507,17.94
2024-07-01,B031,0.1676,0.0499,17.85
2024-08-01,B031,0.1701,0.0492,11.49
2024-09-01,B031,0.1683,0.0516,9.39
2024-10-01,B031,0.168,0.0517,14.84
2024-11-01,B031,0.1722,0.0525,12.76
2024-12-01,B031,0.1668,0.0493,16.19
2020-01-01,B032,0.1319,0.0447,10.2
2020-02-01,B032,0.1289,0.0464,12.71
2020-03-01,B032,0.1282,0.0464,16.52
2020-04-01,B032,0.1314,0.0451,15.83
2020-05-01,B032,0.1308,0.0458,11.36
2020-06-01,B032,0.1275,0.0477,10.07
2020-07-01,B032,0.1293,0.0463,17.4
2020-08-01,B032,0.1343,0.0434,15.07
2020-09-01,B032,0.1347,0.046,9.13
2020-10-01,B032,0.1323,0.0436,10.52
2020-11-01,B032,0.1337,0.0471,10.99
2020-12-01,B032,0.1351,0.0438,9.83
2021-01-01,B032,0.135,0.0457,12.4
2021-02-01,B032,0.1362,0.0473,14.41
2021-03-01,B032,0.1352,0.0443,12.65
2021-04-01,B032,0.1302,0.0447,11.94
2021-05-01,B032,0.1359,0.0465,13.92
2021-06-01,B032,0.1386,0.0451,15.0
2021-07-01,B032,0.1364,0.0462,9.35
2021-08-01,B032,0.1328,0.0477,13.68
2021-09-01,B032,0.1391,0.0478,14.09
2021-10-01,B032,0.1327,0.0471,12.14
2021-11-01,B032,0.1366,0.0448,14.43
2021-12-01,B032,0.1329,0.0481,15.52
2022-01-01,B032,0.1386,0.0485,9.15
2022-02-01,B032,0.1396,0.0462,9.11
2022-03-01,B032,0.1352,0.0494,10.52
2022-04-01,B032,0.1384,0.0492,10.88
2022-05-01,B032,0.136,0.0475,14.19
2022-06-01,B032,0.135,0.05,11.02
2022-07-01,B032,0.1386,0.0493,16.6
2022-08-01,B032,0.135,0.0466,11.79
2022-09-01,B032,0.137,0.0481,12.66
2022-10-01,B032,0.1373,0.0495,17.7
2022-11-01,B032,0.1432,0.0492,17.91
2022-12-01,B032,0.1423,0.0482,14.48
2023-01-01,B032,0.1378,0.0491,13.45
2023-02-01,B032,0.1381,0.0488,14.37
2023-03-01,B032,0.1434,0.0494,14.71
2023-04-01,B032,0.1365,0.0477,10.89
2023-05-01,B032,0.1383,0.0509,14.53
2023-06-01,B032,0.1423,0.0468,12.34
2023-07-01,B032,0.1375,0.0486,13.93
2023-08-01,B032,0.1416,0.0501,15.4
2023-09-01,B032,0.1388,0.0505,11.94
2023-10-01,B032,0.1461,0.0487,13.02
2023-11-01,B032,0.1453,0.0486,15.69
2023-12-01,B032,0.1438,0.0514,14.94
2024-01-01,B032,0.1389,0.0505,10.18
2024-02-01,B032,0.1413,0.0482,9.52
2024-03-01,B032,0.1419,0.0482,9.05
2024-04-01,B032,0.1412,0.048,9.21
2024-05-01,B032,0.1411,0.0514,13.67
2024-06-01,B032,0.1448,0.0484,11.36
2024-07-01,B032,0.1419,0.048,12.33
2024-08-01,B032,0.1438,0.0521,15.12
2024-09-01,B032,0.1439,0.0519,11.2
2024-10-01,B032,0.1455,0.0524,16.0
2024-11-01,B032,0.1421,0.0485,12.61
2024-12-01,B032,0.1499,0.048,15.02
2020-01-01,B033,0.2081,0.0463,9.53
2020-02-01,B033,0.2133,0.0471,11.06
2020-03-01,B033,0.21,0.0461,15.41
2020-04-01,B033,0.2081,0.0475,12.63
2020-05-01,B033,0.2057,0.044,9.62
2020-06-01,B033,0.2145,0.0463,11.96
2020-07-01,B033,0.2137,0.0453,10.34
2020-08-01,B033,0.2083,0.0468,13.39
2020-09-01,B033,0.2105,0.0439,10.44
2020-10-01,B033,0.214,0.047,9.2
2020-11-01,B033,0.22,0.0477,9.92
2020-12-01,B033,0.2182,0.0458,11.42
2021-01-01,B033,0.209,0.0479,14.79
2021-02-01,B033,0.2097,0.0459,14.11
2021-03-01,B033,0.2167,0.0451,11.57
2021-04-01,B033,0.2165,0.0473,16.27
2021-05-01,B033,0.2207,0.0486,12.63
2021-06-01,B033,0.221,0.0458,12.01
2021-07-01,B033,0.2209,0.0474,13.84
2021-08-01,B033,0.2242,0.0484,17.89
2021-09-01,B033,0.2252,0.0485,14.22
2021-10-01,B033,0.2204,0.0455,17.17
2021-11-01,B033,0.225,0.0472,14.79
2021-12-01,B033,0.2136,0.0471,16.32
2022-01-01,B033,0.2227,0.0482,12.01
2022-02-01,B033,0.2251,0.0458,9.15
2022-03-01,B033,0.221,0.0463,13.87
2022-04-01,B033,0.2235,0.0491,15.3
2022-05-01,B033,0.2225,0.0483,9.32
2022-06-01,B033,0.2184,0.0457,13.5
2022-07-01,B033,0.2267,0.0493,10.07
2022-08-01,B033,0.23,0.048,16.29
2022-09-01,B033,0.2211,0.046,10.19
2022-10-01,B033,0.2299,0.0492,14.31
2022-11-01,B033,0.2233,0.0471,17.99
2022-12-01,B033,0.2221,0.0462,11.57
2023-01-01,B033,0.2259,0.0501,9.12
2023-02-01,B033,0.2247,0.0483,17.71
2023-03-01,B033,0.2272,0.0479,13.88
2023-04-01,B033,0.2223,0.0508,10.15
2023-05-01,B033,0.2219,0.0464,16.13
2023-06-01,B033,0.2222,0.0467,14.85
2023-07-01,B033,0.2248,0.0486,15.0
2023-08-01,B033,0.2231,0.0473,15.09
2023-09-01,B033,0.2251,0.0505,10.67
2023-10-01,B033,0.2273,0.0493,14.58
2023-11-01,B033,0.2279,0.0491,14.99
2023-12-01,B033,0.2287,0.0476,16.04
2024-01-01,B033,0.2353,0.0479,15.36
2024-02-01,B033,0.2263,0.0507,11.51
2024-03-01,B033,0.2268,0.05,17.75
2024-04-01,B033,0.2349,0.048,12.95
2024-05-01,B033,0.2292,0.0483,14.8
2024-06-01,B033,0.2332,0.052,15.4
2024-07-01,B033,0.2308,0.0502,9.2
2024-08-01,B033,0.2366,0.0524,10.86
2024-09-01,B033,0.2391,0.0493,14.97
2024-10-01,B033,0.2405,0.051,9.43
2024-11-01,B033,0.2372,0.0483,11.03
2024-12-01,B033,0.2302,0.0485,17.43
2020-01-01,B034,0.1486,0.0466,11.71
2020-02-01,B034,0.146,0.0441,11.46
2020-03-01,B034,0.1476,0.0463,15.16
2020-04-01,B034,0.1536,0.0431,9.52
2020-05-01,B034,0.1558,0.0471,9.23
2020-06-01,B034,0.1551,0.0462,10.66
2020-07-01,B034,0.1497,0.0472,12.29
2020-08-01,B034,0.1487,0.0439,12.81
2020-09-01,B034,0.1507,0.0453,9.09
2020-10-01,B034,0.149,0.048,17.47
2020-11-01,B034,0.1556,0.0441,16.28
2020-12-01,B034,0.1567,0.0438,13.67
2021-01-01,B034,0.1565,0.0463,14.82
2021-02-01,B034,0.1586,0.0468,13.95
2021-03-01,B034,0.1502,0.0452,17.76
2021-04-01,B034,0.1541,0.0445,15.24
2021-05-01,B034,0.1585,0.047,16.64
2021-06-01,B034,0.1543,0.0484,13.34
2021-07-01,B034,0.1567,0.0458,17.48
2021-08-01,B034,0.1586,0.0446,16.26
2021-09-01,B034,0.1551,0.046,13.67
2021-10-01,B034,0.1531,0.0463,15.5
2021-11-01,B034,0.1565,0.0453,13.61
2021-12-01,B034,0.1579,0.0457,12.39
2022-01-01,B034,0.1611,0.0459,9.71
2022-02-01,B034,0.1558,0.0463,12.89
2022-03-01,B034,0.1547,0.0481,10.32
2022-04-01,B034,0.1612,0.048,17.19
2022-05-01,B034,0.1562,0.0463,17.99
2022-06-01,B034,0.1596,0.0462,9.08
2022-07-01,B034,0.1614,0.048,10.09
2022-08-01,B034,0.1599,0.047,9.81
2022-09-01,B034,0.1578,0.0502,11.08
2022-10-01,B034,0.1577,0.0481,16.52
2022-11-01,B034,0.1619,0.0493,11.06
2022-12-01,B034,0.1583,0.0502,9.27
2023-01-01,B034,0.1605,0.0507,11.67
2023-02-01,B034,0.1574,0.0484,9.96
2023-03-01,B034,0.1648,0.0462,16.1
2023-04-01,B034,0.1635,0.0493,9.58
2023-05-01,B034,0.1579,0.0511,17.46
2023-06-01,B034,0.1654,0.0471,13.46
2023-07-01,B034,0.1662,0.0506,9.49
2023-08-01,B034,0.1602,0.0475,14.53
2023-09-01,B034,0.1664,0.0478,9.09
2023-10-01,B034,0.1637,0.0509,13.35
2023-11-01,B034,0.1601,0.0507,11.85
2023-12-01,B034,0.1615,0.0487,12.98
2024-01-01,B034,0.1664,0.0514,14.5
2024-02-01,B034,0.1627,0.0475,16.52
2024-03-01,B034,0.1705,0.0499,10.4
2024-04-01,B034,0.1628,0.048,17.66
2024-05-01,B034,0.1645,0.0498,13.45
2024-06-01,B034,0.1637,0.0514,9.9
2024-07-01,B034,0.1709,0.0506,16.77
2024-08-01,B034,0.1721,0.0498,13.92
2024-09-01,B034,0.1643,0.0486,17.74
2024-10-01,B034,0.1655,0.0504,15.05
2024-11-01,B034,0.1712,0.0517,10.62
2024-12-01,B034,0.169,0.0508,15.59
2020-01-01,B035,0.2061,0.0435,16.42
2020-02-01,B035,0.2146,0.0467,14.66
2020-03-01,B035,0.2113,0.0455,10.88
2020-04-01,B035,0.2139,0.0438,11.03
2020-05-01,B035,0.2132,0.0467,17.34
2020-06-01,B035,0.2169,0.0475,17.65
2020-07-01,B035,0.2064,0.047,13.38
2020-08-01,B035,0.2067,0.0461,9.54
2020-09-01,B035,0.2176,0.0436,15.55
2020-10-01,B035,0.2105,0.0443,10.08
2020-11-01,B035,0.2096,0.0441,13.54
2020-12-01,B035,0.2144,0.0471,14.95
2021-01-01,B035,0.2127,0.0483,16.88
2021-02-01,B035,0.2189,0.044,10.81
2021-03-01,B035,0.2183,0.0444,16.77
2021-04-01,B035,0.2128,0.0447,15.45
2021-05-01,B035,0.2225,0.0463,17.44
2021-06-01,B035,0.2167,0.0461,14.75
2021-07-01,B035,0.218,0.0459,13.62
2021-08-01,B035,0.2128,0.0472,16.41
2021-09-01,B035,0.2143,0.0447,12.17
2021-10-01,B035,0.2166,0.0479,9.67
2021-11-01,B035,0.2172,0.0448,16.83
2021-12-01,B035,0.2194,0.0448,17.36
2022-01-01,B035,0.2181,0.0467,9.07
2022-02-01,B035,0.2243,0.0496,16.49
2022-03-01,B035,0.227,0.0483,11.09
2022-04-01,B035,0.228,0.049,11.44
2022-05-01,B035,0.2209,0.0466,15.72
2022-06-01,B035,0.2273,0.0488,11.49
2022-07-01,B035,0.224,0.0457,17.78
2022-08-01,B035,0.2196,0.0456,16.92
2022-09-01,B035,0.2226,0.0458,16.53
2022-10-01,B035,0.2275,0.0459,9.85
2022-11-01,B035,0.2233,0.0499,16.08
2022-12-01,B035,0.2187,0.0477,12.54
2023-01-01,B035,0.2263,0.0497,10.65
2023-02-01,B035,0.2326,0.0487,10.62
2023-03-01,B035,0.2202,0.0464,14.47
2023-04-01,B035,0.2327,0.0468,12.96
2023-05-01,B035,0.2282,0.0502,17.95
2023-06-01,B035,0.234,0.0492,9.23
2023-07-01,B035,0.2315,0.048,17.6
2023-08-01,B035,0.2225,0.0478,11.47
2023-09-01,B035,0.2234,0.0515,12.47
2023-10-01,B035,0.2341,0.0516,17.96
2023-11-01,B035,0.2287,0.048,16.44
2023-12-01,B035,0.2347,0.047,14.35
2024-01-01,B035,0.2295,0.0487,17.74
2024-02-01,B035,0.2358,0.0511,13.44
2024-03-01,B035,0.2326,0.0485,12.27
2024-04-01,B035,0.2351,0.0508,15.04
2024-05-01,B035,0.2388,0.0493,9.06
2024-06-01,B035,0.2299,0.0494,16.05
2024-07-01,B035,0.2385,0.0489,15.19
2024-08-01,B035,0.2332,0.0525,9.91
2024-09-01,B035,0.2397,0.049,12.96
2024-10-01,B035,0.2324,0.0524,11.43
2024-11-01,B035,0.2352,0.0511,15.41
2024-12-01,B035,0.2339,0.0501,17.56
2020-01-01,B036,0.1128,0.0431,14.53
2020-02-01,B036,0.1086,0.0454,12.18
2020-03-01,B036,0.1104,0.0474,16.43
2020-04-01,B036,0.1096,0.0457,12.92
2020-05-01,B036,0.1124,0.0476,16.41
2020-06-01,B036,0.111,0.0436,16.53
2020-07-01,B036,0.1118,0.0447,12.24
2020-08-01,B036,0.1129,0.044,14.6
2020-09-01,B036,0.1145,0.0469,11.85
2020-10-01,B036,0.1104,0.0452,10.39
2020-11-01,B036,0.1151,0.0456,15.71
2020-12-01,B036,0.1157,0.0471,11.81
2021-01-01,B036,0.1099,0.0473,15.1
2021-02-01,B036,0.1141,0.0482,15.68
2021-03-01,B036,0.1139,0.0465,13.17
2021-04-01,B036,0.1108,0.0472,13.22
2021-05-01,B036,0.1103,0.0457,16.69
2021-06-01,B036,0.1128,0.0477,10.6
2021-07-01,B036,0.1152,0.0471,9.86
2021-08-01,B036,0.1122,0.048,11.99
2021-09-01,B036,0.1176,0.0456,15.47
2021-10-01,B036,0.1145,0.0479,12.41
2021-11-01,B036,0.1137,0.0457,11.93
2021-12-01,B036,0.1123,0.0489,17.62
2022-01-01,B036,0.1121,0.0492,12.9
2022-02-01,B036,0.1187,0.0486,11.91
2022-03-01,B036,0.1144,0.0468,13.34
2022-04-01,B036,0.1149,0.0491,13.74
2022-05-01,B036,0.1184,0.0486,13.6
2022-06-01,B036,0.1182,0.0491,9.33
2022-07-01,B036,0.118,0.0481,11.2
2022-08-01,B036,0.1139,0.0486,13.44
2022-09-01,B036,0.12,0.0482,14.77
2022-10-01,B036,0.1168,0.0461,15.95
2022-11-01,B036,0.1202,0.0499,15.74
2022-12-01,B036,0.1161,0.0492,12.15
2023-01-01,B036,0.1186,0.0496,15.85
2023-02-01,B036,0.117,0.0472,11.86
2023-03-01,B036,0.1154,0.0466,11.64
2023-04-01,B036,0.1188,0.0508,10.21
2023-05-01,B036,0.1209,0.0482,12.97
2023-06-01,B036,0.122,0.0495,11.01
2023-07-01,B036,0.1178,0.0509,10.74
2023-08-01,B036,0.1209,0.0493,16.08
2023-09-01,B036,0.1235,0.0502,13.13
2023-10-01,B036,0.1176,0.0483,17.59
2023-11-01,B036,0.1175,0.0473,13.25
2023-12-01,B036,0.1205,0.0507,16.46
2024-01-01,B036,0.1221,0.0496,14.85
2024-02-01,B036,0.1244,0.0473,17.69
2024-03-01,B036,0.1201,0.0517,12.07
2024-04-01,B036,0.1218,0.0494,14.05
2024-05-01,B036,0.124,0.0512,12.83
2024-06-01,B036,0.1241,0.0489,9.73
2024-07-01,B036,0.119,0.0498,13.29
2024-08-01,B036,0.1233,0.0523,11.52
2024-09-01,B036,0.1248,0.0524,13.48
2024-10-01,B036,0.1262,0.0484,14.81
2024-11-01,B036,0.1261,0.0521,16.5
2024-12-01,B036,0.1239,0.0498,10.17
2020-01-01,B037,0.132,0.0471,16.9
2020-02-01,B037,0.1304,0.0471,17.41
2020-03-01,B037,0.1299,0.0445,15.71
2020-04-01,B037,0.1321,0.0474,10.59
2020-05-01,B037,0.1279,0.0459,11.49
2020-06-01,B037,0.1295,0.0467,16.09
2020-07-01,B037,0.1294,0.0464,9.6
2020-08-01,B037,0.128,0.0475,12.39
2020-09-01,B037,0.1336,0.0468,15.87
2020-10-01,B037,0.1328,0.0476,15.62
2020-11-01,B037,0.1332,0.044,14.68
2020-12-01,B037,0.1357,0.0451,10.63
2021-01-01,B037,0.1366,0.0474,12.61
2021-02-01,B037,0.1305,0.0445,11.63
2021-03-01,B037,0.1325,0.0477,16.99
2021-04-01,B037,0.1318,0.0484,13.05
2021-05-01,B037,0.1355,0.0485,14.44
2021-06-01,B037,0.1349,0.0462,15.42
2021-07-01,B037,0.1322,0.046,15.29
2021-08-01,B037,0.1359,0.0477,17.76
2021-09-01,B037,0.1389,0.0449,9.55
2021-10-01,B037,0.1353,0.0491,14.8
2021-11-01,B037,0.1365,0.0451,17.86
2021-12-01,B037,0.1368,0.0485,12.29
2022-01-01,B037,0.1395,0.0473,12.25
2022-02-01,B037,0.1395,0.0456,15.25
2022-03-01,B037,0.1394,0.0454,9.19
2022-04-01,B037,0.1412,0.047,17.31
2022-05-01,B037,0.1387,0.049,15.86
2022-06-01,B037,0.1411,0.0469,11.74
2022-07-01,B037,0.1404,0.0496,10.28
2022-08-01,B037,0.1344,0.049,9.28
2022-09-01,B037,0.1367,0.0468,11.56
2022-10-01,B037,0.1399,0.0482,13.14
2022-11-01,B037,0.1371,0.0459,11.96
2022-12-01,B037,0.1407,0.0486,11.71
2023-01-01,B037,0.142,0.0464,17.12
2023-02-01,B037,0.1393,0.0495,9.31
2023-03-01,B037,0.1415,0.0481,14.18
2023-04-01,B037,0.1394,0.0473,10.83
2023-05-01,B037,0.1412,0.0469,16.05
2023-06-01,B037,0.1427,0.0488,14.15
2023-07-01,B037,0.143,0.0466,12.7
2023-08-01,B037,0.1415,0.0481,13.33
2023-09-01,B037,0.1452,0.0486,16.03
2023-10-01,B037,0.1414,0.048,17.23
2023-11-01,B037,0.1423,0.0493,12.68
2023-12-01,B037,0.142,0.0506,11.46
2024-01-01,B037,0.1434,0.0472,11.19
2024-02-01,B037,0.1438,0.0476,12.91
2024-03-01,B037,0.1463,0.0495,13.29
2024-04-01,B037,0.1474,0.0504,12.37
2024-05-01,B037,0.1426,0.0504,13.36
2024-06-01,B037,0.1424,0.0482,11.45
2024-07-01,B037,0.1441,0.0508,13.27
2024-08-01,B037,0.1436,0.0481,11.9
2024-09-01,B037,0.141,0.052,17.51
2024-10-01,B037,0.1482,0.0513,11.94
2024-11-01,B037,0.1453,0.0499,13.23
2024-12-01,B037,0.1479,0.0529,16.49
2020-01-01,B038,0.1537,0.0451,17.97
2020-02-01,B038,0.1527,0.0467,10.56
2020-03-01,B038,0.1541,0.0474,13.89
2020-04-01,B038,0.1501,0.0432,17.38
2020-05-01,B038,0.1543,0.0456,9.39
2020-06-01,B038,0.1554,0.0451,12.12
2020-07-01,B038,0.1561,0.0476,13.83
2020-08-01,B038,0.1513,0.0446,10.49
2020-09-01,B038,0.1504,0.0454,17.15
2020-10-01,B038,0.1491,0.0447,16.18
2020-11-01,B038,0.149,0.0455,12.8
2020-12-01,B038,0.1543,0.048,15.57
2021-01-01,B038,0.1522,0.0445,13.02
2021-02-01,B038,0.157,0.046,9.87
2021-03-01,B038,0.1545,0.0463,13.42
2021-04-01,B038,0.1529,0.046,14.23
2021-05-01,B038,0.1596,0.0475,14.39
2021-06-01,B038,0.158,0.0455,11.49
2021-07-01,B038,0.1518,0.0456,9.09
2021-08-01,B038,0.1597,0.0491,11.89
2021-09-01,B038,0.1597,0.0476,16.05
2021-10-01,B038,0.1566,0.0464,13.62
2021-11-01,B038,0.1547,0.0477,13.66
2021-12-01,B038,0.16,0.0466,14.17
2022-01-01,B038,0.16,0.0487,17.09
2022-02-01,B038,0.1532,0.0456,15.49
2022-03-01,B038,0.1613,0.047,10.81
2022-04-01,B038,0.1593,0.0468,15.51
2022-05-01,B038,0.1599,0.0496,17.45
2022-06-01,B038,0.1618,0.0472,17.93
2022-07-01,B038,0.1592,0.0495,10.48
2022-08-01,B038,0.1569,0.0495,10.77
2022-09-01,B038,0.1588,0.0484,17.98
2022-10-01,B038,0.1584,0.0492,16.37
2022-11-01,B038,0.1608,0.0478,14.91
2022-12-01,B038,0.1607,0.047,16.88
2023-01-01,B038,0.1569,0.0474,9.48
2023-02-01,B038,0.1659,0.0497,17.92
2023-03-01,B038,0.1576,0.0495,11.57
2023-04-01,B038,0.1658,0.047,12.42
2023-05-01,B038,0.1619,0.0485,12.01
2023-06-01,B038,0.1654,0.0482,12.79
2023-07-01,B038,0.1607,0.0485,13.49
2023-08-01,B038,0.1629,0.049,12.01
2023-09-01,B038,0.1622,0.0468,14.39
2023-10-01,B038,0.1681,0.0482,16.42
2023-11-01,B038,0.1672,0.0496,10.98
2023-12-01,B038,0.1652,0.0484,14.03
2024-01-01,B038,0.1689,0.0495,15.71
2024-02-01,B038,0.1614,0.0492,13.11
2024-03-01,B038,0.1689,0.0507,14.3
2024-04-01,B038,0.161,0.0512,17.69
2024-05-01,B038,0.1693,0.0504,13.3
2024-06-01,B038,0.1712,0.0511,13.04
2024-07-01,B038,0.1709,0.0515,11.99
2024-08-01,B038,0.1686,0.0525,15.53
2024-09-01,B038,0.171,0.0484,11.94
2024-10-01,B038,0.1653,0.0515,14.44
2024-11-01,B038,0.169,0.05,15.67
2024-12-01,B038,0.1733,0.0486,14.65
2020-01-01,B039,0.1267,0.047,12.82
2020-02-01,B039,0.1299,0.0469,15.92
2020-03-01,B039,0.1273,0.0467,10.15
2020-04-01,B039,0.1278,0.0462,13.65
2020-05-01,B039,0.1285,0.044,13.66
2020-06-01,B039,0.1303,0.0437,15.26
2020-07-01,B039,0.1312,0.0434,14.14
2020-08-01,B039,0.1331,0.0479,16.65
2020-09-01,B039,0.1299,0.0468,10.13
2020-10-01,B039,0.1349,0.0469,16.37
2020-11-01,B039,0.1357,0.0473,10.56
2020-12-01,B039,0.1343,0.0464,13.72
2021-01-01,B039,0.1363,0.0459,10.89
2021-02-01,B039,0.1351,0.0457,16.6
2021-03-01,B039,0.1303,0.0479,9.71
2021-04-01,B039,0.1349,0.0457,15.42
2021-05-01,B039,0.1329,0.0466,13.42
2021-06-01,B039,0.1326,0.047,15.36
2021-07-01,B039,0.1382,0.0461,13.11
2021-08-01,B039,0.1372,0.0478,11.92
2021-09-01,B039,0.1387,0.0489,12.04
2021-10-01,B039,0.1325,0.0457,16.03
2021-11-01,B039,0.1382,0.0458,10.09
2021-12-01,B039,0.1343,0.0484,17.3
2022-01-01,B039,0.1368,0.0476,13.42
2022-02-01,B039,0.1387,0.0451,10.68
2022-03-01,B039,0.1354,0.0467,16.82
2022-04-01,B039,0.1346,0.0474,10.88
2022-05-01,B039,0.1385,0.0479,9.69
2022-06-01,B039,0.1399,0.0459,16.42
2022-07-01,B039,0.1373,0.0458,15.06
2022-08-01,B039,0.1351,0.0457,11.83
2022-09-01,B039,0.1412,0.0487,12.92
2022-10-01,B039,0.1369,0.0492,12.71
2022-11-01,B039,0.141,0.0483,15.32
2022-12-01,B039,0.1407,0.047,16.92
2023-01-01,B039,0.1403,0.0489,15.56
2023-02-01,B039,0.1373,0.0485,10.12
2023-03-01,B039,0.1435,0.0474,17.87
2023-04-01,B039,0.1433,0.0495,12.47
2023-05-01,B039,0.138,0.0497,14.67
2023-06-01,B039,0.1416,0.0505,9.04
2023-07-01,B039,0.1416,0.0496,15.33
2023-08-01,B039,0.145,0.0496,12.87
2023-09-01,B039,0.1426,0.0495,16.49
2023-10-01,B039,0.1388,0.0479,9.82
2023-11-01,B039,0.1446,0.0498,9.87
2023-12-01,B039,0.1423,0.0492,17.89
2024-01-01,B039,0.1411,0.048,17.15
2024-02-01,B039,0.139,0.0503,17.56
2024-03-01,B039,0.1462,0.0491,17.45
2024-04-01,B039,0.1402,0.0485,14.12
2024-05-01,B039,0.1428,0.0507,9.79
2024-06-01,B039,0.1428,0.0497,14.06
2024-07-01,B039,0.1477,0.0522,13.92
2024-08-01,B039,0.1489,0.05,15.33
2024-09-01,B039,0.1459,0.0525,12.09
2024-10-01,B039,0.1477,0.0495,14.05
2024-11-01,B039,0.1483,0.0484,17.46
2024-12-01,B039,0.1417,0.0494,13.31
2020-01-01,B040,0.1107,0.043,16.65
2020-02-01,B040,0.113,0.0457,13.3
2020-03-01,B040,0.1072,0.0453,15.31
2020-04-01,B040,0.1092,0.0436,10.02
2020-05-01,B040,0.1082,0.0468,13.01
2020-06-01,B040,0.1081,0.0442,11.0
2020-07-01,B040,0.1105,0.0446,13.22
2020-08-01,B040,0.1109,0.0472,14.75
2020-09-01,B040,0.1122,0.0449,15.15
2020-10-01,B040,0.1111,0.0449,14.55
2020-11-01,B040,0.1109,0.0462,12.28
2020-12-01,B040,0.1133,0.0463,14.33
2021-01-01,B040,0.1126,0.0474,17.82
2021-02-01,B040,0.1141,0.0473,10.27
2021-03-01,B040,0.1163,0.0454,13.84
2021-04-01,B040,0.1157,0.0473,13.24
2021-05-01,B040,0.1158,0.0487,17.9
2021-06-01,B040,0.115,0.0444,16.34
2021-07-01,B040,0.1147,0.0476,13.88
2021-08-01,B040,0.1152,0.0475,12.62
2021-09-01,B040,0.1133,0.0447,9.7
2021-10-01,B040,0.1167,0.0449,14.42
2021-11-01,B040,0.1141,0.0458,15.62
2021-12-01,B040,0.1166,0.0451,14.33
2022-01-01,B040,0.1157,0.0459,10.79
2022-02-01,B040,0.1176,0.0483,9.48
2022-03-01,B040,0.113,0.0457,11.73
2022-04-01,B040,0.1169,0.0498,9.51
2022-05-01,B040,0.1142,0.0496,15.57
2022-06-01,B040,0.1165,0.0494,14.43
2022-07-01,B040,0.1162,0.046,10.81
2022-08-01,B040,0.1159,0.0457,15.76
2022-09-01,B040,0.1163,0.0492,17.99
2022-10-01,B040,0.1193,0.0467,12.9
2022-11-01,B040,0.1181,0.0465,14.45
2022-12-01,B040,0.1181,0.0505,17.17
2023-01-01,B040,0.1153,0.0464,11.65
2023-02-01,B040,0.1183,0.0463,17.09
2023-03-01,B040,0.1195,0.0509,9.72
2023-04-01,B040,0.1202,0.0486,16.65
2023-05-01,B040,0.117,0.0504,14.51
2023-06-01,B040,0.1182,0.0511,13.49
2023-07-01,B040,0.1195,0.0471,14.79
2023-08-01,B040,0.1217,0.0497,14.04
2023-09-01,B040,0.118,0.0509,9.86
2023-10-01,B040,0.1205,0.0472,13.75
2023-11-01,B040,0.1193,0.0478,16.98
2023-12-01,B040,0.1178,0.0482,17.88
2024-01-01,B040,0.1224,0.0499,17.13
2024-02-01,B040,0.1231,0.0492,9.19
2024-03-01,B040,0.1205,0.0489,13.15
2024-04-01,B040,0.1249,0.049,11.11
2024-05-01,B040,0.1255,0.0476,11.84
2024-06-01,B040,0.1211,0.0479,15.57
2024-07-01,B040,0.119,0.0486,15.71
2024-08-01,B040,0.1241,0.0497,14.64
2024-09-01,B040,0.1224,0.0527,12.25
2024-10-01,B040,0.1266,0.0512,9.94
2024-11-01,B040,0.1253,0.0507,9.44
2024-12-01,B040,0.126,0.0522,13.65
2020-01-01,B041,0.1481,0.0431,15.99
2020-02-01,B041,0.1496,0.0459,11.55
2020-03-01,B041,0.1536,0.0465,17.84
2020-04-01,B041,0.1542,0.0456,12.94
2020-05-01,B041,0.1522,0.0468,9.22
2020-06-01,B041,0.1542,0.0472,17.16
2020-07-01,B041,0.1506,0.0448,13.33
2020-08-01,B041,0.1515,0.0435,12.73
2020-09-01,B041,0.1559,0.048,13.11
2020-10-01,B041,0.1563,0.0461,13.93
2020-11-01,B041,0.1526,0.045,12.43
2020-12-01,B041,0.1524,0.0476,10.0
2021-01-01,B041,0.1572,0.0445,14.77
2021-02-01,B041,0.1543,0.0452,17.66
2021-03-01,B041,0.1499,0.0458,17.7
2021-04-01,B041,0.1553,0.0471,11.53
2021-05-01,B041,0.1537,0.0465,14.42
2021-06-01,B041,0.1566,0.0458,14.32
2021-07-01,B041,0.1576,0.0476,16.41
2021-08-01,B041,0.1557,0.0452,12.47
2021-09-01,B041,0.1608,0.0476,11.0
2021-10-01,B041,0.1558,0.0446,12.82
2021-11-01,B041,0.1572,0.0494,13.21
2021-12-01,B041,0.1554,0.0488,11.53
2022-01-01,B041,0.162,0.0463,13.42
2022-02-01,B041,0.1583,0.0482,14.89
2022-03-01,B041,0.1548,0.0491,13.22
2022-04-01,B041,0.1557,0.0457,17.06
2022-05-01,B041,0.1612,0.0489,11.81
2022-06-01,B041,0.1558,0.0476,15.1
2022-07-01,B041,0.1621,0.0491,10.14
2022-08-01,B041,0.1614,0.0476,15.7
2022-09-01,B041,0.1608,0.0489,16.21
2022-10-01,B041,0.1617,0.0461,10.27
2022-11-01,B041,0.1638,0.0504,15.92
2022-12-01,B041,0.16,0.0468,11.89
2023-01-01,B041,0.1569,0.0476,15.42
2023-02-01,B041,0.1629,0.0474,12.43
2023-03-01,B041,0.1639,0.0478,11.38
2023-04-01,B041,0.1665,0.0467,12.66
2023-05-01,B041,0.1662,0.0477,15.41
2023-06-01,B041,0.1674,0.0504,15.15
2023-07-01,B041,0.166,0.0505,12.9
2023-08-01,B041,0.1636,0.0501,16.36
2023-09-01,B041,0.165,0.0471,12.16
2023-10-01,B041,0.1631,0.0473,11.06
2023-11-01,B041,0.1674,0.0474,16.94
2023-12-01,B041,0.1601,0.0509,15.75
2024-01-01,B041,0.1661,0.0515,15.1
2024-02-01,B041,0.1633,0.0491,11.91
2024-03-01,B041,0.1703,0.0495,15.03
2024-04-01,B041,0.164,0.0502,13.84
2024-05-01,B041,0.1708,0.0502,13.25
2024-06-01,B041,0.164,0.05,16.48
2024-07-01,B041,0.1704,0.0525,11.79
2024-08-01,B041,0.1658,0.0504,17.82
2024-09-01,B041,0.1645,0.0493,14.49
2024-10-01,B041,0.1712,0.0495,12.06
2024-11-01,B041,0.1689,0.048,15.05
2024-12-01,B041,0.1667,0.0497,11.04
2020-01-01,B042,0.1471,0.0453,15.19
2020-02-01,B042,0.1547,0.0472,14.48
2020-03-01,B042,0.1483,0.044,13.89
2020-04-01,B042,0.1488,0.0445,11.34
2020-05-01,B042,0.153,0.0455,15.51
2020-06-01,B042,0.1532,0.0434,16.46
2020-07-01,B042,0.1522,0.0464,13.39
2020-08-01,B042,0.1516,0.0437,10.93
2020-09-01,B042,0.1495,0.0453,13.39
2020-10-01,B042,0.1487,0.0437,9.29
2020-11-01,B042,0.15,0.048,15.44
2020-12-01,B042,0.1538,0.0457,14.94
2021-01-01,B042,0.1511,0.046,12.52
2021-02-01,B042,0.1505,0.0457,10.91
2021-03-01,B042,0.156,0.0466,17.11
2021-04-01,B042,0.1515,0.0477,16.49
2021-05-01,B042,0.1555,0.0476,17.7
2021-06-01,B042,0.1551,0.045,10.46
2021-07-01,B042,0.1565,0.0486,17.58
2021-08-01,B042,0.1558,0.0457,17.97
2021-09-01,B042,0.155,0.0491,11.45
2021-10-01,B042,0.1569,0.0472,13.29
2021-11-01,B042,0.1597,0.0453,9.9
2021-12-01,B042,0.1536,0.0483,14.48
2022-01-01,B042,0.1621,0.0465,12.53
2022-02-01,B042,0.1574,0.0472,17.93
2022-03-01,B042,0.1621,0.0469,12.78
2022-04-01,B042,0.1566,0.0458,17.13
2022-05-01,B042,0.162,0.0476,12.65
2022-06-01,B042,0.1636,0.0458,12.61
2022-07-01,B042,0.1553,0.0459,17.11
2022-08-01,B042,0.1642,0.0495,9.09
2022-09-01,B042,0.1577,0.0501,16.69
2022-10-01,B042,0.156,0.0488,16.01
2022-11-01,B042,0.1601,0.05,9.6
2022-12-01,B042,0.1648,0.046,9.51
2023-01-01,B042,0.1587,0.0473,9.7
2023-02-01,B042,0.1651,0.0482,17.57
2023-03-01,B042,0.1636,0.0504,10.67
2023-04-01,B042,0.1591,0.0486,14.5
2023-05-01,B042,0.1615,0.0511,16.2
2023-06-01,B042,0.1594,0.049,15.56
2023-07-01,B042,0.1606,0.0498,10.1
2023-08-01,B042,0.1645,0.0494,13.81
2023-09-01,B042,0.1652,0.0509,15.92
2023-10-01,B042,0.1648,0.0502,10.44
2023-11-01,B042,0.1646,0.0505,16.92
2023-12-01,B042,0.1656,0.0483,9.93
2024-01-01,B042,0.1632,0.0516,9.83
2024-02-01,B042,0.1676,0.0475,9.39
2024-03-01,B042,0.1689,0.0473,15.91
2024-04-01,B042,0.1628,0.0512,17.15
2024-05-01,B042,0.1656,0.0504,14.75
2024-06-01,B042,0.1649,0.0495,14.26
2024-07-01,B042,0.1666,0.0503,15.52
2024-08-01,B042,0.1705,0.0503,13.48
2024-09-01,B042,0.1693,0.0482,14.02
2024-10-01,B042,0.1656,0.0498,10.11
2024-11-01,B042,0.173,0.05,16.12
2024-12-01,B042,0.1669,0.0483,9.49
2020-01-01,B043,0.1283,0.0458,11.88
2020-02-01,B043,0.1319,0.044,16.0
2020-03-01,B043,0.1313,0.0458,11.71
2020-04-01,B043,0.1286,0.047,13.89
2020-05-01,B043,0.1329,0.0471,14.35
2020-06-01,B043,0.1301,0.0443,16.88
2020-07-01,B043,0.1343,0.044,16.07
2020-08-01,B043,0.1336,0.0473,11.59
2020-09-01,B043,0.1289,0.0475,11.94
2020-10-01,B043,0.1308,0.0438,16.01
2020-11-01,B043,0.1362,0.044,17.78
2020-12-01,B043,0.1354,0.0447,17.99
2021-01-01,B043,0.1301,0.0451,17.02
2021-02-01,B043,0.1328,0.0459,9.92
2021-03-01,B043,0.1304,0.0454,11.99
2021-04-01,B043,0.1363,0.0462,17.22
2021-05-01,B043,0.1375,0.0481,14.73
2021-06-01,B043,0.1307,0.0487,16.31
2021-07-01,B043,0.1353,0.0484,9.8
2021-08-01,B043,0.1385,0.0462,14.08
2021-09-01,B043,0.1388,0.0475,14.06
2021-10-01,B043,0.1341,0.0486,14.12
2021-11-01,B043,0.1345,0.0478,15.57
2021-12-01,B043,0.1367,0.0477,16.66
2022-01-01,B043,0.1342,0.046,14.62
2022-02-01,B043,0.1367,0.0484,13.07
2022-03-01,B043,0.1356,0.0459,17.4
2022-04-01,B043,0.1398,0.047,12.26
2022-05-01,B043,0.1404,0.048,10.84
2022-06-01,B043,0.136,0.0491,11.55
2022-07-01,B043,0.1422,0.0478,14.6
2022-08-01,B043,0.1385,0.0499,16.41
2022-09-01,B043,0.1383,0.0473,13.47
2022-10-01,B043,0.1388,0.0503,10.66
2022-11-01,B043,0.1358,0.0476,16.63
2022-12-01,B043,0.1374,0.0473,11.44
2023-01-01,B043,0.1438,0.0496,12.41
2023-02-01,B043,0.1406,0.0471,14.85
2023-03-01,B043,0.1401,0.0489,14.7
2023-04-01,B043,0.1433,0.049,9.35
2023-05-01,B043,0.1433,0.0463,11.63
2023-06-01,B043,0.1375,0.051,15.15
2023-07-01,B043,0.1434,0.0502,15.33
2023-08-01,B043,0.1416,0.0492,10.43
2023-09-01,B043,0.141,0.0482,10.9
2023-10-01,B043,0.1441,0.0492,14.61
2023-11-01,B043,0.1395,0.051,14.51
2023-12-01,B043,0.145,0.0482,11.75
2024-01-01,B043,0.1458,0.0478,14.33
2024-02-01,B043,0.1404,0.0505,17.05
2024-03-01,B043,0.1427,0.0475,14.54
2024-04-01,B043,0.1425,0.0493,12.08
2024-05-01,B043,0.1482,0.0475,16.94
2024-06-01,B043,0.1446,0.0505,9.88
2024-07-01,B043,0.1432,0.0517,9.28
2024-08-01,B043,0.1408,0.0486,15.95
2024-09-01,B043,0.1452,0.0492,16.44
2024-10-01,B043,0.1469,0.0525,12.37
2024-11-01,B043,0.1429,0.0498,14.83
2024-12-01,B043,0.1455,0.0508,17.37
2020-01-01,B044,0.1292,0.047,17.98
2020-02-01,B044,0.1272,0.0455,14.48
2020-03-01,B044,0.1328,0.0466,13.56
2020-04-01,B044,0.131,0.0454,15.51
2020-05-01,B044,0.1323,0.0465,9.13
2020-06-01,B044,0.1351,0.0474,12.68
2020-07-01,B044,0.128,0.0451,14.63
2020-08-01,B044,0.1353,0.0455,10.01
2020-09-01,B044,0.1304,0.0438,12.64
2020-10-01,B044,0.1286,0.0452,14.29
2020-11-01,B044,0.1326,0.0478,13.38
2020-12-01,B044,0.1329,0.0457,12.47
2021-01-01,B044,0.1312,0.0453,9.85
2021-02-01,B044,0.1347,0.0461,17.66
2021-03-01,B044,0.136,0.0486,11.55
2021-04-01,B044,0.1348,0.0447,13.19
2021-05-01,B044,0.1332,0.0478,13.6
2021-06-01,B044,0.1369,0.0467,12.28
2021-07-01,B044,0.1356,0.0477,10.99
2021-08-01,B044,0.1342,0.0475,13.97
2021-09-01,B044,0.1365,0.0472,12.72
2021-10-01,B044,0.1379,0.048,11.37
2021-11-01,B044,0.1384,0.0485,15.37
2021-12-01,B044,0.1397,0.049,17.31
2022-01-01,B044,0.1402,0.0458,10.08
2022-02-01,B044,0.1337,0.0476,10.59
2022-03-01,B044,0.1385,0.0454,15.41
2022-04-01,B044,0.1363,0.0495,17.89
2022-05-01,B044,0.1338,0.0489,15.12
2022-06-01,B044,0.141,0.0472,9.81
2022-07-01,B044,0.1377,0.0481,13.49
2022-08-01,B044,0.1367,0.0483,11.51
2022-09-01,B044,0.1374,0.0494,16.07
2022-10-01,B044,0.1396,0.047,10.53
2022-11-01,B044,0.1414,0.0472,9.49
2022-12-01,B044,0.1422,0.0475,13.98
2023-01-01,B044,0.1383,0.0479,15.19
2023-02-01,B044,0.1371,0.0497,13.33
2023-03-01,B044,0.1432,0.05,10.45
2023-04-01,B044,0.1417,0.0503,12.22
2023-05-01,B044,0.1418,0.0467,14.05
2023-06-01,B044,0.1406,0.0508,12.65
2023-07-01,B044,0.1394,0.0479,17.83
2023-08-01,B044,0.1401,0.05,12.1
2023-09-01,B044,0.1398,0.0491,14.82
2023-10-01,B044,0.1392,0.05,9.37
2023-11-01,B044,0.1395,0.0506,12.87
2023-12-01,B044,0.1415,0.0506,9.1
2024-01-01,B044,0.1397,0.0486,14.73
2024-02-01,B044,0.1413,0.0475,13.69
2024-03-01,B044,0.1409,0.0502,11.37
2024-04-01,B044,0.1446,0.0475,9.94
2024-05-01,B044,0.1464,0.0507,13.97
2024-06-01,B044,0.1431,0.0519,9.79
2024-07-01,B044,0.1434,0.048,12.49
2024-08-01,B044,0.1469,0.0509,12.42
2024-09-01,B044,0.1493,0.0506,14.46
2024-10-01,B044,0.1456,0.0485,14.84
2024-11-01,B044,0.142,0.0503,15.76
2024-12-01,B044,0.1495,0.0507,17.84
2020-01-01,B045,0.1336,0.0448,9.37
2020-02-01,B045,0.1277,0.0434,16.38
2020-03-01,B045,0.1342,0.0463,10.27
2020-04-01,B045,0.131,0.0462,12.55
2020-05-01,B045,0.1282,0.0464,16.5
2020-06-01,B045,0.1306,0.0441,10.49
2020-07-01,B045,0.1287,0.0475,16.68
2020-08-01,B045,0.1308,0.0441,14.73
2020-09-01,B045,0.1317,0.0439,9.38
2020-10-01,B045,0.1304,0.0467,14.12
2020-11-01,B045,0.1345,0.0462,10.12
2020-12-01,B045,0.1356,0.0439,12.11
2021-01-01,B045,0.1332,0.0464,12.96
2021-02-01,B045,0.1354,0.0465,13.19
2021-03-01,B045,0.1311,0.0455,17.34
2021-04-01,B045,0.1342,0.0481,13.84
2021-05-01,B045,0.1343,0.0477,10.61
2021-06-01,B045,0.1338,0.0479,10.16
2021-07-01,B045,0.1383,0.0489,13.48
2021-08-01,B045,0.1371,0.0474,12.17
2021-09-01,B045,0.1346,0.0464,17.05
2021-10-01,B045,0.1353,0.0447,10.93
2021-11-01,B045,0.1382,0.0486,15.58
2021-12-01,B045,0.1377,0.048,15.25
2022-01-01,B045,0.1349,0.0476,11.49
2022-02-01,B045,0.1359,0.049,15.03
2022-03-01,B045,0.1411,0.0489,17.9
2022-04-01,B045,0.1392,0.046,10.18
2022-05-01,B045,0.1355,0.049,17.65
2022-06-01,B045,0.1355,0.0462,14.23
2022-07-01,B045,0.1411,0.0474,13.27
2022-08-01,B045,0.1369,0.0466,9.5
2022-09-01,B045,0.1362,0.0495,16.22
2022-10-01,B045,0.1401,0.047,14.57
2022-11-01,B045,0.1404,0.0464,12.9
2022-12-01,B045,0.1353,0.0499,10.99
2023-01-01,B045,0.1366,0.0467,11.1
2023-02-01,B045,0.1386,0.0475,12.26
2023-03-01,B045,0.1397,0.0479,11.6
2023-04-01,B045,0.1428,0.0484,16.1
2023-05-01,B045,0.1391,0.0495,17.04
2023-06-01,B045,0.1413,0.0501,15.85
2023-07-01,B045,0.1373,0.0498,13.7
2023-08-01,B045,0.1431,0.0466,12.84
2023-09-01,B045,0.1396,0.0471,17.24
2023-10-01,B045,0.1391,0.0512,11.59
2023-11-01,B045,0.146,0.0487,17.81
2023-12-01,B045,0.1424,0.047,10.36
2024-01-01,B045,0.1391,0.0503,12.11
2024-02-01,B045,0.1402,0.0508,14.48
2024-03-01,B045,0.1451,0.0516,9.32
2024-04-01,B045,0.1412,0.0489,13.48
2024-05-01,B045,0.1424,0.049,12.28
2024-06-01,B045,0.1482,0.0478,11.97
2024-07-01,B045,0.145,0.0522,11.27
2024-08-01,B045,0.1467,0.0521,17.4
2024-09-01,B045,0.1417,0.0497,13.11
2024-10-01,B045,0.1464,0.0495,14.81
2024-11-01,B045,0.1451,0.0486,9.63
2024-12-01,B045,0.143,0.0527,16.83
2020-01-01,B046,0.2109,0.0455,11.76
2020-02-01,B046,0.2122,0.0458,9.93
2020-03-01,B046,0.2161,0.0445,9.46
2020-04-01,B046,0.2097,0.0448,17.83
2020-05-01,B046,0.2101,0.0434,11.28
2020-06-01,B046,0.2128,0.0475,9.87
2020-07-01,B046,0.2098,0.0466,14.55
2020-08-01,B046,0.2154,0.0462,15.99
2020-09-01,B046,0.2126,0.0477,13.45
2020-10-01,B046,0.214,0.0446,10.85
2020-11-01,B046,0.219,0.0446,11.93
2020-12-01,B046,0.217,0.0458,16.77
2021-01-01,B046,0.2199,0.0482,14.98
2021-02-01,B046,0.2111,0.0464,9.87
2021-03-01,B046,0.216,0.0445,14.63
2021-04-01,B046,0.2169,0.0454,16.05
2021-05-01,B046,0.2131,0.0462,12.43
2021-06-01,B046,0.2167,0.0449,10.96
2021-07-01,B046,0.2187,0.0445,12.63
2021-08-01,B046,0.2132,0.0471,14.65
2021-09-01,B046,0.2148,0.0452,16.56
2021-10-01,B046,0.2134,0.0468,17.85
2021-11-01,B046,0.2211,0.0478,11.56
2021-12-01,B046,0.22,0.0449,13.41
2022-01-01,B046,0.2161,0.0464,14.29
2022-02-01,B046,0.2248,0.0494,11.28
2022-03-01,B046,0.2168,0.0489,11.01
2022-04-01,B046,0.22,0.0484,16.3
2022-05-01,B046,0.2239,0.046,9.87
2022-06-01,B046,0.2252,0.0478,17.03
2022-07-01,B046,0.2233,0.0457,15.73
2022-08-01,B046,0.2224,0.0501,11.83
2022-09-01,B046,0.2288,0.0461,9.12
2022-10-01,B046,0.2265,0.0471,9.77
2022-11-01,B046,0.2244,0.0467,12.72
2022-12-01,B046,0.2249,0.0505,13.34
2023-01-01,B046,0.2285,0.048,9.25
2023-02-01,B046,0.2224,0.0476,14.18
2023-03-01,B046,0.2329,0.047,12.52
2023-04-01,B046,0.2243,0.0491,14.5
2023-05-01,B046,0.2252,0.051,12.92
2023-06-01,B046,0.2243,0.0468,11.13
2023-07-01,B046,0.2317,0.0507,12.12
2023-08-01,B046,0.2283,0.0483,16.99
2023-09-01,B046,0.2242,0.0497,10.04
2023-10-01,B046,0.2244,0.0473,11.52
2023-11-01,B046,0.2321,0.0492,13.67
2023-12-01,B046,0.2337,0.0514,10.03
2024-01-01,B046,0.2332,0.0497,10.72
2024-02-01,B046,0.2345,0.0502,17.12
2024-03-01,B046,0.2361,0.0517,14.04
2024-04-01,B046,0.2316,0.0495,16.35
2024-05-01,B046,0.2271,0.0523,15.06
2024-06-01,B046,0.2317,0.0475,11.68
2024-07-01,B046,0.2404,0.0477,16.23
2024-08-01,B046,0.2338,0.049,17.1
2024-09-01,B046,0.2299,0.051,15.4
2024-10-01,B046,0.2415,0.0521,13.0
2024-11-01,B046,0.2298,0.0528,15.31
2024-12-01,B046,0.242,0.0526,16.73
2020-01-01,B047,0.1275,0.0448,13.03
2020-02-01,B047,0.1306,0.0445,13.71
2020-03-01,B047,0.1324,0.0431,9.89
2020-04-01,B047,0.1323,0.0465,16.5
2020-05-01,B047,0.1312,0.0431,17.43
2020-06-01,B047,0.1321,0.0438,13.46
2020-07-01,B047,0.1278,0.0476,17.59
2020-08-01,B047,0.1321,0.0464,13.18
2020-09-01,B047,0.1342,0.0435,10.65
2020-10-01,B047,0.1352,0.0449,9.97
2020-11-01,B047,0.1329,0.0479,12.57
2020-12-01,B047,0.1361,0.0482,11.04
2021-01-01,B047,0.1326,0.0444,12.38
2021-02-01,B047,0.13,0.0455,15.54
2021-03-01,B047,0.1302,0.0441,9.83
2021-04-01,B047,0.1312,0.0462,11.59
2021-05-01,B047,0.1382,0.0451,13.48
2021-06-01,B047,0.1325,0.0443,12.3
2021-07-01,B047,0.1324,0.0445,10.47
2021-08-01,B047,0.134,0.0491,16.6
2021-09-01,B047,0.1373,0.0487,16.22
2021-10-01,B047,0.1356,0.0468,13.72
2021-11-01,B047,0.1321,0.0465,12.36
2021-12-01,B047,0.1329,0.0474,17.32
2022-01-01,B047,0.137,0.0464,11.37
2022-02-01,B047,0.1372,0.0488,9.49
2022-03-01,B047,0.1382,0.0489,12.63
2022-04-01,B047,0.1411,0.049,10.85
2022-05-01,B047,0.1367,0.05,9.6
2022-06-01,B047,0.1378,0.05,12.57
2022-07-01,B047,0.1345,0.0477,12.25
2022-08-01,B047,0.1417,0.0468,15.92
2022-09-01,B047,0.135,0.0458,12.68
2022-10-01,B047,0.1404,0.0486,16.67
2022-11-01,B047,0.1355,0.0471,12.15
2022-12-01,B047,0.1391,0.0465,15.65
2023-01-01,B047,0.1383,0.0479,10.03
2023-02-01,B047,0.1403,0.0499,16.73
2023-03-01,B047,0.1417,0.0505,11.78
2023-04-01,B047,0.1429,0.0503,17.14
2023-05-01,B047,0.1402,0.0485,15.75
2023-06-01,B047,0.1393,0.0472,9.37
2023-07-01,B047,0.1379,0.047,9.55
2023-08-01,B047,0.1385,0.0497,10.07
2023-09-01,B047,0.1414,0.0485,17.94
2023-10-01,B047,0.1452,0.0489,9.02
2023-11-01,B047,0.1414,0.0472,11.73
2023-12-01,B047,0.1445,0.05,17.62
2024-01-01,B047,0.1453,0.0478,12.89
2024-02-01,B047,0.1466,0.0484,13.55
2024-03-01,B047,0.1467,0.0493,9.63
2024-04-01,B047,0.1402,0.0482,11.63
2024-05-01,B047,0.145,0.0501,12.06
2024-06-01,B047,0.1444,0.0491,10.83
2024-07-01,B047,0.1465,0.0502,10.48
2024-08-01,B047,0.1443,0.0515,10.9
2024-09-01,B047,0.1487,0.0478,11.79
2024-10-01,B047,0.1447,0.0514,11.54
2024-11-01,B047,0.1428,0.0482,13.23
2024-12-01,B047,0.1465,0.0513,16.58
2020-01-01,B048,0.1502,0.0449,11.92
2020-02-01,B048,0.1499,0.0463,14.07
2020-03-01,B048,0.151,0.0458,16.21
2020-04-01,B048,0.151,0.045,14.06
2020-05-01,B048,0.1523,0.0437,12.59
2020-06-01,B048,0.1525,0.0466,10.14
2020-07-01,B048,0.1509,0.0471,15.66
2020-08-01,B048,0.1535,0.0478,17.73
2020-09-01,B048,0.1502,0.0475,13.25
2020-10-01,B048,0.1526,0.0439,14.37
2020-11-01,B048,0.1512,0.044,16.64
2020-12-01,B048,0.1491,0.0469,9.27
2021-01-01,B048,0.1517,0.0482,11.59
2021-02-01,B048,0.1522,0.0457,14.84
2021-03-01,B048,0.1514,0.0459,15.41
2021-04-01,B048,0.151,0.0457,12.56
2021-05-01,B048,0.1524,0.0474,11.39
2021-06-01,B048,0.1565,0.0464,11.84
2021-07-01,B048,0.1565,0.0482,17.11
2021-08-01,B048,0.1584,0.0453,10.32
2021-09-01,B048,0.1572,0.0448,15.16
2021-10-01,B048,0.1535,0.0452,15.26
2021-11-01,B048,0.1613,0.0494,13.86
2021-12-01,B048,0.1531,0.048,9.2
2022-01-01,B048,0.1592,0.0477,11.08
2022-02-01,B048,0.1547,0.0483,13.54
2022-03-01,B048,0.1534,0.0496,15.33
2022-04-01,B048,0.1629,0.0496,16.46
2022-05-01,B048,0.1557,0.0492,11.78
2022-06-01,B048,0.1632,0.0475,11.29
2022-07-01,B048,0.1611,0.0469,16.39
2022-08-01,B048,0.1642,0.048,14.98
2022-09-01,B048,0.1636,0.0479,15.44
2022-10-01,B048,0.1601,0.0484,11.86
2022-11-01,B048,0.1562,0.0491,11.51
2022-12-01,B048,0.1598,0.0468,9.86
2023-01-01,B048,0.1581,0.049,15.81
2023-02-01,B048,0.161,0.0461,10.23
2023-03-01,B048,0.1581,0.0498,15.82
2023-04-01,B048,0.1653,0.0496,9.53
2023-05-01,B048,0.1642,0.0484,16.74
2023-06-01,B048,0.1619,0.0475,17.96
2023-07-01,B048,0.1618,0.0496,10.25
2023-08-01,B048,0.1658,0.0509,14.48
2023-09-01,B048,0.1631,0.0491,14.33
2023-10-01,B048,0.1602,0.0493,16.24
2023-11-01,B048,0.1616,0.0492,13.77
2023-12-01,B048,0.1654,0.0512,12.17
2024-01-01,B048,0.1694,0.0506,14.06
2024-02-01,B048,0.1688,0.0509,11.61
2024-03-01,B048,0.1672,0.0489,9.87
2024-04-01,B048,0.1704,0.0522,12.31
2024-05-01,B048,0.1649,0.0482,17.33
2024-06-01,B048,0.1625,0.0521,10.73
2024-07-01,B048,0.1666,0.049,10.71
2024-08-01,B048,0.1692,0.0514,16.33
2024-09-01,B048,0.1666,0.0523,17.77
2024-10-01,B048,0.165,0.0486,9.39
2024-11-01,B048,0.1722,0.0495,16.33
2024-12-01,B048,0.1652,0.0493,10.41
2020-01-01,B049,0.1299,0.0452,13.28
2020-02-01,B049,0.1329,0.0452,12.61
2020-03-01,B049,0.1339,0.0443,14.42
2020-04-01,B049,0.1291,0.0464,10.66
2020-05-01,B049,0.1336,0.0431,13.38
2020-06-01,B049,0.1339,0.0447,11.87
2020-07-01,B049,0.1284,0.0446,11.11
2020-08-01,B049,0.1286,0.0457,15.9
2020-09-01,B049,0.1291,0.0451,9.73
2020-10-01,B049,0.1311,0.0456,17.76
2020-11-01,B049,0.1359,0.0458,11.07
2020-12-01,B049,0.1293,0.0454,17.64
2021-01-01,B049,0.1297,0.0445,15.86
2021-02-01,B049,0.1308,0.0471,11.35
2021-03-01,B049,0.1316,0.0457,12.26
2021-04-01,B049,0.1379,0.0456,14.72
2021-05-01,B049,0.1312,0.0485,17.27
2021-06-01,B049,0.1367,0.0461,12.19
2021-07-01,B049,0.1312,0.0488,11.4
2021-08-01,B049,0.1327,0.0457,11.41
2021-09-01,B049,0.1315,0.0465,17.31
2021-10-01,B049,0.1396,0.0479,12.38
2021-11-01,B049,0.1325,0.0474,14.81
2021-12-01,B049,0.1386,0.0471,14.01
2022-01-01,B049,0.1379,0.048,17.58
2022-02-01,B049,0.1353,0.0478,11.07
2022-03-01,B049,0.1332,0.0465,16.63
2022-04-01,B049,0.1344,0.0493,15.33
2022-05-01,B049,0.1391,0.0481,16.58
2022-06-01,B049,0.1415,0.0496,12.87
2022-07-01,B049,0.1386,0.0476,16.18
2022-08-01,B049,0.1366,0.0461,16.73
2022-09-01,B049,0.1357,0.046,13.99
2022-10-01,B049,0.14,0.0458,13.27
2022-11-01,B049,0.1406,0.0485,17.16
2022-12-01,B049,0.1433,0.0506,11.57
2023-01-01,B049,0.139,0.0491,13.3
2023-02-01,B049,0.1366,0.0503,14.87
2023-03-01,B049,0.1422,0.0483,12.1
2023-04-01,B049,0.1372,0.0493,14.22
2023-05-01,B049,0.1377,0.0473,12.64
2023-06-01,B049,0.1417,0.0478,14.52
2023-07-01,B049,0.1444,0.0474,17.27
2023-08-01,B049,0.1388,0.0495,9.89
2023-09-01,B049,0.1433,0.0472,13.07
2023-10-01,B049,0.1399,0.0493,17.54
2023-11-01,B049,0.1405,0.0515,17.25
2023-12-01,B049,0.1446,0.048,17.85
2024-01-01,B049,0.1459,0.0475,16.45
2024-02-01,B049,0.1446,0.0471,11.39
2024-03-01,B049,0.141,0.0521,9.03
2024-04-01,B049,0.1406,0.0503,16.96
2024-05-01,B049,0.1417,0.0481,17.47
2024-06-01,B049,0.1478,0.0506,11.93
2024-07-01,B049,0.1451,0.0524,11.01
2024-08-01,B049,0.1454,0.0522,11.97
2024-09-01,B049,0.148,0.0506,15.44
2024-10-01,B049,0.1426,0.0491,17.73
2024-11-01,B049,0.1487,0.0512,11.24
2024-12-01,B049,0.1468,0.0531,14.24
2020-01-01,B050,0.1294,0.0446,17.91
2020-02-01,B050,0.1291,0.0433,10.5
2020-03-01,B050,0.1321,0.0451,13.37
2020-04-01,B050,0.1324,0.0456,10.95
2020-05-01,B050,0.1305,0.0447,12.96
2020-06-01,B050,0.1298,0.046,9.27
2020-07-01,B050,0.1304,0.0461,16.11
2020-08-01,B050,0.1326,0.0457,11.32
2020-09-01,B050,0.1284,0.0453,17.66
2020-10-01,B050,0.1333,0.0468,14.42
2020-11-01,B050,0.1326,0.0479,11.22
2020-12-01,B050,0.1368,0.0467,12.79
2021-01-01,B050,0.1315,0.0445,13.14
2021-02-01,B050,0.136,0.044,17.3
2021-03-01,B050,0.1375,0.0456,14.72
2021-04-01,B050,0.1338,0.0485,13.45
2021-05-01,B050,0.131,0.0471,11.05
2021-06-01,B050,0.1323,0.0467,15.58
2021-07-01,B050,0.1343,0.0465,14.32
2021-08-01,B050,0.1351,0.0451,10.38
2021-09-01,B050,0.1333,0.0472,15.26
2021-10-01,B050,0.1356,0.0483,17.09
2021-11-01,B050,0.1358,0.0465,15.53
2021-12-01,B050,0.1327,0.0449,11.27
2022-01-01,B050,0.1335,0.0466,13.88
2022-02-01,B050,0.1393,0.0496,10.67
2022-03-01,B050,0.1358,0.0483,12.46
2022-04-01,B050,0.1357,0.0467,11.42
2022-05-01,B050,0.1386,0.0478,15.12
2022-06-01,B050,0.141,0.0475,11.08
2022-07-01,B050,0.1367,0.0501,14.96
2022-08-01,B050,0.1349,0.046,15.72
2022-09-01,B050,0.1416,0.0465,16.87
2022-10-01,B050,0.1354,0.0468,9.18
2022-11-01,B050,0.1419,0.0486,14.57
2022-12-01,B050,0.1389,0.0478,13.31
2023-01-01,B050,0.1438,0.0481,11.03
2023-02-01,B050,0.1402,0.0497,9.62
2023-03-01,B050,0.1422,0.0504,16.18
2023-04-01,B050,0.142,0.0505,10.02
2023-05-01,B050,0.1422,0.0503,14.98
2023-06-01,B050,0.1449,0.0478,14.39
2023-07-01,B050,0.1417,0.0486,16.96
2023-08-01,B050,0.1425,0.0499,9.88
2023-09-01,B050,0.1413,0.0512,10.93
2023-10-01,B050,0.1448,0.0486,12.91
2023-11-01,B050,0.14,0.0495,16.56
2023-12-01,B050,0.1427,0.0498,16.7
2024-01-01,B050,0.1443,0.0492,11.69
2024-02-01,B050,0.1432,0.0476,14.66
2024-03-01,B050,0.1448,0.0513,10.03
2024-04-01,B050,0.1405,0.0474,16.6
2024-05-01,B050,0.1443,0.0504,11.53
2024-06-01,B050,0.1452,0.0514,15.6
2024-07-01,B050,0.142,0.0494,17.81
2024-08-01,B050,0.1442,0.0501,14.58
2024-09-01,B050,0.1445,0.049,12.44
2024-10-01,B050,0.1424,0.0509,12.49
2024-11-01,B050,0.1473,0.0524,12.89
2024-12-01,B050,0.1432,0.0495,11.94
