date,city,temperature_f,humidity_pct,rainfall_in,wind_speed_mph
2020-01-01,New York,31.9,59.9,0.0,10.2
2020-01-02,New York,32.6,62.5,0.0,4.5
2020-01-03,New York,31.8,62.9,0.0,14.1
2020-01-04,New York,33.5,63.7,0.0,5.7
2020-01-05,New York,39.4,68.2,0.0,8.0
2020-01-06,New York,21.1,66.4,0.0,4.5
2020-01-07,New York,31.5,62.4,0.0,4.1
2020-01-08,New York,33.2,55.5,0.0,5.4
2020-01-09,New York,33.7,62.5,0.0,5.1
2020-01-10,New York,30.6,61.8,0.0,6.8
2020-01-11,New York,24.3,63.5,0.0,5.1
2020-01-12,New York,33.7,79.7,0.0,10.1
2020-01-13,New York,39.9,57.8,0.0,5.7
2020-01-14,New York,25.2,65.4,0.0,5.3
2020-01-15,New York,35.9,70.5,0.0,6.8
2020-01-16,New York,30.5,62.8,0.0,11.0
2020-01-17,New York,31.7,80.7,0.0,8.6
2020-01-18,New York,27.3,59.0,0.0,7.7
2020-01-19,New York,30.5,64.6,0.0,3.7
2020-01-20,New York,37.9,55.6,0.0,4.6
2020-01-21,New York,34.6,59.2,0.0,4.2
2020-01-22,New York,39.8,64.0,0.0,11.9
2020-01-23,New York,37.4,68.8,0.0,9.6
2020-01-24,New York,34.1,64.6,0.0,5.4
2020-01-25,New York,40.0,72.1,0.0,6.3
2020-01-26,New York,34.2,61.2,0.0,5.5
2020-01-27,New York,36.0,59.3,0.0,5.3
2020-01-28,New York,31.0,83.6,0.0,9.4
2020-01-29,New York,32.7,65.2,0.0,7.1
2020-01-30,New York,29.4,56.2,0.0,14.2
2020-01-31,New York,37.0,56.4,0.0,11.8
2020-02-01,New York,27.4,54.5,0.0,11.9
2020-02-02,New York,36.3,69.5,0.0,10.0
2020-02-03,New York,32.1,59.1,0.0,6.7
2020-02-04,New York,38.3,63.0,0.0,9.8
2020-02-05,New York,36.5,61.5,0.0,7.0
2020-02-06,New York,41.5,67.9,0.0,12.9
2020-02-07,New York,36.7,55.2,0.0,9.2
2020-02-08,New York,26.5,53.4,0.0,8.8
2020-02-09,New York,33.5,63.8,0.0,8.4
2020-02-10,New York,28.7,66.8,0.39,13.2
2020-02-11,New York,31.8,64.7,0.0,3.7
2020-02-12,New York,41.1,55.5,0.0,13.5
2020-02-13,New York,37.3,67.4,0.0,7.4
2020-02-14,New York,31.5,56.0,0.0,3.8
2020-02-15,New York,30.3,57.8,0.0,5.7
2020-02-16,New York,35.2,54.4,0.0,3.0
2020-02-17,New York,29.8,72.4,0.0,10.0
2020-02-18,New York,32.5,67.1,0.0,4.9
2020-02-19,New York,37.2,66.8,0.0,8.5
2020-02-20,New York,41.2,72.0,0.0,11.4
2020-02-21,New York,39.0,84.5,0.0,6.0
2020-02-22,New York,26.2,48.3,0.0,7.2
2020-02-23,New York,38.1,56.1,0.0,4.1
2020-02-24,New York,37.3,57.1,0.58,6.8
2020-02-25,New York,39.1,55.2,0.0,15.7
2020-02-26,New York,44.8,53.4,0.95,10.3
2020-02-27,New York,28.5,59.6,0.0,7.2
2020-02-28,New York,35.5,52.3,0.0,6.2
2020-02-29,New York,41.1,64.7,0.0,7.9
2020-03-01,New York,31.6,62.4,0.0,8.4
2020-03-02,New York,45.7,65.8,0.0,6.7
2020-03-03,New York,41.0,66.1,0.0,9.6
2020-03-04,New York,43.5,66.8,0.0,5.1
2020-03-05,New York,37.4,59.0,0.0,5.1
2020-03-06,New York,44.0,79.0,0.0,9.1
2020-03-07,New York,45.4,63.9,0.0,4.5
2020-03-08,New York,42.0,47.1,0.0,10.2
2020-03-09,New York,42.4,54.0,0.0,8.0
2020-03-10,New York,42.9,48.1,0.0,2.5
2020-03-11,New York,38.1,62.1,0.0,8.3
2020-03-12,New York,41.7,61.0,0.3,2.9
2020-03-13,New York,42.1,58.3,0.0,10.1
2020-03-14,New York,44.8,78.1,0.0,7.3
2020-03-15,New York,48.0,66.4,0.0,13.6
2020-03-16,New York,39.1,67.8,0.0,11.2
2020-03-17,New York,43.7,54.6,0.0,4.8
2020-03-18,New York,51.3,54.0,0.0,1.9
2020-03-19,New York,41.7,62.3,0.0,5.7
2020-03-20,New York,41.7,63.4,0.0,4.3
2020-03-21,New York,46.7,47.1,0.0,13.5
2020-03-22,New York,50.0,60.6,0.0,8.0
2020-03-23,New York,46.7,62.1,0.0,10.8
2020-03-24,New York,53.0,60.3,0.0,7.1
2020-03-25,New York,51.3,55.5,0.0,7.5
2020-03-26,New York,51.7,57.7,0.0,7.9
2020-03-27,New York,50.8,60.6,0.0,11.3
2020-03-28,New York,59.2,62.7,0.0,8.9
2020-03-29,New York,48.2,66.8,0.0,4.8
2020-03-30,New York,40.5,70.6,0.0,12.9
2020-03-31,New York,57.2,59.6,0.0,7.1
2020-04-01,New York,48.4,58.4,0.0,6.6
2020-04-02,New York,51.3,65.5,0.0,0.0
2020-04-03,New York,57.2,66.9,0.0,9.9
2020-04-04,New York,44.5,58.5,0.0,8.3
2020-04-05,New York,46.5,68.3,0.0,8.3
2020-04-06,New York,45.4,69.8,0.0,6.8
2020-04-07,New York,49.5,72.3,0.0,6.3
2020-04-08,New York,55.5,76.2,0.0,6.9
2020-04-09,New York,56.3,55.1,0.0,9.4
2020-04-10,New York,55.7,62.1,0.0,9.9
2020-04-11,New York,48.5,62.1,0.46,7.3
2020-04-12,New York,44.9,61.2,0.0,10.8
2020-04-13,New York,56.0,56.8,0.0,7.8
2020-04-14,New York,54.1,50.1,0.0,6.5
2020-04-15,New York,58.7,62.7,0.0,8.6
2020-04-16,New York,60.3,55.9,0.0,3.9
2020-04-17,New York,58.2,62.7,0.0,8.7
2020-04-18,New York,61.5,55.6,0.07,3.4
2020-04-19,New York,59.5,53.2,0.0,4.9
2020-04-20,New York,61.3,63.9,0.0,1.9
2020-04-21,New York,56.2,63.2,0.0,7.5
2020-04-22,New York,59.1,66.6,1.03,12.8
2020-04-23,New York,61.2,79.5,0.0,7.6
2020-04-24,New York,64.5,64.2,0.0,9.9
2020-04-25,New York,59.5,65.9,0.0,15.1
2020-04-26,New York,64.0,53.4,0.0,9.2
2020-04-27,New York,60.9,51.7,0.0,5.7
2020-04-28,New York,62.1,74.7,0.0,6.1
2020-04-29,New York,66.8,54.6,0.0,8.0
2020-04-30,New York,54.5,53.6,0.0,6.1
2020-05-01,New York,58.1,61.7,0.55,6.3
2020-05-02,New York,57.7,61.3,0.0,11.0
2020-05-03,New York,54.3,54.8,0.43,11.1
2020-05-04,New York,62.2,59.6,0.0,3.1
2020-05-05,New York,69.1,71.8,0.0,5.5
2020-05-06,New York,64.9,55.6,0.0,6.6
2020-05-07,New York,67.5,50.9,0.0,9.8
2020-05-08,New York,71.9,69.5,0.0,11.4
2020-05-09,New York,,65.9,0.0,16.1
2020-05-10,New York,67.6,57.0,0.0,6.6
2020-05-11,New York,74.4,49.3,0.0,6.8
2020-05-12,New York,69.1,56.0,0.6,9.8
2020-05-13,New York,65.4,61.6,0.0,6.0
2020-05-14,New York,66.9,71.3,0.0,7.6
2020-05-15,New York,63.3,53.7,0.0,6.8
2020-05-16,New York,66.4,61.3,0.0,0.1
2020-05-17,New York,69.2,67.4,0.0,8.4
2020-05-18,New York,74.8,42.9,0.0,7.5
2020-05-19,New York,79.3,70.3,0.0,11.8
2020-05-20,New York,65.8,52.5,0.0,8.0
2020-05-21,New York,74.1,64.7,0.0,4.2
2020-05-22,New York,68.1,64.0,0.0,7.2
2020-05-23,New York,75.3,70.7,0.0,1.7
2020-05-24,New York,72.9,66.4,0.0,4.4
2020-05-25,New York,65.6,43.0,0.0,9.9
2020-05-26,New York,78.4,55.7,0.0,7.3
2020-05-27,New York,71.9,63.1,0.0,10.8
2020-05-28,New York,72.6,60.4,0.0,2.1
2020-05-29,New York,70.5,65.8,0.0,7.3
2020-05-30,New York,72.7,68.3,0.0,6.6
2020-05-31,New York,77.9,66.9,0.0,10.9
2020-06-01,New York,75.5,60.3,0.39,10.0
2020-06-02,New York,78.2,47.2,0.0,9.9
2020-06-03,New York,78.7,58.4,0.25,12.6
2020-06-04,New York,83.3,65.3,0.0,6.9
2020-06-05,New York,76.1,53.3,0.14,12.0
2020-06-06,New York,71.3,67.1,0.0,4.9
2020-06-07,New York,83.1,69.3,0.0,4.8
2020-06-08,New York,77.1,63.0,0.0,10.3
2020-06-09,New York,83.9,37.5,0.0,3.5
2020-06-10,New York,80.9,51.8,0.0,9.7
2020-06-11,New York,78.9,77.1,0.0,8.3
2020-06-12,New York,81.3,57.6,0.0,11.2
2020-06-13,New York,88.8,46.1,0.0,7.8
2020-06-14,New York,89.6,71.9,0.32,8.2
2020-06-15,New York,80.8,62.1,0.0,9.5
2020-06-16,New York,81.5,70.8,0.0,6.0
2020-06-17,New York,85.9,64.2,1.44,5.9
2020-06-18,New York,77.4,65.7,0.0,9.4
2020-06-19,New York,83.0,64.9,0.0,7.9
2020-06-20,New York,81.6,67.6,0.0,6.8
2020-06-21,New York,83.3,80.2,0.0,7.8
2020-06-22,New York,78.4,69.8,0.53,12.8
2020-06-23,New York,75.2,49.4,0.0,6.7
2020-06-24,New York,73.2,65.6,0.0,6.6
2020-06-25,New York,77.7,71.1,0.0,2.9
2020-06-26,New York,80.8,71.6,0.0,7.9
2020-06-27,New York,81.8,58.6,0.0,10.0
2020-06-28,New York,92.0,71.3,0.0,10.5
2020-06-29,New York,88.4,69.4,0.0,8.3
2020-06-30,New York,79.2,82.6,0.0,10.9
2020-07-01,New York,85.3,56.0,0.0,10.2
2020-07-02,New York,82.0,57.9,0.7,11.3
2020-07-03,New York,82.7,59.6,0.0,11.0
2020-07-04,New York,84.9,58.1,0.0,12.7
2020-07-05,New York,87.0,54.9,0.0,7.5
2020-07-06,New York,82.8,39.9,0.31,4.0
2020-07-07,New York,89.2,58.5,0.0,10.0
2020-07-08,New York,79.4,65.0,0.0,10.3
2020-07-09,New York,84.6,58.1,0.0,12.7
2020-07-10,New York,96.4,77.5,0.0,11.8
2020-07-11,New York,85.7,62.1,0.0,13.8
2020-07-12,New York,91.2,72.3,0.0,9.9
2020-07-13,New York,85.3,64.1,0.0,8.7
2020-07-14,New York,87.5,68.6,0.0,3.8
2020-07-15,New York,84.7,64.2,0.0,8.9
2020-07-16,New York,84.2,73.0,0.96,6.3
2020-07-17,New York,81.5,62.4,0.0,8.6
2020-07-18,New York,86.9,66.0,0.0,8.2
2020-07-19,New York,81.2,64.9,1.18,9.4
2020-07-20,New York,88.0,59.7,0.0,7.7
2020-07-21,New York,89.9,65.2,0.0,10.8
2020-07-22,New York,86.6,79.9,0.0,0.0
2020-07-23,New York,83.7,59.8,0.0,8.6
2020-07-24,New York,87.0,65.4,0.0,11.6
2020-07-25,New York,83.5,72.1,0.0,13.6
2020-07-26,New York,89.0,71.1,0.0,10.2
2020-07-27,New York,76.5,62.1,0.0,13.1
2020-07-28,New York,83.2,42.9,0.0,8.5
2020-07-29,New York,75.7,66.1,0.0,8.0
2020-07-30,New York,77.8,44.2,0.0,9.6
2020-07-31,New York,90.6,73.8,0.0,8.0
2020-08-01,New York,88.4,63.4,1.54,5.7
2020-08-02,New York,81.0,70.0,0.0,6.5
2020-08-03,New York,77.4,54.8,0.0,4.7
2020-08-04,New York,70.7,49.6,0.0,9.6
2020-08-05,New York,81.5,64.1,0.0,8.0
2020-08-06,New York,94.7,61.7,0.0,6.9
2020-08-07,New York,85.6,58.1,0.0,6.3
2020-08-08,New York,81.0,62.7,0.0,9.5
2020-08-09,New York,,84.1,1.21,10.3
2020-08-10,New York,76.2,68.7,0.39,4.6
2020-08-11,New York,81.7,70.4,0.0,4.1
2020-08-12,New York,83.3,68.8,0.0,10.9
2020-08-13,New York,82.3,73.8,0.0,3.9
2020-08-14,New York,86.0,60.5,0.0,9.6
2020-08-15,New York,83.8,45.6,0.0,12.9
2020-08-16,New York,85.1,60.5,0.0,12.9
2020-08-17,New York,78.7,68.5,0.0,10.2
2020-08-18,New York,85.7,54.2,0.0,10.1
2020-08-19,New York,88.7,60.6,0.0,14.8
2020-08-20,New York,76.8,56.5,0.0,1.0
2020-08-21,New York,76.9,74.0,0.0,6.6
2020-08-22,New York,86.7,68.0,0.0,10.5
2020-08-23,New York,79.6,67.2,0.0,7.0
2020-08-24,New York,86.5,67.0,0.0,11.7
2020-08-25,New York,77.9,61.7,0.0,7.9
2020-08-26,New York,86.2,63.6,0.0,8.4
2020-08-27,New York,79.9,52.5,0.0,7.2
2020-08-28,New York,80.2,44.5,0.0,6.4
2020-08-29,New York,85.8,63.2,0.29,6.4
2020-08-30,New York,76.8,64.6,0.0,8.8
2020-08-31,New York,,71.7,0.0,5.7
2020-09-01,New York,75.8,74.6,0.0,10.9
2020-09-02,New York,79.6,74.6,0.0,10.0
2020-09-03,New York,70.2,54.0,1.32,11.3
2020-09-04,New York,79.8,59.2,0.0,4.6
2020-09-05,New York,74.1,65.8,0.0,2.9
2020-09-06,New York,81.4,82.3,0.0,8.0
2020-09-07,New York,65.1,73.8,0.0,16.7
2020-09-08,New York,72.0,71.0,0.0,11.8
2020-09-09,New York,67.6,58.9,0.0,6.3
2020-09-10,New York,71.1,54.9,0.0,9.3
2020-09-11,New York,75.6,68.3,0.0,10.2
2020-09-12,New York,73.3,53.2,0.0,3.9
2020-09-13,New York,72.6,60.1,1.08,12.1
2020-09-14,New York,72.7,61.1,0.33,7.5
2020-09-15,New York,73.9,74.7,1.37,7.7
2020-09-16,New York,68.1,59.2,0.0,8.1
2020-09-17,New York,75.4,42.5,0.0,11.4
2020-09-18,New York,74.8,66.0,0.0,5.7
2020-09-19,New York,73.2,56.4,0.0,2.9
2020-09-20,New York,73.5,62.3,0.0,9.0
2020-09-21,New York,72.0,61.3,0.0,1.9
2020-09-22,New York,79.4,59.8,0.0,7.1
2020-09-23,New York,69.4,68.3,0.0,11.6
2020-09-24,New York,68.0,49.7,0.0,9.7
2020-09-25,New York,65.6,57.9,0.0,11.1
2020-09-26,New York,63.9,67.5,0.0,9.9
2020-09-27,New York,62.5,57.1,0.47,15.2
2020-09-28,New York,63.7,49.1,0.0,6.2
2020-09-29,New York,67.0,67.3,0.0,9.2
2020-09-30,New York,68.4,71.0,0.0,6.7
2020-10-01,New York,66.6,61.6,0.0,10.9
2020-10-02,New York,62.5,46.3,0.0,7.8
2020-10-03,New York,69.6,67.6,0.0,13.2
2020-10-04,New York,68.4,48.7,0.0,6.4
2020-10-05,New York,63.9,64.5,0.0,12.2
2020-10-06,New York,61.3,54.9,0.0,9.8
2020-10-07,New York,66.2,52.7,0.53,7.9
2020-10-08,New York,64.2,58.5,0.0,9.6
2020-10-09,New York,56.4,60.5,0.0,8.8
2020-10-10,New York,62.1,56.8,0.0,9.1
2020-10-11,New York,63.1,66.7,0.0,7.4
2020-10-12,New York,57.5,58.4,0.0,5.9
2020-10-13,New York,61.9,69.8,0.0,7.0
2020-10-14,New York,54.1,64.2,0.0,3.0
2020-10-15,New York,66.2,56.4,0.0,10.5
2020-10-16,New York,65.3,55.1,0.08,4.3
2020-10-17,New York,58.1,48.8,0.0,7.3
2020-10-18,New York,60.4,64.3,0.0,9.9
2020-10-19,New York,47.5,59.2,1.54,10.5
2020-10-20,New York,52.7,43.0,0.0,2.7
2020-10-21,New York,56.1,57.7,0.0,7.7
2020-10-22,New York,52.1,54.8,0.0,9.4
2020-10-23,New York,59.7,74.6,0.54,8.2
2020-10-24,New York,65.0,48.4,0.0,12.0
2020-10-25,New York,50.3,50.5,0.45,5.5
2020-10-26,New York,51.4,70.9,0.0,1.9
2020-10-27,New York,55.8,72.9,0.0,10.4
2020-10-28,New York,61.5,56.0,0.41,6.4
2020-10-29,New York,48.3,56.9,0.1,2.7
2020-10-30,New York,54.5,66.9,0.66,7.5
2020-10-31,New York,61.1,43.4,0.0,11.7
2020-11-01,New York,45.0,47.1,0.0,4.2
2020-11-02,New York,46.2,59.8,0.0,15.0
2020-11-03,New York,49.7,74.4,0.0,5.5
2020-11-04,New York,48.8,58.5,0.0,8.3
2020-11-05,New York,54.4,62.8,0.0,4.3
2020-11-06,New York,51.3,71.1,0.0,8.1
2020-11-07,New York,41.8,78.9,0.0,7.6
2020-11-08,New York,51.7,57.4,0.0,3.5
2020-11-09,New York,46.4,61.9,0.0,16.5
2020-11-10,New York,54.3,76.6,0.0,6.5
2020-11-11,New York,45.3,49.8,0.0,6.5
2020-11-12,New York,44.8,70.2,0.0,10.9
2020-11-13,New York,49.7,53.9,0.38,13.4
2020-11-14,New York,50.3,62.8,0.0,11.4
2020-11-15,New York,48.5,60.1,1.42,4.4
2020-11-16,New York,38.5,54.3,0.0,8.6
2020-11-17,New York,48.1,54.1,0.0,2.4
2020-11-18,New York,40.6,64.2,0.0,10.7
2020-11-19,New York,45.9,70.0,0.0,3.1
2020-11-20,New York,38.1,61.0,0.0,5.6
2020-11-21,New York,46.1,62.6,0.0,8.0
2020-11-22,New York,40.1,66.6,0.0,9.3
2020-11-23,New York,37.6,54.2,0.0,7.2
2020-11-24,New York,46.2,67.9,0.0,12.6
2020-11-25,New York,43.7,68.6,0.0,10.2
2020-11-26,New York,39.5,82.8,0.0,9.9
2020-11-27,New York,48.4,59.0,0.0,4.3
2020-11-28,New York,39.6,58.3,0.0,13.1
2020-11-29,New York,41.3,68.2,0.0,5.6
2020-11-30,New York,42.1,68.6,0.0,13.2
2020-12-01,New York,37.7,57.7,0.0,14.1
2020-12-02,New York,42.3,58.8,0.0,9.5
2020-12-03,New York,37.5,66.3,0.0,11.1
2020-12-04,New York,37.7,55.4,0.0,0.0
2020-12-05,New York,45.3,58.7,0.0,7.4
2020-12-06,New York,34.2,62.7,0.0,11.3
2020-12-07,New York,27.7,70.0,0.0,10.8
2020-12-08,New York,45.6,57.2,0.0,4.3
2020-12-09,New York,49.5,47.3,0.0,7.1
2020-12-10,New York,35.9,46.7,0.0,0.4
2020-12-11,New York,28.7,51.9,0.49,9.2
2020-12-12,New York,35.8,51.5,0.0,2.4
2020-12-13,New York,35.6,60.8,0.0,11.4
2020-12-14,New York,35.8,52.5,0.0,11.5
2020-12-15,New York,31.4,56.4,0.0,6.6
2020-12-16,New York,38.7,55.8,0.0,9.6
2020-12-17,New York,38.3,58.5,0.0,7.3
2020-12-18,New York,28.9,72.6,0.0,8.7
2020-12-19,New York,38.6,67.3,0.0,4.6
2020-12-20,New York,44.5,62.1,0.0,9.9
2020-12-21,New York,35.8,58.3,0.0,3.1
2020-12-22,New York,33.3,58.5,0.0,2.5
2020-12-23,New York,34.0,64.6,0.0,7.6
2020-12-24,New York,37.2,66.7,0.0,7.4
2020-12-25,New York,26.4,54.7,0.0,8.8
2020-12-26,New York,34.8,62.3,0.0,6.1
2020-12-27,New York,32.1,45.7,0.0,13.7
2020-12-28,New York,42.0,63.7,0.0,8.5
2020-12-29,New York,32.8,68.1,0.0,8.7
2020-12-30,New York,40.9,59.8,0.0,8.6
2020-12-31,New York,28.3,76.5,0.0,11.0
2021-01-01,New York,35.9,55.0,0.0,9.7
2021-01-02,New York,34.5,63.7,0.0,9.3
2021-01-03,New York,29.0,61.7,2.33,10.2
2021-01-04,New York,33.6,61.2,0.0,2.5
2021-01-05,New York,38.2,61.1,0.0,2.6
2021-01-06,New York,31.2,62.9,0.0,7.8
2021-01-07,New York,24.9,68.8,0.0,7.4
2021-01-08,New York,32.4,73.0,0.0,9.7
2021-01-09,New York,28.3,62.0,0.0,8.1
2021-01-10,New York,30.8,68.5,0.0,9.7
2021-01-11,New York,31.9,56.4,0.0,4.3
2021-01-12,New York,24.5,68.1,0.47,8.0
2021-01-13,New York,24.9,55.9,0.0,4.0
2021-01-14,New York,34.3,70.7,0.0,9.2
2021-01-15,New York,29.7,79.7,0.0,2.4
2021-01-16,New York,20.5,61.0,0.0,9.0
2021-01-17,New York,35.5,44.5,0.0,3.6
2021-01-18,New York,33.2,57.6,0.7,6.8
2021-01-19,New York,28.8,71.9,1.16,10.7
2021-01-20,New York,26.1,66.4,0.0,8.7
2021-01-21,New York,35.8,64.0,0.0,3.1
2021-01-22,New York,33.6,70.1,0.0,6.0
2021-01-23,New York,42.8,65.9,0.0,3.5
2021-01-24,New York,34.0,71.7,0.0,2.9
2021-01-25,New York,33.9,69.4,0.0,8.4
2021-01-26,New York,31.5,74.2,0.0,9.7
2021-01-27,New York,35.9,64.9,0.0,9.3
2021-01-28,New York,35.2,69.2,0.0,9.8
2021-01-29,New York,38.0,59.5,0.0,8.0
2021-01-30,New York,30.2,57.2,1.04,7.2
2021-01-31,New York,30.6,75.7,0.0,4.8
2021-02-01,New York,30.5,63.7,0.0,6.7
2021-02-02,New York,36.4,68.4,0.0,4.0
2021-02-03,New York,39.7,63.0,0.0,5.5
2021-02-04,New York,31.0,57.3,0.0,8.3
2021-02-05,New York,31.3,62.1,0.0,7.6
2021-02-06,New York,34.7,73.5,0.0,17.2
2021-02-07,New York,32.3,66.4,0.0,4.0
2021-02-08,New York,37.9,48.3,0.0,7.6
2021-02-09,New York,23.6,60.3,0.0,3.7
2021-02-10,New York,30.2,76.3,0.35,6.8
2021-02-11,New York,30.6,60.3,0.0,7.0
2021-02-12,New York,23.8,47.6,0.0,10.5
2021-02-13,New York,30.1,77.1,0.0,6.7
2021-02-14,New York,30.6,67.5,0.29,7.4
2021-02-15,New York,34.0,61.4,0.0,6.7
2021-02-16,New York,40.1,59.0,0.0,3.8
2021-02-17,New York,34.2,70.7,0.0,6.0
2021-02-18,New York,30.9,57.7,0.0,6.9
2021-02-19,New York,35.5,71.2,1.17,8.2
2021-02-20,New York,40.7,66.3,0.0,9.7
2021-02-21,New York,31.8,64.0,0.0,7.3
2021-02-22,New York,32.4,63.2,0.0,7.2
2021-02-23,New York,39.3,60.6,0.0,2.8
2021-02-24,New York,36.0,70.4,0.0,9.6
2021-02-25,New York,40.2,55.1,0.0,5.9
2021-02-26,New York,37.5,49.0,0.0,10.2
2021-02-27,New York,41.0,66.9,0.0,11.9
2021-02-28,New York,33.5,67.0,0.57,7.4
2021-03-01,New York,,65.8,0.0,4.9
2021-03-02,New York,37.8,65.3,0.0,7.9
2021-03-03,New York,33.6,59.4,0.0,9.0
2021-03-04,New York,32.3,68.3,0.0,7.1
2021-03-05,New York,42.7,61.6,0.0,6.3
2021-03-06,New York,38.4,58.1,0.0,9.7
2021-03-07,New York,35.7,59.5,0.0,9.5
2021-03-08,New York,40.2,78.2,0.0,7.0
2021-03-09,New York,46.1,48.1,0.0,3.0
2021-03-10,New York,31.1,66.0,0.0,9.4
2021-03-11,New York,34.9,48.6,0.0,5.7
2021-03-12,New York,37.9,61.1,0.0,8.6
2021-03-13,New York,49.0,58.5,0.0,8.5
2021-03-14,New York,44.0,45.3,0.0,2.3
2021-03-15,New York,46.6,65.1,1.48,8.2
2021-03-16,New York,38.4,59.0,0.0,9.5
2021-03-17,New York,38.8,45.2,0.0,9.9
2021-03-18,New York,46.3,68.7,0.0,8.4
2021-03-19,New York,44.9,73.5,0.0,2.1
2021-03-20,New York,47.5,73.9,0.0,11.8
2021-03-21,New York,44.6,64.9,0.0,9.2
2021-03-22,New York,47.1,62.4,0.0,4.4
2021-03-23,New York,46.9,72.6,0.0,5.6
2021-03-24,New York,50.1,75.5,0.0,8.7
2021-03-25,New York,50.7,71.1,0.0,10.0
2021-03-26,New York,40.2,54.5,0.0,6.5
2021-03-27,New York,37.8,63.6,0.0,10.5
2021-03-28,New York,52.8,65.5,0.0,2.6
2021-03-29,New York,54.1,47.5,0.0,4.9
2021-03-30,New York,44.5,65.8,0.0,1.8
2021-03-31,New York,41.2,80.2,0.0,5.3
2021-04-01,New York,50.4,67.1,0.0,12.5
2021-04-02,New York,54.6,73.8,0.0,14.2
2021-04-03,New York,58.9,63.5,0.0,8.7
2021-04-04,New York,53.6,61.4,0.68,6.1
2021-04-05,New York,50.1,65.1,0.0,7.3
2021-04-06,New York,48.2,55.5,0.0,9.4
2021-04-07,New York,52.7,54.3,0.0,3.3
2021-04-08,New York,51.7,72.1,0.0,6.3
2021-04-09,New York,48.9,73.0,0.0,12.3
2021-04-10,New York,63.2,54.1,0.0,4.9
2021-04-11,New York,62.4,69.7,0.46,5.8
2021-04-12,New York,60.0,61.3,0.0,8.0
2021-04-13,New York,51.2,64.7,0.0,8.8
2021-04-14,New York,59.6,65.7,0.0,6.1
2021-04-15,New York,59.1,70.0,0.0,8.2
2021-04-16,New York,58.7,62.7,0.0,9.8
2021-04-17,New York,62.8,73.3,0.0,13.9
2021-04-18,New York,60.4,64.5,0.0,7.6
2021-04-19,New York,61.4,67.0,0.0,7.9
2021-04-20,New York,61.4,55.3,0.0,12.6
2021-04-21,New York,60.5,79.3,0.0,6.4
2021-04-22,New York,51.4,65.8,0.0,4.0
2021-04-23,New York,60.2,67.7,0.0,8.8
2021-04-24,New York,57.8,49.1,0.0,11.2
2021-04-25,New York,55.0,55.4,0.0,9.1
2021-04-26,New York,68.8,71.9,0.0,7.7
2021-04-27,New York,69.5,64.3,0.0,3.7
2021-04-28,New York,68.3,46.7,0.0,7.8
2021-04-29,New York,63.7,70.3,0.0,11.7
2021-04-30,New York,69.1,57.6,0.0,4.3
2021-05-01,New York,63.5,73.3,0.88,7.3
2021-05-02,New York,64.8,61.3,0.0,6.8
2021-05-03,New York,59.5,63.6,0.0,5.9
2021-05-04,New York,66.6,71.4,0.0,8.7
2021-05-05,New York,65.5,54.8,0.0,9.3
2021-05-06,New York,59.8,54.1,0.0,9.3
2021-05-07,New York,65.9,60.4,0.0,5.1
2021-05-08,New York,66.2,68.6,0.0,3.1
2021-05-09,New York,75.1,51.4,0.0,8.8
2021-05-10,New York,71.5,48.7,0.0,6.5
2021-05-11,New York,67.9,68.6,0.0,13.5
2021-05-12,New York,69.4,57.2,0.0,13.7
2021-05-13,New York,68.9,58.9,0.0,14.0
2021-05-14,New York,68.2,47.1,0.0,5.2
2021-05-15,New York,64.7,56.6,0.0,9.7
2021-05-16,New York,69.3,61.9,0.3,10.6
2021-05-17,New York,67.0,69.4,0.0,10.3
2021-05-18,New York,65.1,55.8,0.0,6.9
2021-05-19,New York,73.5,75.3,0.0,11.8
2021-05-20,New York,73.3,56.5,0.0,8.0
2021-05-21,New York,63.9,56.5,0.49,8.4
2021-05-22,New York,71.8,74.3,0.82,3.4
2021-05-23,New York,77.2,63.7,0.0,9.9
2021-05-24,New York,77.9,57.6,0.0,7.2
2021-05-25,New York,78.1,60.8,0.0,9.4
2021-05-26,New York,74.1,72.8,0.0,8.7
2021-05-27,New York,70.4,73.7,0.0,8.5
2021-05-28,New York,69.7,55.5,0.0,7.9
2021-05-29,New York,76.5,61.7,0.0,10.4
2021-05-30,New York,77.0,62.7,0.0,7.4
2021-05-31,New York,81.5,54.1,1.55,3.6
2021-06-01,New York,81.0,61.6,0.0,9.7
2021-06-02,New York,75.8,62.0,0.51,5.6
2021-06-03,New York,71.1,71.1,0.0,4.0
2021-06-04,New York,75.6,71.7,0.0,4.9
2021-06-05,New York,78.3,59.4,0.0,8.8
2021-06-06,New York,76.8,60.3,0.0,7.7
2021-06-07,New York,75.4,67.3,0.0,1.6
2021-06-08,New York,79.4,57.3,0.37,6.8
2021-06-09,New York,76.3,66.7,0.0,11.5
2021-06-10,New York,76.1,61.3,0.0,6.6
2021-06-11,New York,80.6,54.2,0.0,7.5
2021-06-12,New York,77.6,54.3,0.0,11.1
2021-06-13,New York,80.8,73.6,0.0,10.4
2021-06-14,New York,81.2,60.7,0.0,11.1
2021-06-15,New York,75.1,75.1,0.0,0.0
2021-06-16,New York,78.4,57.9,0.0,13.2
2021-06-17,New York,87.2,64.3,0.45,9.9
2021-06-18,New York,75.8,81.1,0.0,15.4
2021-06-19,New York,71.7,53.5,0.0,5.7
2021-06-20,New York,73.1,46.8,0.0,2.7
2021-06-21,New York,81.8,72.3,0.0,8.0
2021-06-22,New York,82.1,55.4,0.0,7.2
2021-06-23,New York,81.6,61.8,0.0,10.0
2021-06-24,New York,87.8,57.3,0.0,11.2
2021-06-25,New York,70.5,64.1,0.0,7.7
2021-06-26,New York,84.5,54.4,0.0,7.3
2021-06-27,New York,89.9,60.6,2.07,9.6
2021-06-28,New York,78.0,65.6,0.0,7.2
2021-06-29,New York,81.5,53.9,0.06,7.0
2021-06-30,New York,80.0,56.4,0.0,11.1
2021-07-01,New York,79.5,59.2,0.0,11.8
2021-07-02,New York,82.2,50.6,0.0,11.3
2021-07-03,New York,90.3,58.6,0.0,7.5
2021-07-04,New York,92.2,63.0,0.0,1.6
2021-07-05,New York,82.6,58.8,0.0,7.6
2021-07-06,New York,92.8,59.8,0.0,5.7
2021-07-07,New York,84.5,61.8,0.0,7.6
2021-07-08,New York,92.3,56.8,0.0,6.0
2021-07-09,New York,84.1,67.5,0.0,7.9
2021-07-10,New York,85.2,73.5,0.0,4.9
2021-07-11,New York,86.3,58.3,0.0,4.2
2021-07-12,New York,99.0,65.9,0.0,11.7
2021-07-13,New York,88.6,60.1,0.0,5.1
2021-07-14,New York,81.7,64.9,0.0,8.0
2021-07-15,New York,89.2,74.5,0.0,10.9
2021-07-16,New York,83.3,66.1,0.0,10.7
2021-07-17,New York,82.8,47.8,0.0,10.4
2021-07-18,New York,89.1,65.6,0.0,8.9
2021-07-19,New York,85.1,71.9,0.0,10.2
2021-07-20,New York,86.3,60.2,0.0,12.1
2021-07-21,New York,85.1,70.0,0.0,9.3
2021-07-22,New York,86.5,56.5,0.0,2.5
2021-07-23,New York,86.9,50.1,0.0,6.4
2021-07-24,New York,76.2,63.1,0.0,10.1
2021-07-25,New York,87.9,47.9,0.0,6.1
2021-07-26,New York,80.5,60.1,0.0,12.9
2021-07-27,New York,78.3,72.3,0.0,7.8
2021-07-28,New York,84.5,46.7,0.37,8.3
2021-07-29,New York,85.1,51.8,0.0,11.4
2021-07-30,New York,81.5,53.7,0.0,7.5
2021-07-31,New York,88.3,61.5,0.0,8.5
2021-08-01,New York,78.4,59.1,0.0,10.7
2021-08-02,New York,82.5,73.2,0.0,3.6
2021-08-03,New York,81.6,69.6,0.0,7.1
2021-08-04,New York,83.9,66.0,0.0,10.5
2021-08-05,New York,85.3,63.2,0.0,8.2
2021-08-06,New York,79.4,65.1,0.0,12.4
2021-08-07,New York,87.0,55.1,0.0,3.3
2021-08-08,New York,83.9,68.9,0.0,2.9
2021-08-09,New York,75.0,53.1,0.0,10.3
2021-08-10,New York,74.5,68.7,0.0,10.6
2021-08-11,New York,83.1,71.5,0.0,7.4
2021-08-12,New York,82.0,63.7,0.0,9.2
2021-08-13,New York,82.4,60.6,0.1,10.2
2021-08-14,New York,82.5,65.2,0.0,5.6
2021-08-15,New York,83.5,39.1,0.0,5.9
2021-08-16,New York,86.5,64.4,0.0,8.6
2021-08-17,New York,77.1,61.1,0.0,10.7
2021-08-18,New York,76.6,61.6,0.0,4.5
2021-08-19,New York,76.7,67.7,0.0,7.4
2021-08-20,New York,82.7,61.4,0.0,7.3
2021-08-21,New York,86.8,52.9,0.0,9.3
2021-08-22,New York,79.0,60.9,0.0,8.0
2021-08-23,New York,69.4,62.5,0.0,6.4
2021-08-24,New York,72.8,62.9,0.27,11.7
2021-08-25,New York,76.4,63.3,0.0,6.4
2021-08-26,New York,77.4,70.3,0.0,7.1
2021-08-27,New York,77.8,53.3,0.0,3.2
2021-08-28,New York,79.5,63.4,0.0,5.9
2021-08-29,New York,77.7,72.3,0.0,9.5
2021-08-30,New York,83.5,48.1,1.25,9.0
2021-08-31,New York,75.4,63.4,0.0,9.8
2021-09-01,New York,74.3,57.3,0.97,9.7
2021-09-02,New York,80.0,59.0,0.0,14.3
2021-09-03,New York,70.6,54.8,0.0,5.8
2021-09-04,New York,79.0,60.6,0.0,3.1
2021-09-05,New York,77.4,76.7,0.0,4.8
2021-09-06,New York,75.9,51.9,0.0,5.9
2021-09-07,New York,83.4,52.6,0.0,5.1
2021-09-08,New York,73.1,51.6,0.0,8.3
2021-09-09,New York,84.8,75.8,0.0,11.8
2021-09-10,New York,74.2,58.3,0.0,12.6
2021-09-11,New York,69.1,61.8,0.0,9.5
2021-09-12,New York,74.8,58.8,0.0,14.4
2021-09-13,New York,69.3,54.4,0.0,6.9
2021-09-14,New York,70.4,60.1,0.0,3.1
2021-09-15,New York,75.2,81.7,0.19,11.2
2021-09-16,New York,75.5,73.1,0.0,2.5
2021-09-17,New York,69.8,55.2,0.0,5.7
2021-09-18,New York,76.7,67.2,0.0,9.6
2021-09-19,New York,77.0,55.3,0.0,7.7
2021-09-20,New York,77.9,47.8,0.0,7.4
2021-09-21,New York,73.4,70.2,0.39,4.5
2021-09-22,New York,76.8,71.3,0.0,8.0
2021-09-23,New York,61.8,70.4,0.0,11.0
2021-09-24,New York,68.4,58.2,0.0,8.1
2021-09-25,New York,65.5,60.7,0.0,5.5
2021-09-26,New York,69.5,68.0,0.0,4.3
2021-09-27,New York,66.0,65.1,0.0,5.6
2021-09-28,New York,67.4,58.9,0.0,9.2
2021-09-29,New York,76.2,49.0,0.0,9.0
2021-09-30,New York,66.5,62.9,0.56,5.6
2021-10-01,New York,68.7,70.6,0.0,1.4
2021-10-02,New York,65.4,52.4,0.0,9.3
2021-10-03,New York,66.3,67.1,0.0,5.3
2021-10-04,New York,65.6,64.7,0.0,10.1
2021-10-05,New York,67.1,68.0,0.0,5.7
2021-10-06,New York,69.9,69.0,1.33,5.0
2021-10-07,New York,71.6,56.4,0.0,8.5
2021-10-08,New York,65.2,49.1,0.0,15.1
2021-10-09,New York,66.0,57.7,1.47,10.2
2021-10-10,New York,57.7,69.1,0.0,8.4
2021-10-11,New York,62.0,57.7,0.0,9.1
2021-10-12,New York,66.2,56.4,0.0,2.7
2021-10-13,New York,65.4,47.4,0.0,4.6
2021-10-14,New York,62.0,76.0,0.0,0.5
2021-10-15,New York,64.6,68.6,0.0,13.2
2021-10-16,New York,62.4,68.2,0.0,12.6
2021-10-17,New York,65.1,69.7,0.0,9.2
2021-10-18,New York,60.5,66.6,0.0,8.4
2021-10-19,New York,57.2,60.0,0.0,3.3
2021-10-20,New York,59.8,60.7,0.0,7.3
2021-10-21,New York,44.7,58.6,0.0,13.4
2021-10-22,New York,59.1,83.1,0.0,8.4
2021-10-23,New York,40.5,66.4,0.0,6.3
2021-10-24,New York,48.8,58.3,0.0,2.7
2021-10-25,New York,58.1,65.7,0.0,12.1
2021-10-26,New York,57.7,53.9,0.0,7.8
2021-10-27,New York,49.9,74.0,0.0,2.7
2021-10-28,New York,51.5,56.7,0.0,5.2
2021-10-29,New York,60.4,66.0,0.0,4.2
2021-10-30,New York,51.6,70.5,0.0,7.6
2021-10-31,New York,63.4,65.1,0.0,8.6
2021-11-01,New York,52.9,62.8,0.0,6.5
2021-11-02,New York,54.3,62.1,0.0,10.3
2021-11-03,New York,59.3,61.5,0.92,8.2
2021-11-04,New York,52.2,57.4,0.0,11.2
2021-11-05,New York,46.6,58.4,0.0,6.9
2021-11-06,New York,50.2,73.8,0.0,17.1
2021-11-07,New York,50.1,61.1,0.0,6.3
2021-11-08,New York,43.7,55.7,0.0,5.3
2021-11-09,New York,48.2,57.9,0.0,4.9
2021-11-10,New York,45.6,70.8,0.0,7.4
2021-11-11,New York,52.7,67.4,0.0,2.8
2021-11-12,New York,48.3,66.5,0.0,8.9
2021-11-13,New York,46.4,59.9,0.0,2.3
2021-11-14,New York,46.8,66.6,0.0,8.5
2021-11-15,New York,47.9,56.9,0.0,3.9
2021-11-16,New York,49.3,59.9,0.0,6.9
2021-11-17,New York,41.6,69.8,0.0,9.8
2021-11-18,New York,41.0,69.0,0.0,14.9
2021-11-19,New York,50.2,54.1,0.0,4.8
2021-11-20,New York,43.0,55.2,0.0,7.5
2021-11-21,New York,38.1,62.9,0.13,5.8
2021-11-22,New York,46.1,75.8,0.0,5.4
2021-11-23,New York,45.8,46.7,0.0,5.9
2021-11-24,New York,36.5,64.2,0.0,10.5
2021-11-25,New York,44.0,51.0,0.0,6.5
2021-11-26,New York,45.9,56.9,0.0,14.7
2021-11-27,New York,43.9,59.1,0.0,9.2
2021-11-28,New York,44.7,58.6,0.0,5.0
2021-11-29,New York,35.2,57.7,0.0,6.9
2021-11-30,New York,42.7,62.1,0.0,5.6
2021-12-01,New York,39.5,57.7,0.0,10.4
2021-12-02,New York,38.3,50.3,0.0,3.1
2021-12-03,New York,44.1,68.2,0.0,4.0
2021-12-04,New York,46.5,68.0,0.35,6.2
2021-12-05,New York,47.6,68.7,0.0,10.0
2021-12-06,New York,45.1,49.7,0.0,11.7
2021-12-07,New York,38.4,64.4,0.0,12.1
2021-12-08,New York,40.2,67.4,0.0,9.6
2021-12-09,New York,41.8,53.8,0.0,7.8
2021-12-10,New York,38.6,62.1,0.0,10.4
2021-12-11,New York,38.3,61.1,0.16,4.6
2021-12-12,New York,41.2,76.7,0.59,2.5
2021-12-13,New York,36.9,77.4,0.0,9.3
2021-12-14,New York,33.6,48.7,0.0,5.0
2021-12-15,New York,34.8,82.0,0.0,7.8
2021-12-16,New York,39.2,54.7,0.0,8.4
2021-12-17,New York,36.2,69.8,0.0,8.7
2021-12-18,New York,,69.8,0.0,10.8
2021-12-19,New York,38.7,54.0,0.0,10.5
2021-12-20,New York,33.8,65.9,0.0,8.6
2021-12-21,New York,38.6,61.1,0.0,6.7
2021-12-22,New York,36.7,66.4,0.0,8.3
2021-12-23,New York,29.2,63.8,0.0,6.2
2021-12-24,New York,41.1,71.6,0.0,7.4
2021-12-25,New York,32.1,62.6,0.83,15.9
2021-12-26,New York,26.8,60.7,0.0,8.5
2021-12-27,New York,29.3,70.8,0.0,9.4
2021-12-28,New York,29.3,66.6,0.0,5.9
2021-12-29,New York,33.9,67.9,0.0,11.1
2021-12-30,New York,32.3,56.7,0.0,10.3
2021-12-31,New York,31.9,53.6,0.0,10.3
2022-01-01,New York,36.0,57.5,0.0,8.6
2022-01-02,New York,34.6,57.0,0.0,11.1
2022-01-03,New York,34.4,68.3,0.0,11.8
2022-01-04,New York,,69.8,0.0,8.8
2022-01-05,New York,35.5,60.8,0.0,7.7
2022-01-06,New York,23.1,73.4,0.0,10.7
2022-01-07,New York,30.9,72.9,0.0,5.3
2022-01-08,New York,22.6,63.9,0.12,5.8
2022-01-09,New York,32.5,55.4,0.0,7.8
2022-01-10,New York,32.3,74.6,0.55,2.8
2022-01-11,New York,36.9,61.5,0.48,10.5
2022-01-12,New York,37.5,63.0,0.0,5.1
2022-01-13,New York,33.0,59.3,0.55,6.6
2022-01-14,New York,29.8,54.9,0.0,7.4
2022-01-15,New York,34.2,50.3,0.0,8.1
2022-01-16,New York,29.7,67.1,0.0,7.0
2022-01-17,New York,32.0,55.7,0.0,7.8
2022-01-18,New York,36.4,86.5,0.0,7.8
2022-01-19,New York,29.5,53.3,0.0,6.7
2022-01-20,New York,35.6,51.9,0.0,5.7
2022-01-21,New York,35.1,66.1,0.0,11.2
2022-01-22,New York,27.7,74.2,0.0,1.7
2022-01-23,New York,36.5,62.5,0.0,7.4
2022-01-24,New York,35.3,66.6,0.0,6.6
2022-01-25,New York,32.6,47.3,0.0,9.3
2022-01-26,New York,28.8,56.6,0.0,3.6
2022-01-27,New York,28.4,53.4,0.39,6.5
2022-01-28,New York,29.9,46.8,0.0,7.7
2022-01-29,New York,34.9,62.9,0.0,11.2
2022-01-30,New York,28.2,44.1,0.0,9.0
2022-01-31,New York,34.6,51.4,0.0,4.4
2022-02-01,New York,27.1,57.7,0.0,6.5
2022-02-02,New York,,55.3,0.0,10.7
2022-02-03,New York,33.4,65.2,0.0,4.4
2022-02-04,New York,44.0,64.4,0.0,7.8
2022-02-05,New York,27.0,69.2,0.0,8.0
2022-02-06,New York,39.9,68.0,0.0,6.8
2022-02-07,New York,34.1,71.1,0.41,16.1
2022-02-08,New York,35.5,62.0,0.0,6.8
2022-02-09,New York,34.3,64.4,0.0,9.3
2022-02-10,New York,35.9,66.1,0.0,5.7
2022-02-11,New York,33.4,63.1,0.0,9.6
2022-02-12,New York,40.8,58.8,0.0,10.6
2022-02-13,New York,32.4,59.3,0.0,6.2
2022-02-14,New York,39.8,55.5,0.0,7.8
2022-02-15,New York,32.0,65.4,0.0,5.3
2022-02-16,New York,34.8,61.2,0.0,4.6
2022-02-17,New York,30.5,56.7,0.0,11.1
2022-02-18,New York,37.6,56.7,0.0,6.3
2022-02-19,New York,42.3,52.3,0.0,0.8
2022-02-20,New York,35.6,69.8,0.46,13.3
2022-02-21,New York,35.3,62.6,0.0,5.6
2022-02-22,New York,31.5,55.1,0.0,7.3
2022-02-23,New York,35.7,68.5,0.0,12.9
2022-02-24,New York,29.8,57.5,0.0,7.6
2022-02-25,New York,33.2,50.7,0.0,7.5
2022-02-26,New York,38.6,70.2,0.0,4.3
2022-02-27,New York,43.8,57.7,0.0,3.1
2022-02-28,New York,50.8,58.7,0.0,7.5
2022-03-01,New York,35.8,62.3,0.0,9.1
2022-03-02,New York,45.2,71.1,0.0,8.9
2022-03-03,New York,40.1,62.2,0.0,6.6
2022-03-04,New York,38.7,52.4,0.0,8.1
2022-03-05,New York,41.6,66.4,0.0,2.5
2022-03-06,New York,40.3,58.1,0.0,9.4
2022-03-07,New York,40.8,77.1,0.0,8.5
2022-03-08,New York,38.8,62.0,0.0,13.9
2022-03-09,New York,34.7,44.1,0.0,8.0
2022-03-10,New York,34.4,64.9,0.0,5.2
2022-03-11,New York,44.6,77.6,0.0,7.8
2022-03-12,New York,40.8,74.6,0.0,7.0
2022-03-13,New York,39.7,76.6,0.07,9.3
2022-03-14,New York,42.8,53.8,0.38,8.1
2022-03-15,New York,46.7,69.3,0.0,4.2
2022-03-16,New York,44.3,56.2,0.0,3.1
2022-03-17,New York,40.9,63.8,0.0,8.8
2022-03-18,New York,49.8,51.8,0.0,12.1
2022-03-19,New York,51.7,56.8,0.0,8.2
2022-03-20,New York,47.3,56.6,0.0,10.4
2022-03-21,New York,,69.2,0.0,11.0
2022-03-22,New York,51.4,68.4,0.0,8.8
2022-03-23,New York,51.3,64.2,0.0,5.6
2022-03-24,New York,49.4,51.2,0.0,8.6
2022-03-25,New York,49.7,59.5,0.0,11.6
2022-03-26,New York,49.8,56.0,0.0,9.6
2022-03-27,New York,42.9,69.0,0.0,10.2
2022-03-28,New York,51.4,71.4,0.0,6.6
2022-03-29,New York,42.6,70.5,0.0,7.4
2022-03-30,New York,45.6,56.0,0.0,7.6
2022-03-31,New York,55.4,40.1,0.25,7.8
2022-04-01,New York,53.8,47.9,0.0,11.5
2022-04-02,New York,57.1,73.4,0.0,1.0
2022-04-03,New York,49.6,58.8,0.0,8.1
2022-04-04,New York,46.1,56.0,0.47,7.8
2022-04-05,New York,50.7,75.1,0.0,3.9
2022-04-06,New York,52.6,72.1,0.0,10.0
2022-04-07,New York,53.0,62.2,0.0,5.8
2022-04-08,New York,58.2,59.7,0.0,6.9
2022-04-09,New York,51.9,60.9,0.0,13.5
2022-04-10,New York,55.5,63.8,0.0,11.0
2022-04-11,New York,50.0,74.8,0.0,9.7
2022-04-12,New York,56.9,65.4,0.0,9.1
2022-04-13,New York,55.3,67.8,0.0,7.5
2022-04-14,New York,52.4,71.4,0.0,14.0
2022-04-15,New York,55.2,52.6,0.0,10.4
2022-04-16,New York,55.8,68.0,0.0,5.8
2022-04-17,New York,55.9,59.6,0.0,3.8
2022-04-18,New York,65.6,41.9,0.0,9.7
2022-04-19,New York,57.6,45.0,0.0,7.8
2022-04-20,New York,57.4,53.9,0.0,3.7
2022-04-21,New York,49.5,66.2,0.0,9.3
2022-04-22,New York,55.4,62.9,0.0,7.2
2022-04-23,New York,58.7,63.5,0.0,9.6
2022-04-24,New York,57.2,77.6,0.0,9.3
2022-04-25,New York,67.0,51.8,0.0,6.2
2022-04-26,New York,60.5,61.8,0.0,9.9
2022-04-27,New York,67.5,64.4,0.0,6.5
2022-04-28,New York,62.4,56.1,0.0,6.7
2022-04-29,New York,62.8,62.2,0.0,6.4
2022-04-30,New York,62.6,49.2,0.0,11.4
2022-05-01,New York,63.5,73.3,0.0,7.2
2022-05-02,New York,71.7,56.5,1.16,12.1
2022-05-03,New York,53.9,78.3,0.0,13.4
2022-05-04,New York,55.8,61.7,0.0,5.8
2022-05-05,New York,62.8,70.2,0.0,0.0
2022-05-06,New York,65.8,61.6,0.0,11.1
2022-05-07,New York,69.2,61.8,0.0,7.0
2022-05-08,New York,68.7,57.3,0.0,5.4
2022-05-09,New York,65.3,63.0,0.0,6.2
2022-05-10,New York,72.0,64.5,0.0,6.8
2022-05-11,New York,72.5,55.7,0.0,11.9
2022-05-12,New York,69.1,61.0,0.0,8.5
2022-05-13,New York,73.0,57.1,0.0,11.9
2022-05-14,New York,70.4,80.4,0.0,9.5
2022-05-15,New York,67.0,61.3,0.0,7.1
2022-05-16,New York,73.1,74.4,0.0,6.8
2022-05-17,New York,70.9,60.4,0.0,9.7
2022-05-18,New York,70.8,64.1,0.0,10.5
2022-05-19,New York,77.8,51.4,0.0,11.0
2022-05-20,New York,60.5,58.4,0.0,7.2
2022-05-21,New York,65.6,63.7,0.0,8.5
2022-05-22,New York,67.0,74.7,0.0,9.8
2022-05-23,New York,71.1,63.8,0.0,6.8
2022-05-24,New York,72.0,73.1,0.0,4.6
2022-05-25,New York,66.7,67.1,0.0,5.6
2022-05-26,New York,69.4,75.0,0.0,7.3
2022-05-27,New York,70.4,61.5,0.0,10.0
2022-05-28,New York,85.7,81.1,0.0,11.8
2022-05-29,New York,83.1,58.1,0.0,3.9
2022-05-30,New York,73.5,55.9,0.0,6.2
2022-05-31,New York,74.0,52.3,0.0,6.9
2022-06-01,New York,70.9,80.6,0.0,10.4
2022-06-02,New York,67.8,68.6,0.0,6.4
2022-06-03,New York,76.2,59.3,0.0,6.7
2022-06-04,New York,72.5,72.0,0.0,3.8
2022-06-05,New York,77.0,67.5,0.0,9.5
2022-06-06,New York,70.5,77.7,0.0,7.5
2022-06-07,New York,74.5,49.6,0.0,6.0
2022-06-08,New York,79.0,59.9,0.0,7.2
2022-06-09,New York,80.2,58.3,0.0,11.4
2022-06-10,New York,80.8,46.2,0.0,5.0
2022-06-11,New York,73.2,70.5,0.0,5.5
2022-06-12,New York,83.3,59.8,0.0,11.8
2022-06-13,New York,76.1,67.9,0.0,8.2
2022-06-14,New York,82.8,80.9,0.0,10.0
2022-06-15,New York,80.2,59.2,0.0,9.2
2022-06-16,New York,74.3,58.6,0.0,7.9
2022-06-17,New York,79.3,62.9,0.0,7.0
2022-06-18,New York,82.7,69.9,0.0,10.5
2022-06-19,New York,84.0,57.5,0.0,11.5
2022-06-20,New York,80.8,57.0,0.0,11.3
2022-06-21,New York,88.6,70.5,0.0,4.4
2022-06-22,New York,86.5,65.0,0.0,11.9
2022-06-23,New York,81.0,45.6,0.0,6.9
2022-06-24,New York,85.7,52.2,0.0,5.7
2022-06-25,New York,91.2,74.0,0.0,7.5
2022-06-26,New York,91.5,65.2,0.67,10.5
2022-06-27,New York,77.4,55.9,0.0,9.6
2022-06-28,New York,78.9,60.6,0.0,7.2
2022-06-29,New York,89.9,62.1,0.0,10.5
2022-06-30,New York,78.6,67.9,0.0,8.4
2022-07-01,New York,77.6,51.1,0.0,6.3
2022-07-02,New York,81.5,55.3,0.0,5.9
2022-07-03,New York,85.7,64.2,0.0,9.2
2022-07-04,New York,83.5,61.2,0.0,7.8
2022-07-05,New York,81.2,66.6,0.0,3.9
2022-07-06,New York,81.2,52.2,0.0,10.5
2022-07-07,New York,81.1,64.9,0.0,6.6
2022-07-08,New York,80.5,70.7,0.0,12.8
2022-07-09,New York,94.8,65.9,0.0,3.8
2022-07-10,New York,85.9,63.1,0.0,7.5
2022-07-11,New York,88.7,61.2,0.0,5.9
2022-07-12,New York,82.5,55.3,0.0,5.1
2022-07-13,New York,84.0,61.4,0.0,6.5
2022-07-14,New York,81.6,72.1,0.0,13.3
2022-07-15,New York,73.0,61.0,0.0,8.4
2022-07-16,New York,78.7,54.9,0.0,5.6
2022-07-17,New York,76.8,58.1,0.0,2.5
2022-07-18,New York,74.9,63.6,0.0,2.8
2022-07-19,New York,79.6,59.0,0.0,6.4
2022-07-20,New York,91.0,65.9,0.17,6.1
2022-07-21,New York,84.8,66.2,0.0,7.3
2022-07-22,New York,90.8,69.1,0.0,1.2
2022-07-23,New York,86.8,73.4,0.32,7.7
2022-07-24,New York,88.5,70.0,0.0,11.1
2022-07-25,New York,80.9,54.5,0.0,12.9
2022-07-26,New York,87.2,54.8,1.24,2.3
2022-07-27,New York,88.1,61.4,0.0,5.6
2022-07-28,New York,82.2,58.4,0.0,5.4
2022-07-29,New York,87.2,52.9,0.0,8.4
2022-07-30,New York,87.2,58.5,0.0,4.3
2022-07-31,New York,82.1,58.2,0.0,13.0
2022-08-01,New York,79.4,56.6,0.0,8.1
2022-08-02,New York,79.0,59.5,0.0,7.6
2022-08-03,New York,84.7,71.4,0.0,12.8
2022-08-04,New York,85.6,63.6,0.0,8.0
2022-08-05,New York,80.5,81.8,0.0,9.2
2022-08-06,New York,,63.4,0.0,5.7
2022-08-07,New York,86.4,59.7,0.0,3.9
2022-08-08,New York,86.4,62.0,0.0,6.2
2022-08-09,New York,90.5,64.1,0.0,14.6
2022-08-10,New York,89.1,65.5,0.0,9.9
2022-08-11,New York,78.7,78.6,0.0,8.8
2022-08-12,New York,90.6,55.2,0.0,5.1
2022-08-13,New York,80.4,68.9,0.32,10.7
2022-08-14,New York,87.3,63.7,0.36,3.9
2022-08-15,New York,82.8,49.4,0.0,3.3
2022-08-16,New York,80.4,68.2,0.0,6.3
2022-08-17,New York,73.9,72.1,0.0,13.9
2022-08-18,New York,81.1,55.1,0.0,13.7
2022-08-19,New York,74.6,61.9,0.0,6.6
2022-08-20,New York,85.7,48.2,0.0,6.0
2022-08-21,New York,88.0,51.9,0.0,3.1
2022-08-22,New York,77.3,70.4,0.0,8.2
2022-08-23,New York,82.0,58.3,0.0,8.5
2022-08-24,New York,77.2,53.1,0.0,10.4
2022-08-25,New York,77.3,63.8,0.0,10.7
2022-08-26,New York,83.4,57.8,0.0,7.4
2022-08-27,New York,79.4,58.2,0.0,9.7
2022-08-28,New York,87.2,67.9,0.11,5.9
2022-08-29,New York,76.9,52.7,0.0,9.6
2022-08-30,New York,83.3,54.8,0.0,6.5
2022-08-31,New York,78.9,63.2,0.0,9.4
2022-09-01,New York,81.8,69.8,0.0,9.1
2022-09-02,New York,75.8,71.9,0.0,8.2
2022-09-03,New York,77.3,56.7,0.0,10.4
2022-09-04,New York,76.7,69.5,0.0,3.3
2022-09-05,New York,73.1,55.7,0.0,4.8
2022-09-06,New York,79.6,76.6,0.0,7.2
2022-09-07,New York,79.2,52.9,0.0,3.7
2022-09-08,New York,78.6,72.6,0.0,6.8
2022-09-09,New York,82.5,56.7,0.0,6.9
2022-09-10,New York,81.7,78.1,0.0,11.9
2022-09-11,New York,73.2,66.7,0.0,8.4
2022-09-12,New York,76.2,53.9,0.0,11.1
2022-09-13,New York,71.3,57.8,0.0,8.9
2022-09-14,New York,73.8,68.2,0.0,6.4
2022-09-15,New York,70.7,70.4,0.0,8.4
2022-09-16,New York,80.3,61.4,0.0,10.2
2022-09-17,New York,74.2,62.4,0.0,11.6
2022-09-18,New York,71.2,68.1,0.0,7.6
2022-09-19,New York,77.2,63.1,0.0,3.1
2022-09-20,New York,61.7,51.7,0.0,2.8
2022-09-21,New York,62.0,55.5,0.0,7.0
2022-09-22,New York,74.2,63.9,0.75,1.0
2022-09-23,New York,70.5,71.7,0.75,13.4
2022-09-24,New York,70.9,74.9,0.0,9.8
2022-09-25,New York,63.4,68.2,0.42,6.1
2022-09-26,New York,68.9,64.3,0.0,4.7
2022-09-27,New York,77.6,68.0,0.0,11.1
2022-09-28,New York,71.8,56.7,0.0,4.7
2022-09-29,New York,68.5,60.8,0.0,4.9
2022-09-30,New York,65.3,55.4,0.0,5.7
2022-10-01,New York,65.1,52.0,0.0,8.3
2022-10-02,New York,56.8,64.7,0.0,9.9
2022-10-03,New York,67.1,63.5,0.0,11.6
2022-10-04,New York,69.3,67.5,0.0,11.1
2022-10-05,New York,58.0,66.4,0.0,8.0
2022-10-06,New York,61.7,63.9,0.0,11.1
2022-10-07,New York,59.0,66.5,0.0,6.0
2022-10-08,New York,59.4,61.7,0.0,2.5
2022-10-09,New York,63.6,65.3,0.0,6.0
2022-10-10,New York,53.5,56.2,0.0,5.6
2022-10-11,New York,65.2,65.0,0.0,6.1
2022-10-12,New York,65.4,67.3,0.0,5.1
2022-10-13,New York,60.4,56.6,0.0,6.6
2022-10-14,New York,49.9,62.4,0.0,9.9
2022-10-15,New York,56.1,57.0,0.0,13.1
2022-10-16,New York,65.7,57.8,0.0,2.8
2022-10-17,New York,47.2,53.0,0.0,4.1
2022-10-18,New York,57.7,72.1,0.0,5.6
2022-10-19,New York,53.5,70.5,0.0,10.3
2022-10-20,New York,61.9,66.3,0.0,7.4
2022-10-21,New York,54.8,77.8,0.0,5.8
2022-10-22,New York,59.2,60.5,0.98,10.2
2022-10-23,New York,59.5,86.3,0.0,10.9
2022-10-24,New York,64.8,60.2,0.0,7.9
2022-10-25,New York,55.1,64.0,0.0,5.6
2022-10-26,New York,57.3,58.8,0.0,8.8
2022-10-27,New York,48.5,65.0,0.0,7.3
2022-10-28,New York,60.1,68.7,0.0,7.3
2022-10-29,New York,50.8,61.1,0.0,6.5
2022-10-30,New York,51.3,76.2,0.0,10.8
2022-10-31,New York,53.2,63.9,0.0,8.7
2022-11-01,New York,45.9,64.2,0.0,11.1
2022-11-02,New York,53.5,54.7,0.0,12.0
2022-11-03,New York,56.4,65.3,0.0,9.4
2022-11-04,New York,52.9,60.9,0.0,6.5
2022-11-05,New York,44.0,57.1,0.0,11.1
2022-11-06,New York,50.1,55.8,0.0,9.4
2022-11-07,New York,53.6,83.4,0.0,15.8
2022-11-08,New York,41.4,59.9,0.0,8.9
2022-11-09,New York,44.6,50.3,0.0,10.1
2022-11-10,New York,52.9,56.4,0.0,8.9
2022-11-11,New York,49.8,61.6,0.0,7.7
2022-11-12,New York,50.0,66.4,0.0,7.2
2022-11-13,New York,56.1,66.4,0.0,8.9
2022-11-14,New York,49.4,67.4,0.0,9.6
2022-11-15,New York,49.8,56.8,1.15,11.5
2022-11-16,New York,58.7,64.7,0.0,8.9
2022-11-17,New York,45.1,55.0,0.0,6.6
2022-11-18,New York,42.1,57.0,0.0,7.0
2022-11-19,New York,47.2,54.7,0.0,4.0
2022-11-20,New York,46.9,52.5,0.0,13.0
2022-11-21,New York,42.1,70.5,0.0,6.4
2022-11-22,New York,39.5,67.5,0.0,10.9
2022-11-23,New York,54.1,69.8,0.0,8.8
2022-11-24,New York,44.8,62.3,0.0,8.9
2022-11-25,New York,39.7,68.2,0.0,7.6
2022-11-26,New York,46.7,47.9,0.0,5.6
2022-11-27,New York,41.8,68.9,0.0,5.1
2022-11-28,New York,40.8,63.4,0.0,13.2
2022-11-29,New York,44.1,67.0,0.0,8.3
2022-11-30,New York,35.4,65.0,0.0,11.4
2022-12-01,New York,42.4,54.1,0.0,12.2
2022-12-02,New York,49.1,50.0,0.0,6.8
2022-12-03,New York,42.3,56.3,0.0,9.3
2022-12-04,New York,38.2,66.5,0.34,8.1
2022-12-05,New York,37.2,67.5,0.0,4.5
2022-12-06,New York,37.4,51.1,0.0,7.4
2022-12-07,New York,37.8,54.2,0.0,9.8
2022-12-08,New York,36.9,56.2,0.0,6.5
2022-12-09,New York,42.4,59.1,0.0,7.0
2022-12-10,New York,30.2,51.1,0.0,7.5
2022-12-11,New York,41.6,50.6,0.0,14.3
2022-12-12,New York,35.7,55.4,0.0,2.5
2022-12-13,New York,38.9,62.7,0.0,9.5
2022-12-14,New York,31.8,52.6,0.0,7.2
2022-12-15,New York,42.6,61.1,0.0,6.1
2022-12-16,New York,42.0,70.5,0.0,7.2
2022-12-17,New York,40.5,51.6,0.0,10.0
2022-12-18,New York,29.1,60.3,0.0,10.2
2022-12-19,New York,39.4,70.2,0.0,8.6
2022-12-20,New York,37.3,58.7,0.1,11.3
2022-12-21,New York,28.0,57.4,0.0,11.8
2022-12-22,New York,34.9,71.3,0.0,10.4
2022-12-23,New York,36.4,59.6,0.0,6.4
2022-12-24,New York,37.1,70.8,0.0,9.5
2022-12-25,New York,35.2,65.4,0.0,9.5
2022-12-26,New York,35.5,59.3,0.0,5.6
2022-12-27,New York,40.7,65.8,0.86,3.3
2022-12-28,New York,39.4,64.6,0.0,1.9
2022-12-29,New York,20.8,70.2,0.0,8.2
2022-12-30,New York,32.1,57.6,0.0,8.9
2022-12-31,New York,32.7,62.3,0.0,4.5
2023-01-01,New York,25.3,61.5,0.0,11.1
2023-01-02,New York,33.5,67.6,0.0,8.5
2023-01-03,New York,38.6,53.8,0.0,12.0
2023-01-04,New York,28.0,70.1,0.0,9.1
2023-01-05,New York,34.2,65.7,0.0,4.8
2023-01-06,New York,28.5,51.5,0.0,9.4
2023-01-07,New York,29.5,71.7,0.11,10.0
2023-01-08,New York,39.1,79.9,0.19,6.4
2023-01-09,New York,29.9,70.0,0.0,3.7
2023-01-10,New York,34.4,73.4,0.0,8.3
2023-01-11,New York,23.8,62.7,0.0,5.0
2023-01-12,New York,40.6,48.7,0.0,11.4
2023-01-13,New York,34.8,47.2,0.0,6.8
2023-01-14,New York,31.3,64.0,0.0,13.2
2023-01-15,New York,34.6,57.3,0.0,1.6
2023-01-16,New York,25.7,54.7,0.0,8.4
2023-01-17,New York,37.3,61.5,0.0,12.3
2023-01-18,New York,30.5,66.9,0.0,5.3
2023-01-19,New York,31.1,50.4,0.0,7.5
2023-01-20,New York,29.8,58.4,0.0,6.8
2023-01-21,New York,29.4,74.1,0.0,5.9
2023-01-22,New York,35.2,53.4,0.29,8.7
2023-01-23,New York,33.2,69.0,0.0,4.1
2023-01-24,New York,35.0,58.1,0.0,7.7
2023-01-25,New York,32.1,66.4,1.78,9.5
2023-01-26,New York,34.5,70.8,0.68,7.4
2023-01-27,New York,30.4,67.9,0.0,5.0
2023-01-28,New York,42.4,69.3,0.0,11.1
2023-01-29,New York,25.4,52.8,0.0,10.2
2023-01-30,New York,38.2,70.9,0.0,4.9
2023-01-31,New York,38.7,55.2,0.0,4.1
2023-02-01,New York,28.9,64.1,0.0,5.1
2023-02-02,New York,42.8,64.1,0.0,9.6
2023-02-03,New York,37.4,65.9,0.0,8.8
2023-02-04,New York,37.4,64.7,0.0,10.4
2023-02-05,New York,33.3,55.2,0.0,7.0
2023-02-06,New York,32.3,51.2,0.0,5.2
2023-02-07,New York,32.5,69.0,0.0,10.8
2023-02-08,New York,35.4,63.5,0.0,6.3
2023-02-09,New York,40.1,71.2,0.0,8.6
2023-02-10,New York,34.7,61.6,0.0,3.4
2023-02-11,New York,30.0,50.8,0.0,6.3
2023-02-12,New York,38.0,69.7,0.0,11.0
2023-02-13,New York,38.6,59.0,0.58,5.9
2023-02-14,New York,37.6,64.7,0.0,10.4
2023-02-15,New York,38.2,56.8,0.13,1.0
2023-02-16,New York,33.9,75.2,0.0,6.3
2023-02-17,New York,31.1,55.0,0.55,7.5
2023-02-18,New York,31.6,59.3,0.0,13.2
2023-02-19,New York,28.4,62.9,0.0,4.5
2023-02-20,New York,37.1,53.3,0.0,10.0
2023-02-21,New York,35.9,64.6,0.0,11.2
2023-02-22,New York,34.5,74.9,0.93,5.8
2023-02-23,New York,23.4,58.1,0.0,6.9
2023-02-24,New York,31.4,65.2,0.55,8.4
2023-02-25,New York,42.3,40.0,0.0,3.6
2023-02-26,New York,34.6,61.7,1.25,6.6
2023-02-27,New York,39.5,59.5,0.0,11.8
2023-02-28,New York,31.9,55.5,0.0,9.6
2023-03-01,New York,44.9,70.7,0.0,7.5
2023-03-02,New York,38.1,59.4,0.0,8.3
2023-03-03,New York,40.3,60.6,0.0,9.7
2023-03-04,New York,49.8,59.0,0.0,10.3
2023-03-05,New York,46.5,46.7,0.0,6.3
2023-03-06,New York,38.6,52.9,0.0,12.6
2023-03-07,New York,37.6,69.7,0.0,11.9
2023-03-08,New York,39.2,45.1,0.0,10.0
2023-03-09,New York,43.3,55.9,0.0,5.5
2023-03-10,New York,40.8,58.8,0.0,4.9
2023-03-11,New York,39.9,75.9,0.0,7.0
2023-03-12,New York,48.6,68.1,0.0,8.2
2023-03-13,New York,41.9,57.5,0.0,2.7
2023-03-14,New York,53.1,72.4,0.0,9.5
2023-03-15,New York,43.5,56.1,0.0,11.9
2023-03-16,New York,51.5,70.1,0.0,9.7
2023-03-17,New York,45.5,51.1,0.44,6.0
2023-03-18,New York,48.6,70.6,1.22,5.6
2023-03-19,New York,41.4,58.8,0.0,8.9
2023-03-20,New York,41.2,53.8,1.01,7.5
2023-03-21,New York,47.5,60.3,0.24,9.3
2023-03-22,New York,50.3,64.2,0.0,9.8
2023-03-23,New York,46.4,58.0,0.0,11.3
2023-03-24,New York,40.8,66.4,0.0,4.6
2023-03-25,New York,40.9,57.3,0.0,8.7
2023-03-26,New York,41.0,67.0,0.0,6.9
2023-03-27,New York,39.9,65.5,0.0,7.7
2023-03-28,New York,48.8,61.5,0.0,10.6
2023-03-29,New York,53.8,58.5,0.11,10.9
2023-03-30,New York,49.1,63.2,0.0,12.2
2023-03-31,New York,39.4,66.4,0.0,9.3
2023-04-01,New York,49.1,78.5,0.42,7.7
2023-04-02,New York,49.7,69.5,0.0,7.2
2023-04-03,New York,60.3,69.8,0.8,2.8
2023-04-04,New York,44.7,86.7,0.81,12.0
2023-04-05,New York,50.0,66.1,0.0,7.0
2023-04-06,New York,59.9,65.9,0.0,9.5
2023-04-07,New York,54.6,67.6,0.0,10.0
2023-04-08,New York,55.6,53.9,0.45,4.3
2023-04-09,New York,54.0,58.4,0.0,5.2
2023-04-10,New York,55.4,58.0,0.0,12.6
2023-04-11,New York,57.9,67.2,0.0,8.9
2023-04-12,New York,51.2,60.6,0.0,6.3
2023-04-13,New York,59.3,63.1,0.0,7.6
2023-04-14,New York,49.6,70.7,0.0,11.3
2023-04-15,New York,57.7,68.9,0.0,10.8
2023-04-16,New York,57.5,60.7,0.0,3.6
2023-04-17,New York,54.4,56.6,0.0,12.9
2023-04-18,New York,57.5,71.1,1.92,10.9
2023-04-19,New York,55.2,68.2,0.0,7.5
2023-04-20,New York,53.7,49.1,0.0,4.4
2023-04-21,New York,57.4,59.5,0.0,11.2
2023-04-22,New York,54.4,63.3,0.0,9.4
2023-04-23,New York,61.3,68.2,0.0,3.6
2023-04-24,New York,55.1,69.3,0.0,7.3
2023-04-25,New York,64.0,64.3,0.0,17.4
2023-04-26,New York,55.9,66.7,0.0,8.0
2023-04-27,New York,59.1,62.5,0.0,5.8
2023-04-28,New York,59.3,56.6,0.0,5.0
2023-04-29,New York,68.5,59.9,1.54,13.3
2023-04-30,New York,64.5,62.2,0.0,10.5
2023-05-01,New York,62.5,61.7,0.0,12.2
2023-05-02,New York,66.2,46.9,0.75,8.7
2023-05-03,New York,54.9,58.8,0.0,11.8
2023-05-04,New York,64.6,62.4,0.0,5.5
2023-05-05,New York,74.3,59.7,0.0,8.5
2023-05-06,New York,66.3,60.0,0.0,8.9
2023-05-07,New York,66.4,65.9,0.0,12.1
2023-05-08,New York,69.0,53.4,0.0,9.0
2023-05-09,New York,71.0,49.0,0.0,6.1
2023-05-10,New York,58.4,59.2,0.0,8.2
2023-05-11,New York,60.3,68.1,0.0,3.0
2023-05-12,New York,69.2,75.5,0.0,1.0
2023-05-13,New York,65.5,68.3,0.0,10.5
2023-05-14,New York,75.0,50.3,0.0,6.9
2023-05-15,New York,68.1,60.1,0.0,7.2
2023-05-16,New York,61.3,64.1,0.15,10.5
2023-05-17,New York,64.7,63.4,0.0,12.2
2023-05-18,New York,58.4,66.3,0.0,9.6
2023-05-19,New York,70.1,54.7,0.0,13.8
2023-05-20,New York,70.7,62.5,0.0,9.5
2023-05-21,New York,70.1,65.4,0.0,8.9
2023-05-22,New York,77.2,68.6,0.0,8.7
2023-05-23,New York,78.1,55.6,0.0,4.1
2023-05-24,New York,72.4,59.2,0.0,10.9
2023-05-25,New York,63.9,40.4,0.0,0.7
2023-05-26,New York,76.7,57.0,0.0,6.2
2023-05-27,New York,76.8,57.8,0.0,8.1
2023-05-28,New York,76.0,53.8,0.0,5.6
2023-05-29,New York,79.4,63.3,0.0,6.6
2023-05-30,New York,70.1,61.6,0.0,13.5
2023-05-31,New York,84.7,43.9,0.0,11.3
2023-06-01,New York,71.7,63.7,0.0,5.9
2023-06-02,New York,79.7,54.6,0.0,6.6
2023-06-03,New York,69.1,65.9,0.0,4.2
2023-06-04,New York,72.8,51.7,0.0,10.1
2023-06-05,New York,84.2,62.2,0.0,7.3
2023-06-06,New York,76.5,59.7,0.0,2.1
2023-06-07,New York,81.8,64.4,0.0,8.3
2023-06-08,New York,79.4,63.0,0.0,9.3
2023-06-09,New York,78.1,60.0,0.0,10.9
2023-06-10,New York,85.0,49.7,0.0,7.8
2023-06-11,New York,78.1,50.2,0.0,6.9
2023-06-12,New York,71.4,57.3,0.0,14.0
2023-06-13,New York,76.1,61.9,0.0,8.0
2023-06-14,New York,82.5,57.1,0.0,10.2
2023-06-15,New York,82.0,67.0,0.0,6.4
2023-06-16,New York,73.5,59.8,0.0,10.1
2023-06-17,New York,77.5,54.3,0.0,3.6
2023-06-18,New York,78.4,59.8,0.0,6.6
2023-06-19,New York,79.6,63.8,0.2,4.4
2023-06-20,New York,75.3,64.6,0.0,6.2
2023-06-21,New York,78.9,77.0,0.0,11.8
2023-06-22,New York,78.6,56.6,0.0,6.2
2023-06-23,New York,85.6,61.4,0.0,10.2
2023-06-24,New York,86.0,65.4,0.47,12.6
2023-06-25,New York,81.9,61.8,0.0,7.9
2023-06-26,New York,81.0,58.0,0.0,11.0
2023-06-27,New York,83.5,49.6,0.0,9.6
2023-06-28,New York,79.4,57.9,0.0,8.3
2023-06-29,New York,78.1,53.4,0.0,10.3
2023-06-30,New York,79.2,48.2,0.0,13.5
2023-07-01,New York,80.7,55.6,0.0,6.1
2023-07-02,New York,78.5,53.6,0.0,5.1
2023-07-03,New York,84.6,66.7,0.0,4.9
2023-07-04,New York,87.2,66.8,0.0,11.0
2023-07-05,New York,76.9,54.8,0.0,11.4
2023-07-06,New York,84.3,59.9,0.07,6.4
2023-07-07,New York,83.3,47.1,0.0,1.6
2023-07-08,New York,85.9,58.0,0.0,6.0
2023-07-09,New York,84.4,65.2,0.0,9.6
2023-07-10,New York,78.0,68.6,0.92,7.8
2023-07-11,New York,79.0,56.3,0.0,8.5
2023-07-12,New York,84.9,70.4,0.0,6.4
2023-07-13,New York,89.4,49.9,0.47,11.0
2023-07-14,New York,74.9,52.0,0.0,9.0
2023-07-15,New York,86.4,67.7,0.0,9.8
2023-07-16,New York,90.3,75.4,0.0,8.5
2023-07-17,New York,84.3,65.9,0.0,9.6
2023-07-18,New York,87.5,61.7,0.0,9.4
2023-07-19,New York,81.8,44.4,0.0,5.2
2023-07-20,New York,84.5,45.8,0.0,9.1
2023-07-21,New York,77.7,63.0,0.0,10.4
2023-07-22,New York,74.4,59.1,0.0,11.5
2023-07-23,New York,89.2,53.2,0.0,9.2
2023-07-24,New York,80.5,62.5,0.0,5.1
2023-07-25,New York,82.9,62.9,0.0,5.6
2023-07-26,New York,78.6,69.6,0.0,6.7
2023-07-27,New York,78.5,63.1,0.0,8.6
2023-07-28,New York,84.0,71.8,0.0,7.6
2023-07-29,New York,81.4,62.1,0.0,4.6
2023-07-30,New York,86.3,61.1,0.0,4.6
2023-07-31,New York,86.6,70.5,0.34,1.7
2023-08-01,New York,85.9,54.2,0.0,0.0
2023-08-02,New York,85.4,84.5,0.0,7.6
2023-08-03,New York,91.4,65.0,0.0,15.0
2023-08-04,New York,79.4,65.0,1.68,13.4
2023-08-05,New York,83.8,66.2,0.0,5.1
2023-08-06,New York,89.0,77.0,0.0,8.4
2023-08-07,New York,89.5,68.3,0.0,3.6
2023-08-08,New York,77.2,49.2,0.0,4.1
2023-08-09,New York,82.1,73.2,0.0,4.4
2023-08-10,New York,89.5,59.3,0.0,7.3
2023-08-11,New York,85.5,62.9,0.0,7.5
2023-08-12,New York,83.9,51.8,0.0,8.8
2023-08-13,New York,81.9,66.2,0.0,10.0
2023-08-14,New York,80.9,56.8,0.0,7.0
2023-08-15,New York,83.8,62.8,0.0,8.1
2023-08-16,New York,81.1,59.7,0.0,4.7
2023-08-17,New York,81.9,77.4,0.0,4.0
2023-08-18,New York,82.2,77.9,0.0,3.5
2023-08-19,New York,78.6,62.4,0.0,9.9
2023-08-20,New York,83.8,62.5,0.87,7.0
2023-08-21,New York,94.3,59.0,0.0,2.4
2023-08-22,New York,72.9,70.8,0.0,7.8
2023-08-23,New York,82.1,59.4,0.0,4.3
2023-08-24,New York,77.0,58.6,0.0,13.0
2023-08-25,New York,82.8,69.8,0.0,6.3
2023-08-26,New York,80.1,57.7,0.0,10.0
2023-08-27,New York,83.1,61.7,0.0,11.3
2023-08-28,New York,84.6,49.3,0.0,5.1
2023-08-29,New York,79.9,67.6,0.0,8.2
2023-08-30,New York,83.9,77.5,0.0,9.7
2023-08-31,New York,67.9,67.8,0.27,8.3
2023-09-01,New York,85.3,73.7,0.0,9.1
2023-09-02,New York,79.5,55.2,0.0,4.0
2023-09-03,New York,82.4,63.9,0.0,9.7
2023-09-04,New York,71.7,54.5,0.0,6.5
2023-09-05,New York,73.2,60.2,0.0,9.0
2023-09-06,New York,77.2,68.2,0.0,10.8
2023-09-07,New York,76.2,62.8,0.0,10.0
2023-09-08,New York,77.2,50.7,0.0,9.0
2023-09-09,New York,80.4,51.5,0.0,9.9
2023-09-10,New York,67.3,51.0,0.0,10.1
2023-09-11,New York,79.2,65.9,0.0,12.5
2023-09-12,New York,74.5,78.5,0.0,7.9
2023-09-13,New York,73.2,72.9,0.0,8.5
2023-09-14,New York,67.1,46.8,0.32,10.8
2023-09-15,New York,75.6,73.4,0.0,6.5
2023-09-16,New York,62.1,69.5,0.0,4.0
2023-09-17,New York,75.5,49.6,0.0,9.5
2023-09-18,New York,65.5,59.6,0.0,7.4
2023-09-19,New York,72.1,70.8,0.0,4.4
2023-09-20,New York,70.9,66.4,0.0,9.5
2023-09-21,New York,76.3,51.5,0.0,12.3
2023-09-22,New York,69.8,66.9,0.0,3.1
2023-09-23,New York,67.1,44.9,0.0,11.1
2023-09-24,New York,67.5,60.2,0.0,0.4
2023-09-25,New York,75.1,71.1,0.0,6.8
2023-09-26,New York,71.4,62.1,0.0,13.5
2023-09-27,New York,,58.0,0.46,7.0
2023-09-28,New York,67.1,69.1,0.0,8.3
2023-09-29,New York,60.7,69.8,0.0,10.3
2023-09-30,New York,69.0,72.5,0.0,2.9
2023-10-01,New York,58.9,69.0,0.0,8.2
2023-10-02,New York,69.8,70.7,0.0,8.2
2023-10-03,New York,66.6,67.9,0.0,13.6
2023-10-04,New York,76.3,64.1,0.0,4.3
2023-10-05,New York,60.1,62.7,0.0,6.9
2023-10-06,New York,64.2,60.1,0.0,5.2
2023-10-07,New York,72.3,52.3,0.0,4.9
2023-10-08,New York,69.1,54.4,0.0,11.4
2023-10-09,New York,60.2,59.7,0.0,8.1
2023-10-10,New York,63.9,63.9,0.0,6.3
2023-10-11,New York,62.4,73.5,0.0,6.4
2023-10-12,New York,63.2,61.7,0.0,6.3
2023-10-13,New York,58.4,70.0,0.0,6.6
2023-10-14,New York,60.7,70.6,0.32,4.2
2023-10-15,New York,53.4,60.1,0.0,7.2
2023-10-16,New York,60.8,66.8,0.0,6.9
2023-10-17,New York,61.7,60.1,0.0,5.7
2023-10-18,New York,58.2,72.6,0.0,8.5
2023-10-19,New York,51.5,67.1,0.0,8.7
2023-10-20,New York,62.8,52.5,0.0,6.3
2023-10-21,New York,59.5,63.3,0.54,7.6
2023-10-22,New York,54.2,75.2,0.0,14.5
2023-10-23,New York,55.7,60.6,0.0,14.4
2023-10-24,New York,,65.6,0.0,4.8
2023-10-25,New York,51.4,66.4,0.0,5.3
2023-10-26,New York,53.2,53.7,0.0,4.8
2023-10-27,New York,60.7,66.1,0.0,11.2
2023-10-28,New York,51.8,50.8,0.0,6.8
2023-10-29,New York,57.1,57.0,0.0,8.7
2023-10-30,New York,51.4,70.6,0.0,14.0
2023-10-31,New York,54.5,64.9,0.0,8.0
2023-11-01,New York,52.3,59.6,0.0,10.1
2023-11-02,New York,56.4,65.6,0.45,9.6
2023-11-03,New York,49.6,61.5,0.0,6.2
2023-11-04,New York,44.5,62.1,0.0,11.2
2023-11-05,New York,44.9,67.3,0.0,5.5
2023-11-06,New York,48.3,56.2,0.0,12.0
2023-11-07,New York,44.6,62.3,0.0,6.2
2023-11-08,New York,51.7,59.5,0.0,6.6
2023-11-09,New York,47.3,49.3,0.0,4.7
2023-11-10,New York,59.7,54.6,0.0,5.2
2023-11-11,New York,40.7,74.5,0.0,6.7
2023-11-12,New York,49.0,65.1,0.0,0.7
2023-11-13,New York,42.6,51.4,0.0,7.3
2023-11-14,New York,45.1,49.7,0.0,6.5
2023-11-15,New York,47.5,61.1,0.0,10.4
2023-11-16,New York,36.0,74.5,0.0,9.3
2023-11-17,New York,47.1,60.5,0.83,5.9
2023-11-18,New York,54.2,72.5,0.0,6.6
2023-11-19,New York,43.2,64.8,0.0,7.3
2023-11-20,New York,46.1,65.8,0.0,12.5
2023-11-21,New York,49.1,51.3,0.0,5.5
2023-11-22,New York,43.4,69.5,0.0,5.8
2023-11-23,New York,41.1,59.3,0.0,4.6
2023-11-24,New York,33.1,68.9,0.0,3.6
2023-11-25,New York,45.9,55.5,0.0,8.9
2023-11-26,New York,42.1,63.4,1.92,8.6
2023-11-27,New York,37.7,64.8,0.0,11.8
2023-11-28,New York,42.5,60.8,0.0,11.1
2023-11-29,New York,38.9,65.2,0.45,15.2
2023-11-30,New York,38.8,59.9,0.0,7.8
2023-12-01,New York,43.6,56.8,1.02,7.2
2023-12-02,New York,34.5,74.8,0.0,4.1
2023-12-03,New York,44.9,70.4,0.0,10.1
2023-12-04,New York,33.6,55.9,0.0,8.4
2023-12-05,New York,36.5,66.5,0.0,10.0
2023-12-06,New York,47.9,56.1,0.57,4.6
2023-12-07,New York,44.0,52.5,0.0,9.1
2023-12-08,New York,39.0,70.3,0.29,8.6
2023-12-09,New York,34.1,48.4,0.0,8.4
2023-12-10,New York,35.6,69.4,0.0,6.0
2023-12-11,New York,38.1,60.0,0.0,11.6
2023-12-12,New York,37.6,60.3,0.0,14.2
2023-12-13,New York,36.8,65.3,0.0,4.7
2023-12-14,New York,36.8,66.6,0.0,10.2
2023-12-15,New York,35.7,55.4,0.0,0.0
2023-12-16,New York,29.9,67.7,0.0,10.0
2023-12-17,New York,33.8,62.9,0.51,2.4
2023-12-18,New York,40.0,52.0,0.17,6.4
2023-12-19,New York,29.5,60.6,0.0,4.1
2023-12-20,New York,34.6,73.1,0.0,7.4
2023-12-21,New York,31.5,75.4,0.0,10.5
2023-12-22,New York,35.5,67.7,0.0,2.4
2023-12-23,New York,33.0,52.5,0.0,6.9
2023-12-24,New York,41.2,65.9,0.0,6.5
2023-12-25,New York,36.7,68.8,0.0,12.7
2023-12-26,New York,28.3,67.8,0.0,9.3
2023-12-27,New York,37.1,68.3,0.0,4.5
2023-12-28,New York,30.4,64.9,0.0,6.6
2023-12-29,New York,31.1,61.4,0.0,12.7
2023-12-30,New York,35.0,57.1,0.0,10.1
2023-12-31,New York,31.2,46.8,0.0,5.2
2024-01-01,New York,37.2,64.7,0.0,7.2
2024-01-02,New York,29.6,63.5,0.0,7.3
2024-01-03,New York,30.2,66.5,0.0,6.4
2024-01-04,New York,29.9,51.3,0.14,2.9
2024-01-05,New York,30.2,67.2,0.0,6.0
2024-01-06,New York,37.6,78.4,0.0,12.2
2024-01-07,New York,35.4,62.6,0.0,6.9
2024-01-08,New York,40.1,61.5,0.0,7.7
2024-01-09,New York,42.6,64.5,0.0,8.4
2024-01-10,New York,,78.3,0.0,14.7
2024-01-11,New York,32.5,53.8,0.0,8.0
2024-01-12,New York,26.9,63.6,0.0,11.3
2024-01-13,New York,28.6,55.6,0.0,6.2
2024-01-14,New York,29.3,57.6,0.0,7.2
2024-01-15,New York,27.3,61.6,0.0,8.0
2024-01-16,New York,27.3,72.8,0.14,5.7
2024-01-17,New York,31.4,76.4,0.0,7.4
2024-01-18,New York,26.5,65.6,0.0,10.7
2024-01-19,New York,35.8,59.0,0.0,5.6
2024-01-20,New York,27.9,81.9,0.0,8.0
2024-01-21,New York,44.7,58.6,0.0,10.1
2024-01-22,New York,30.0,57.4,0.0,5.5
2024-01-23,New York,32.4,47.8,0.0,11.3
2024-01-24,New York,26.3,73.2,0.0,8.2
2024-01-25,New York,39.8,69.7,0.0,7.5
2024-01-26,New York,,81.3,0.0,2.0
2024-01-27,New York,33.6,50.9,0.0,6.9
2024-01-28,New York,26.3,73.7,0.0,9.1
2024-01-29,New York,33.4,62.6,0.0,13.2
2024-01-30,New York,27.5,68.4,0.0,9.7
2024-01-31,New York,39.2,48.8,0.0,11.4
2024-02-01,New York,36.3,73.7,0.0,4.4
2024-02-02,New York,33.2,68.3,0.0,7.6
2024-02-03,New York,22.0,61.7,0.0,11.7
2024-02-04,New York,28.6,67.2,0.0,5.3
2024-02-05,New York,36.3,55.9,0.0,10.9
2024-02-06,New York,38.8,57.4,0.0,10.2
2024-02-07,New York,38.4,58.3,0.0,8.8
2024-02-08,New York,26.4,47.2,0.0,7.0
2024-02-09,New York,35.1,68.9,0.0,5.0
2024-02-10,New York,38.5,71.5,0.0,13.3
2024-02-11,New York,26.6,56.4,0.0,9.9
2024-02-12,New York,34.2,64.8,0.0,9.0
2024-02-13,New York,35.7,59.9,0.0,6.8
2024-02-14,New York,33.3,64.6,0.55,8.1
2024-02-15,New York,26.5,57.0,0.0,8.5
2024-02-16,New York,33.6,54.9,0.0,9.2
2024-02-17,New York,33.8,70.4,0.0,10.2
2024-02-18,New York,34.9,61.5,0.0,5.7
2024-02-19,New York,33.2,78.2,0.0,3.6
2024-02-20,New York,34.0,62.4,0.0,8.3
2024-02-21,New York,36.1,54.6,0.0,2.8
2024-02-22,New York,38.5,71.8,0.0,7.0
2024-02-23,New York,35.4,67.0,0.0,6.5
2024-02-24,New York,35.2,67.8,0.0,9.5
2024-02-25,New York,37.7,71.5,0.0,13.9
2024-02-26,New York,28.9,56.8,0.65,2.2
2024-02-27,New York,40.0,61.0,0.0,14.8
2024-02-28,New York,38.1,60.6,0.0,7.3
2024-02-29,New York,38.6,51.7,0.0,9.0
2024-03-01,New York,43.0,59.9,0.0,3.8
2024-03-02,New York,30.2,72.7,0.0,11.0
2024-03-03,New York,30.5,63.9,0.0,8.1
2024-03-04,New York,40.9,51.2,0.0,7.8
2024-03-05,New York,39.9,49.6,0.0,2.2
2024-03-06,New York,41.1,75.3,0.0,8.2
2024-03-07,New York,38.6,61.3,0.0,10.5
2024-03-08,New York,44.0,56.8,0.35,7.3
2024-03-09,New York,45.5,59.8,0.0,11.5
2024-03-10,New York,43.8,50.2,0.0,11.4
2024-03-11,New York,40.9,73.4,0.0,6.1
2024-03-12,New York,,58.9,0.0,12.8
2024-03-13,New York,46.2,72.9,0.0,8.1
2024-03-14,New York,48.6,62.4,0.0,8.1
2024-03-15,New York,46.4,73.4,0.0,8.3
2024-03-16,New York,39.9,64.1,0.0,8.2
2024-03-17,New York,47.3,68.8,1.28,0.1
2024-03-18,New York,48.5,67.8,0.0,7.4
2024-03-19,New York,52.0,67.0,0.0,3.9
2024-03-20,New York,41.5,64.8,0.0,12.9
2024-03-21,New York,44.8,60.1,0.0,12.8
2024-03-22,New York,49.6,77.3,0.0,10.6
2024-03-23,New York,46.9,54.7,0.0,7.3
2024-03-24,New York,42.0,62.0,0.0,5.0
2024-03-25,New York,49.3,62.1,0.0,6.0
2024-03-26,New York,50.5,65.2,0.0,13.8
2024-03-27,New York,48.7,58.6,0.0,5.9
2024-03-28,New York,49.7,64.5,0.0,0.9
2024-03-29,New York,48.0,60.6,0.0,11.1
2024-03-30,New York,56.2,49.3,0.0,12.5
2024-03-31,New York,45.9,62.1,0.0,13.0
2024-04-01,New York,47.8,53.2,0.0,11.1
2024-04-02,New York,50.9,48.1,0.0,11.6
2024-04-03,New York,55.3,63.1,0.0,8.2
2024-04-04,New York,45.0,65.9,0.0,1.8
2024-04-05,New York,46.3,66.2,0.0,8.1
2024-04-06,New York,43.5,66.5,0.0,9.9
2024-04-07,New York,53.2,46.5,0.0,7.6
2024-04-08,New York,48.5,51.1,0.14,7.5
2024-04-09,New York,52.2,77.8,0.0,5.1
2024-04-10,New York,57.4,53.6,0.0,5.0
2024-04-11,New York,52.0,66.9,0.0,13.5
2024-04-12,New York,56.4,56.5,0.0,13.6
2024-04-13,New York,54.4,62.6,0.0,8.0
2024-04-14,New York,59.2,56.9,0.0,8.8
2024-04-15,New York,58.8,66.5,0.0,5.1
2024-04-16,New York,54.0,63.1,0.83,9.9
2024-04-17,New York,56.8,58.4,0.0,13.3
2024-04-18,New York,62.7,53.6,0.0,3.4
2024-04-19,New York,60.3,64.1,0.0,9.4
2024-04-20,New York,52.7,52.3,0.0,9.6
2024-04-21,New York,62.4,65.4,0.75,9.6
2024-04-22,New York,55.0,83.0,0.0,12.9
2024-04-23,New York,66.7,72.8,0.0,14.1
2024-04-24,New York,65.4,67.7,0.0,7.3
2024-04-25,New York,62.5,61.3,0.73,10.0
2024-04-26,New York,62.4,46.5,0.0,8.3
2024-04-27,New York,61.2,51.4,0.0,6.1
2024-04-28,New York,65.6,72.3,0.0,8.8
2024-04-29,New York,61.4,55.7,0.0,10.0
2024-04-30,New York,64.5,56.4,0.0,8.7
2024-05-01,New York,67.9,60.7,0.0,5.4
2024-05-02,New York,61.8,53.5,0.0,6.6
2024-05-03,New York,62.0,52.2,0.0,6.6
2024-05-04,New York,59.9,61.6,0.13,5.5
2024-05-05,New York,60.9,54.9,0.0,8.9
2024-05-06,New York,57.9,56.1,0.0,9.3
2024-05-07,New York,69.9,55.8,0.0,10.9
2024-05-08,New York,75.1,66.2,0.0,5.4
2024-05-09,New York,73.9,60.1,0.47,6.3
2024-05-10,New York,60.5,60.6,0.0,12.7
2024-05-11,New York,71.6,66.8,0.0,7.5
2024-05-12,New York,75.1,60.9,0.0,8.1
2024-05-13,New York,67.1,59.8,1.09,7.5
2024-05-14,New York,70.0,65.8,0.0,11.4
2024-05-15,New York,60.9,67.3,0.0,11.5
2024-05-16,New York,71.6,60.8,0.0,11.3
2024-05-17,New York,66.0,62.6,0.0,8.1
2024-05-18,New York,72.1,55.7,0.43,5.4
2024-05-19,New York,64.6,55.1,0.0,13.8
2024-05-20,New York,74.4,68.2,0.0,10.6
2024-05-21,New York,77.0,65.6,0.0,6.6
2024-05-22,New York,69.2,65.6,0.0,12.3
2024-05-23,New York,68.0,64.2,0.65,6.4
2024-05-24,New York,63.8,62.4,0.0,12.2
2024-05-25,New York,72.7,67.6,0.0,12.4
2024-05-26,New York,71.6,69.5,0.0,5.2
2024-05-27,New York,67.6,69.3,0.0,9.7
2024-05-28,New York,77.0,61.2,0.0,10.3
2024-05-29,New York,73.3,73.1,0.0,15.8
2024-05-30,New York,70.8,63.8,0.0,5.8
2024-05-31,New York,73.5,67.1,0.0,12.3
2024-06-01,New York,81.2,64.3,0.29,8.1
2024-06-02,New York,79.4,64.0,0.0,4.3
2024-06-03,New York,76.4,56.1,0.0,7.6
2024-06-04,New York,80.1,67.6,0.0,8.0
2024-06-05,New York,72.4,84.8,0.0,4.8
2024-06-06,New York,78.1,59.0,0.0,8.9
2024-06-07,New York,78.9,62.6,0.0,10.9
2024-06-08,New York,76.5,58.4,0.0,8.7
2024-06-09,New York,80.8,58.1,0.0,6.4
2024-06-10,New York,75.7,74.4,0.0,7.6
2024-06-11,New York,81.7,56.6,0.0,8.0
2024-06-12,New York,82.2,58.2,0.0,8.7
2024-06-13,New York,66.9,49.3,0.0,11.3
2024-06-14,New York,85.6,55.9,0.0,8.8
2024-06-15,New York,66.8,48.3,0.36,3.8
2024-06-16,New York,78.0,67.1,0.0,6.3
2024-06-17,New York,85.6,84.4,0.0,8.5
2024-06-18,New York,79.8,59.1,0.0,11.4
2024-06-19,New York,,48.7,0.0,11.9
2024-06-20,New York,76.8,69.2,0.0,13.3
2024-06-21,New York,86.5,56.2,0.0,8.4
2024-06-22,New York,73.5,72.4,0.0,10.3
2024-06-23,New York,87.4,59.7,0.0,3.6
2024-06-24,New York,82.3,56.9,0.0,9.3
2024-06-25,New York,77.4,60.6,0.0,4.8
2024-06-26,New York,80.3,68.1,0.0,7.8
2024-06-27,New York,78.5,60.2,0.0,17.1
2024-06-28,New York,87.1,58.0,0.0,8.9
2024-06-29,New York,86.7,60.4,0.0,5.4
2024-06-30,New York,75.8,51.8,0.0,9.2
2024-07-01,New York,81.9,65.2,0.0,6.4
2024-07-02,New York,79.9,47.7,0.0,5.1
2024-07-03,New York,89.8,58.4,0.0,14.3
2024-07-04,New York,78.0,68.1,0.0,11.2
2024-07-05,New York,91.4,64.4,0.0,9.0
2024-07-06,New York,84.2,66.7,0.0,6.8
2024-07-07,New York,79.2,61.5,0.0,7.1
2024-07-08,New York,81.5,71.4,0.0,12.6
2024-07-09,New York,81.0,69.4,0.28,8.9
2024-07-10,New York,78.9,65.6,0.94,0.0
2024-07-11,New York,85.2,69.4,0.0,15.3
2024-07-12,New York,79.3,68.0,0.0,8.5
2024-07-13,New York,75.0,58.5,0.0,9.0
2024-07-14,New York,83.2,51.2,0.0,11.3
2024-07-15,New York,76.8,65.4,0.19,9.4
2024-07-16,New York,81.6,66.4,0.0,10.2
2024-07-17,New York,80.9,70.7,0.0,6.7
2024-07-18,New York,81.1,54.5,0.0,4.3
2024-07-19,New York,94.0,54.7,0.0,8.8
2024-07-20,New York,85.3,65.7,0.0,12.3
2024-07-21,New York,86.1,61.4,0.0,6.1
2024-07-22,New York,77.0,46.9,0.0,5.8
2024-07-23,New York,82.0,65.0,1.04,11.7
2024-07-24,New York,85.9,47.2,0.0,6.6
2024-07-25,New York,80.3,54.4,0.4,6.8
2024-07-26,New York,88.9,72.8,0.35,6.9
2024-07-27,New York,79.4,76.6,0.0,7.8
2024-07-28,New York,83.4,52.3,0.0,3.3
2024-07-29,New York,82.0,59.4,0.0,6.4
2024-07-30,New York,85.3,62.3,0.0,8.7
2024-07-31,New York,81.6,76.2,0.0,8.7
2024-08-01,New York,83.2,58.1,0.74,11.5
2024-08-02,New York,83.2,58.2,0.0,13.5
2024-08-03,New York,80.9,74.4,0.0,12.5
2024-08-04,New York,86.2,59.0,0.0,10.7
2024-08-05,New York,85.0,67.8,0.0,7.6
2024-08-06,New York,83.4,50.2,0.0,6.1
2024-08-07,New York,81.7,60.6,0.06,8.1
2024-08-08,New York,87.1,48.7,0.0,9.8
2024-08-09,New York,82.3,53.6,0.0,10.5
2024-08-10,New York,81.8,68.7,0.0,9.9
2024-08-11,New York,83.5,61.6,0.97,7.6
2024-08-12,New York,90.5,59.4,0.25,10.4
2024-08-13,New York,76.6,56.0,0.0,11.8
2024-08-14,New York,85.9,60.2,0.43,10.6
2024-08-15,New York,73.7,64.4,0.46,7.9
2024-08-16,New York,83.0,69.9,0.0,5.5
2024-08-17,New York,88.9,41.0,0.0,5.4
2024-08-18,New York,83.8,55.3,0.0,6.0
2024-08-19,New York,82.2,63.3,0.0,8.8
2024-08-20,New York,78.6,61.2,0.0,9.6
2024-08-21,New York,81.1,65.2,0.0,3.8
2024-08-22,New York,79.5,64.1,0.0,6.5
2024-08-23,New York,76.9,59.6,0.0,8.7
2024-08-24,New York,78.9,57.8,0.0,5.3
2024-08-25,New York,80.8,60.0,0.0,9.3
2024-08-26,New York,76.2,71.2,0.0,7.1
2024-08-27,New York,75.7,56.1,0.0,5.8
2024-08-28,New York,72.9,61.5,0.0,8.2
2024-08-29,New York,80.5,63.5,0.0,9.2
2024-08-30,New York,80.9,74.5,0.0,5.5
2024-08-31,New York,79.2,59.6,0.0,7.3
2024-09-01,New York,82.2,69.7,0.0,9.4
2024-09-02,New York,77.9,71.9,0.0,5.7
2024-09-03,New York,79.0,61.5,0.0,3.0
2024-09-04,New York,78.3,60.3,0.0,3.4
2024-09-05,New York,76.2,59.4,0.0,6.7
2024-09-06,New York,73.8,60.0,0.0,4.0
2024-09-07,New York,85.9,68.8,0.23,7.0
2024-09-08,New York,73.5,63.8,0.0,13.0
2024-09-09,New York,72.2,63.9,0.0,3.9
2024-09-10,New York,76.8,53.0,0.0,7.2
2024-09-11,New York,75.6,54.3,0.0,14.4
2024-09-12,New York,67.8,79.1,0.39,9.2
2024-09-13,New York,78.8,60.6,0.0,6.9
2024-09-14,New York,72.9,55.8,0.0,7.5
2024-09-15,New York,68.0,73.4,0.0,9.3
2024-09-16,New York,78.0,64.3,1.57,13.1
2024-09-17,New York,75.0,66.6,0.0,6.4
2024-09-18,New York,66.1,60.9,0.0,5.7
2024-09-19,New York,79.4,59.5,0.0,3.9
2024-09-20,New York,74.0,60.6,0.0,8.3
2024-09-21,New York,70.6,50.9,1.12,3.8
2024-09-22,New York,77.4,61.3,1.83,6.6
2024-09-23,New York,70.5,64.4,0.0,5.3
2024-09-24,New York,69.3,76.8,0.0,11.2
2024-09-25,New York,66.0,62.7,0.0,6.5
2024-09-26,New York,71.2,43.3,0.0,9.2
2024-09-27,New York,70.3,61.2,0.0,3.2
2024-09-28,New York,67.8,83.9,0.0,8.4
2024-09-29,New York,63.7,68.9,0.0,4.4
2024-09-30,New York,67.4,55.5,0.0,6.7
2024-10-01,New York,66.1,66.7,0.0,14.6
2024-10-02,New York,60.0,56.1,0.0,10.8
2024-10-03,New York,58.9,51.2,0.0,7.6
2024-10-04,New York,67.6,59.2,0.0,17.6
2024-10-05,New York,52.9,62.7,0.0,5.3
2024-10-06,New York,65.1,47.0,0.0,11.5
2024-10-07,New York,61.6,52.8,0.44,3.4
2024-10-08,New York,69.2,62.1,0.0,7.3
2024-10-09,New York,60.6,58.7,0.0,4.0
2024-10-10,New York,65.4,65.2,0.0,8.8
2024-10-11,New York,60.2,52.3,0.15,8.2
2024-10-12,New York,62.0,67.7,0.0,7.1
2024-10-13,New York,64.4,52.5,0.0,11.3
2024-10-14,New York,58.5,75.1,0.0,6.3
2024-10-15,New York,64.6,48.3,0.0,9.0
2024-10-16,New York,55.2,53.3,0.0,10.5
2024-10-17,New York,60.6,65.3,0.0,3.6
2024-10-18,New York,62.9,75.3,0.0,5.8
2024-10-19,New York,61.3,64.5,0.0,8.2
2024-10-20,New York,66.5,66.5,0.0,9.9
2024-10-21,New York,54.0,62.1,0.0,12.3
2024-10-22,New York,50.8,53.8,0.0,7.4
2024-10-23,New York,52.0,58.1,0.0,7.1
2024-10-24,New York,59.0,52.3,0.0,5.4
2024-10-25,New York,57.8,51.8,0.0,9.0
2024-10-26,New York,55.6,65.2,0.0,7.1
2024-10-27,New York,49.6,53.0,0.0,7.2
2024-10-28,New York,57.7,64.6,0.0,7.7
2024-10-29,New York,48.3,51.6,0.0,9.7
2024-10-30,New York,58.6,64.4,0.0,6.3
2024-10-31,New York,65.8,58.1,0.0,5.7
2024-11-01,New York,54.1,73.3,0.0,9.3
2024-11-02,New York,54.6,64.6,0.0,0.0
2024-11-03,New York,49.4,71.9,0.0,6.2
2024-11-04,New York,43.0,56.0,0.0,4.5
2024-11-05,New York,48.0,62.4,0.0,11.6
2024-11-06,New York,45.3,54.2,0.0,6.7
2024-11-07,New York,43.3,58.7,0.0,6.3
2024-11-08,New York,57.2,59.9,0.0,7.9
2024-11-09,New York,50.2,56.2,0.31,6.2
2024-11-10,New York,50.3,52.3,0.0,6.8
2024-11-11,New York,46.7,50.7,0.0,8.3
2024-11-12,New York,46.9,43.3,1.47,6.7
2024-11-13,New York,51.6,53.5,0.0,6.7
2024-11-14,New York,46.7,67.0,0.0,5.0
2024-11-15,New York,48.9,49.2,0.0,4.5
2024-11-16,New York,45.2,51.1,0.0,8.2
2024-11-17,New York,44.1,76.3,0.0,8.9
2024-11-18,New York,38.9,56.9,0.0,3.7
2024-11-19,New York,36.0,64.6,0.0,10.3
2024-11-20,New York,43.3,67.1,0.0,10.3
2024-11-21,New York,44.4,67.3,0.0,10.9
2024-11-22,New York,37.9,49.8,0.0,8.9
2024-11-23,New York,43.2,60.2,0.0,9.9
2024-11-24,New York,43.2,49.1,0.0,14.6
2024-11-25,New York,32.9,81.6,0.0,7.1
2024-11-26,New York,38.1,49.2,0.0,4.9
2024-11-27,New York,43.7,53.6,0.0,3.4
2024-11-28,New York,43.3,53.7,0.0,13.3
2024-11-29,New York,36.0,50.0,0.0,13.3
2024-11-30,New York,41.6,72.8,0.0,5.2
2024-12-01,New York,45.1,81.4,0.0,5.8
2024-12-02,New York,43.7,58.2,0.0,7.0
2024-12-03,New York,39.4,51.4,0.0,11.7
2024-12-04,New York,37.4,44.1,0.0,4.1
2024-12-05,New York,36.4,60.0,0.0,2.1
2024-12-06,New York,41.0,59.5,0.57,14.5
2024-12-07,New York,39.5,56.8,0.0,8.9
2024-12-08,New York,41.1,63.8,0.0,9.4
2024-12-09,New York,38.6,65.2,0.0,7.4
2024-12-10,New York,41.4,64.6,0.0,9.4
2024-12-11,New York,37.9,59.5,0.0,3.5
2024-12-12,New York,40.7,53.2,0.0,5.5
2024-12-13,New York,40.8,67.3,0.0,8.3
2024-12-14,New York,33.0,62.1,0.0,1.2
2024-12-15,New York,28.3,69.1,0.0,7.1
2024-12-16,New York,43.1,68.3,0.0,6.9
2024-12-17,New York,37.1,50.6,0.0,7.1
2024-12-18,New York,27.9,50.5,0.0,6.3
2024-12-19,New York,32.2,56.0,0.49,5.0
2024-12-20,New York,38.7,53.5,0.0,2.5
2024-12-21,New York,33.7,68.0,0.0,8.4
2024-12-22,New York,32.5,64.8,0.0,7.1
2024-12-23,New York,40.9,70.8,0.11,3.9
2024-12-24,New York,29.7,65.2,0.0,8.2
2024-12-25,New York,30.6,63.7,0.68,7.1
2024-12-26,New York,35.0,71.6,0.0,6.6
2024-12-27,New York,35.6,65.8,0.0,1.5
2024-12-28,New York,35.9,62.5,0.0,10.0
2024-12-29,New York,37.6,73.8,0.0,4.3
2024-12-30,New York,34.3,62.9,0.0,8.2
2024-12-31,New York,35.5,59.6,0.0,5.6
2020-01-01,Chicago,21.7,55.7,0.0,8.4
2020-01-02,Chicago,28.5,69.2,0.0,9.3
2020-01-03,Chicago,25.5,59.3,0.0,9.1
2020-01-04,Chicago,28.1,76.2,0.0,9.3
2020-01-05,Chicago,24.3,55.8,0.0,10.8
2020-01-06,Chicago,24.5,60.1,0.0,6.7
2020-01-07,Chicago,14.6,73.2,0.0,8.3
2020-01-08,Chicago,21.1,45.9,0.0,7.1
2020-01-09,Chicago,21.4,44.9,0.0,11.9
2020-01-10,Chicago,27.9,51.6,0.0,14.3
2020-01-11,Chicago,20.0,64.5,0.0,4.4
2020-01-12,Chicago,23.4,45.1,0.0,1.9
2020-01-13,Chicago,23.2,62.8,0.0,9.7
2020-01-14,Chicago,27.3,62.2,0.0,11.2
2020-01-15,Chicago,21.5,74.1,0.0,13.9
2020-01-16,Chicago,25.8,66.4,1.33,10.2
2020-01-17,Chicago,14.3,60.9,0.0,12.2
2020-01-18,Chicago,14.7,68.9,0.0,13.0
2020-01-19,Chicago,11.7,62.3,0.0,12.4
2020-01-20,Chicago,25.5,54.3,0.0,10.6
2020-01-21,Chicago,25.1,48.8,0.0,4.2
2020-01-22,Chicago,26.1,53.4,0.0,8.0
2020-01-23,Chicago,19.0,57.7,1.53,8.9
2020-01-24,Chicago,19.6,59.4,0.0,7.7
2020-01-25,Chicago,21.6,40.9,0.0,7.9
2020-01-26,Chicago,28.7,56.2,0.0,12.7
2020-01-27,Chicago,29.9,58.2,0.0,5.7
2020-01-28,Chicago,26.0,62.4,0.0,10.4
2020-01-29,Chicago,24.0,71.0,0.0,8.9
2020-01-30,Chicago,28.6,59.5,0.0,5.4
2020-01-31,Chicago,21.5,50.7,0.0,4.8
2020-02-01,Chicago,21.1,43.5,0.0,2.9
2020-02-02,Chicago,22.4,63.5,0.0,9.5
2020-02-03,Chicago,18.7,51.0,0.0,7.8
2020-02-04,Chicago,22.4,64.9,0.0,5.5
2020-02-05,Chicago,18.3,69.2,0.0,2.4
2020-02-06,Chicago,28.1,45.6,0.0,9.3
2020-02-07,Chicago,26.1,62.4,0.0,7.5
2020-02-08,Chicago,30.3,68.3,0.0,5.9
2020-02-09,Chicago,16.7,66.2,0.0,5.1
2020-02-10,Chicago,32.8,41.2,0.0,7.3
2020-02-11,Chicago,17.4,51.2,0.4,9.4
2020-02-12,Chicago,19.3,47.8,0.0,7.0
2020-02-13,Chicago,22.1,62.2,0.8,4.4
2020-02-14,Chicago,31.0,61.3,0.0,7.8
2020-02-15,Chicago,26.4,36.4,0.0,11.1
2020-02-16,Chicago,24.5,55.6,0.0,8.1
2020-02-17,Chicago,,64.4,0.61,8.2
2020-02-18,Chicago,19.9,59.2,0.0,7.0
2020-02-19,Chicago,31.5,59.2,0.0,5.3
2020-02-20,Chicago,30.3,55.1,0.0,5.2
2020-02-21,Chicago,33.0,49.5,0.0,3.0
2020-02-22,Chicago,29.0,57.9,0.0,11.5
2020-02-23,Chicago,15.7,58.4,0.0,9.4
2020-02-24,Chicago,22.3,62.9,0.0,8.2
2020-02-25,Chicago,30.3,63.6,0.0,8.9
2020-02-26,Chicago,26.8,58.7,0.38,9.0
2020-02-27,Chicago,26.3,66.8,0.0,5.8
2020-02-28,Chicago,24.2,55.0,0.0,7.0
2020-02-29,Chicago,33.8,46.4,0.84,6.6
2020-03-01,Chicago,31.9,61.8,0.0,15.5
2020-03-02,Chicago,32.5,59.0,0.0,11.1
2020-03-03,Chicago,27.7,62.0,0.0,8.5
2020-03-04,Chicago,31.7,47.9,0.0,12.1
2020-03-05,Chicago,25.3,72.3,0.0,11.7
2020-03-06,Chicago,31.1,63.7,0.0,3.9
2020-03-07,Chicago,20.7,55.7,0.0,7.3
2020-03-08,Chicago,25.4,50.5,0.0,8.0
2020-03-09,Chicago,31.5,66.6,0.0,9.8
2020-03-10,Chicago,44.0,49.2,0.0,7.3
2020-03-11,Chicago,25.6,76.1,0.0,7.7
2020-03-12,Chicago,28.6,53.1,0.0,6.6
2020-03-13,Chicago,35.5,71.8,0.0,11.1
2020-03-14,Chicago,43.0,56.5,0.0,3.7
2020-03-15,Chicago,36.4,70.6,0.0,6.7
2020-03-16,Chicago,39.0,52.1,0.0,2.5
2020-03-17,Chicago,34.8,58.2,0.0,4.9
2020-03-18,Chicago,34.5,64.4,0.0,9.0
2020-03-19,Chicago,37.6,63.3,0.69,9.0
2020-03-20,Chicago,34.7,66.8,0.0,7.1
2020-03-21,Chicago,41.4,54.1,1.26,11.4
2020-03-22,Chicago,31.4,58.7,0.0,12.1
2020-03-23,Chicago,43.1,68.0,0.0,7.8
2020-03-24,Chicago,39.8,52.4,0.0,8.8
2020-03-25,Chicago,39.1,62.6,0.0,6.6
2020-03-26,Chicago,33.2,56.2,0.0,9.9
2020-03-27,Chicago,36.6,59.6,0.0,4.4
2020-03-28,Chicago,46.9,58.7,0.0,13.4
2020-03-29,Chicago,41.1,51.7,0.0,11.4
2020-03-30,Chicago,43.8,55.9,0.0,4.4
2020-03-31,Chicago,39.1,59.2,0.0,5.6
2020-04-01,Chicago,43.4,57.2,0.0,9.3
2020-04-02,Chicago,37.9,70.6,0.0,7.0
2020-04-03,Chicago,45.0,66.1,0.0,9.6
2020-04-04,Chicago,46.8,60.3,0.0,6.9
2020-04-05,Chicago,47.0,51.9,0.66,12.6
2020-04-06,Chicago,42.1,51.4,0.0,8.0
2020-04-07,Chicago,45.1,73.8,0.0,15.3
2020-04-08,Chicago,49.6,49.9,0.0,9.8
2020-04-09,Chicago,46.7,58.9,0.0,4.0
2020-04-10,Chicago,46.9,60.9,0.0,14.3
2020-04-11,Chicago,57.3,55.5,1.08,11.3
2020-04-12,Chicago,45.0,50.0,0.0,9.1
2020-04-13,Chicago,54.7,51.7,0.0,9.9
2020-04-14,Chicago,45.1,53.6,0.0,4.4
2020-04-15,Chicago,53.8,52.3,0.0,2.6
2020-04-16,Chicago,54.6,68.6,0.0,7.9
2020-04-17,Chicago,49.6,57.9,0.0,12.1
2020-04-18,Chicago,47.0,53.8,0.0,9.2
2020-04-19,Chicago,44.1,58.9,0.0,13.1
2020-04-20,Chicago,50.8,63.3,0.0,12.0
2020-04-21,Chicago,56.4,55.2,0.0,8.1
2020-04-22,Chicago,49.7,65.2,0.0,11.6
2020-04-23,Chicago,55.6,47.8,0.0,12.6
2020-04-24,Chicago,49.0,67.4,0.0,7.8
2020-04-25,Chicago,55.1,57.9,0.0,7.4
2020-04-26,Chicago,51.6,57.6,0.0,8.4
2020-04-27,Chicago,56.9,52.5,0.0,0.8
2020-04-28,Chicago,55.5,48.2,0.0,8.8
2020-04-29,Chicago,52.9,44.7,0.0,10.2
2020-04-30,Chicago,55.9,51.9,0.0,8.4
2020-05-01,Chicago,55.2,62.7,0.0,9.0
2020-05-02,Chicago,54.0,50.3,0.0,7.9
2020-05-03,Chicago,65.3,45.6,0.0,2.0
2020-05-04,Chicago,59.3,50.7,0.0,13.0
2020-05-05,Chicago,51.5,54.9,0.0,6.9
2020-05-06,Chicago,59.1,55.2,0.0,6.1
2020-05-07,Chicago,66.6,57.0,0.0,12.1
2020-05-08,Chicago,59.5,66.3,0.0,10.9
2020-05-09,Chicago,70.2,68.0,0.0,8.8
2020-05-10,Chicago,60.1,74.0,0.0,10.3
2020-05-11,Chicago,66.7,45.0,0.0,4.5
2020-05-12,Chicago,69.6,51.2,0.0,7.8
2020-05-13,Chicago,67.5,63.6,0.0,11.9
2020-05-14,Chicago,59.7,54.4,0.0,6.0
2020-05-15,Chicago,62.2,64.9,0.0,5.0
2020-05-16,Chicago,72.2,59.7,0.0,8.2
2020-05-17,Chicago,63.7,70.6,0.0,8.3
2020-05-18,Chicago,72.2,66.3,0.0,9.9
2020-05-19,Chicago,66.4,66.5,0.0,3.9
2020-05-20,Chicago,69.4,54.7,0.0,0.4
2020-05-21,Chicago,63.0,57.2,0.0,10.8
2020-05-22,Chicago,66.9,55.6,0.0,4.8
2020-05-23,Chicago,66.2,46.0,0.25,6.2
2020-05-24,Chicago,71.6,69.8,0.0,1.5
2020-05-25,Chicago,71.4,64.0,0.0,11.1
2020-05-26,Chicago,73.5,55.2,0.0,9.1
2020-05-27,Chicago,69.6,68.4,0.97,8.9
2020-05-28,Chicago,68.1,53.0,0.0,8.9
2020-05-29,Chicago,73.5,43.3,0.0,1.8
2020-05-30,Chicago,68.5,66.1,0.0,5.0
2020-05-31,Chicago,78.4,47.8,0.0,6.6
2020-06-01,Chicago,73.4,56.4,0.54,5.8
2020-06-02,Chicago,,59.6,0.0,7.2
2020-06-03,Chicago,76.8,61.1,0.0,8.7
2020-06-04,Chicago,74.7,64.8,0.0,11.0
2020-06-05,Chicago,68.0,62.6,0.0,3.6
2020-06-06,Chicago,71.0,62.4,0.0,8.0
2020-06-07,Chicago,80.9,51.7,0.0,10.1
2020-06-08,Chicago,76.9,60.4,0.0,5.2
2020-06-09,Chicago,69.3,46.0,0.0,7.4
2020-06-10,Chicago,78.8,70.5,0.0,9.4
2020-06-11,Chicago,75.0,46.8,0.0,8.0
2020-06-12,Chicago,73.9,55.2,0.0,10.0
2020-06-13,Chicago,73.0,47.4,0.0,8.3
2020-06-14,Chicago,83.0,52.2,0.0,7.1
2020-06-15,Chicago,69.9,58.1,0.0,4.5
2020-06-16,Chicago,75.3,53.8,0.0,8.7
2020-06-17,Chicago,79.9,67.2,0.0,8.3
2020-06-18,Chicago,86.7,59.8,0.0,5.0
2020-06-19,Chicago,82.4,54.3,0.0,9.7
2020-06-20,Chicago,76.3,56.9,0.0,11.8
2020-06-21,Chicago,87.3,67.8,0.0,6.0
2020-06-22,Chicago,74.5,65.3,0.0,5.8
2020-06-23,Chicago,82.1,48.9,0.0,5.7
2020-06-24,Chicago,83.3,52.6,0.0,3.0
2020-06-25,Chicago,77.4,61.8,0.0,14.0
2020-06-26,Chicago,84.7,60.8,0.0,6.7
2020-06-27,Chicago,79.4,49.6,0.0,5.4
2020-06-28,Chicago,85.1,64.0,0.0,4.6
2020-06-29,Chicago,73.8,50.9,0.0,6.8
2020-06-30,Chicago,83.8,68.4,0.0,5.9
2020-07-01,Chicago,80.6,62.2,0.0,12.3
2020-07-02,Chicago,87.8,48.9,0.0,4.3
2020-07-03,Chicago,82.6,53.8,0.0,3.4
2020-07-04,Chicago,88.6,53.6,0.0,9.7
2020-07-05,Chicago,85.3,59.3,0.0,7.7
2020-07-06,Chicago,82.6,56.4,0.35,7.3
2020-07-07,Chicago,86.9,48.8,0.0,9.7
2020-07-08,Chicago,87.0,46.8,0.25,8.4
2020-07-09,Chicago,85.6,62.4,0.0,7.9
2020-07-10,Chicago,73.3,60.3,0.56,3.8
2020-07-11,Chicago,79.3,58.8,0.0,3.0
2020-07-12,Chicago,90.0,60.2,0.0,5.9
2020-07-13,Chicago,78.2,53.0,0.0,4.7
2020-07-14,Chicago,87.8,59.5,0.0,8.8
2020-07-15,Chicago,87.1,78.3,0.0,2.6
2020-07-16,Chicago,80.7,67.4,0.0,6.7
2020-07-17,Chicago,75.0,55.7,0.0,7.5
2020-07-18,Chicago,81.4,53.8,0.0,7.9
2020-07-19,Chicago,93.4,35.1,0.0,9.2
2020-07-20,Chicago,80.1,66.5,0.0,7.0
2020-07-21,Chicago,80.4,64.3,0.0,6.0
2020-07-22,Chicago,79.5,53.6,0.0,11.7
2020-07-23,Chicago,89.4,46.5,0.22,7.0
2020-07-24,Chicago,82.8,48.8,0.0,12.3
2020-07-25,Chicago,81.0,61.6,0.0,7.0
2020-07-26,Chicago,90.2,57.3,0.0,8.0
2020-07-27,Chicago,86.3,63.5,0.0,7.6
2020-07-28,Chicago,79.5,58.7,0.0,8.7
2020-07-29,Chicago,78.1,65.7,0.0,6.7
2020-07-30,Chicago,88.7,61.0,0.0,8.3
2020-07-31,Chicago,83.5,64.6,0.0,12.6
2020-08-01,Chicago,76.3,41.3,0.0,11.1
2020-08-02,Chicago,75.1,48.1,0.0,11.2
2020-08-03,Chicago,78.0,55.1,0.48,4.0
2020-08-04,Chicago,77.3,66.6,0.0,4.5
2020-08-05,Chicago,73.5,73.0,0.0,8.7
2020-08-06,Chicago,77.6,56.7,0.0,10.3
2020-08-07,Chicago,78.3,53.1,0.0,6.4
2020-08-08,Chicago,80.2,42.4,0.0,5.9
2020-08-09,Chicago,89.7,64.9,0.0,12.2
2020-08-10,Chicago,80.7,53.6,0.0,10.1
2020-08-11,Chicago,80.9,81.7,0.0,11.2
2020-08-12,Chicago,83.8,52.1,0.0,6.7
2020-08-13,Chicago,80.2,74.8,0.0,6.4
2020-08-14,Chicago,82.8,64.0,0.0,10.8
2020-08-15,Chicago,82.1,49.8,0.0,7.2
2020-08-16,Chicago,81.1,59.9,0.0,6.2
2020-08-17,Chicago,92.8,64.2,0.0,5.3
2020-08-18,Chicago,84.1,56.2,0.0,6.5
2020-08-19,Chicago,74.9,64.7,0.0,10.6
2020-08-20,Chicago,81.2,64.5,0.0,3.5
2020-08-21,Chicago,75.7,62.8,0.0,9.9
2020-08-22,Chicago,80.9,57.9,0.77,5.9
2020-08-23,Chicago,72.5,48.6,0.0,7.4
2020-08-24,Chicago,73.4,57.4,0.0,7.6
2020-08-25,Chicago,79.6,59.4,0.0,7.3
2020-08-26,Chicago,82.2,43.0,0.0,7.1
2020-08-27,Chicago,79.6,59.4,0.0,6.7
2020-08-28,Chicago,80.9,57.2,0.0,6.3
2020-08-29,Chicago,78.4,47.6,0.0,12.0
2020-08-30,Chicago,77.1,55.3,0.0,8.1
2020-08-31,Chicago,73.7,55.5,0.0,7.6
2020-09-01,Chicago,79.3,73.4,0.66,6.1
2020-09-02,Chicago,79.9,59.8,0.0,6.8
2020-09-03,Chicago,74.6,66.3,0.0,6.1
2020-09-04,Chicago,74.0,57.1,0.0,10.3
2020-09-05,Chicago,81.3,43.0,0.0,5.7
2020-09-06,Chicago,73.7,63.4,0.0,1.3
2020-09-07,Chicago,73.7,52.7,0.0,8.2
2020-09-08,Chicago,75.1,55.3,0.0,7.2
2020-09-09,Chicago,72.1,49.6,0.0,6.2
2020-09-10,Chicago,68.4,58.6,0.0,10.7
2020-09-11,Chicago,73.4,66.5,0.0,0.0
2020-09-12,Chicago,71.1,65.5,0.0,12.7
2020-09-13,Chicago,79.1,70.7,0.46,11.2
2020-09-14,Chicago,73.9,71.8,0.0,6.1
2020-09-15,Chicago,67.3,41.6,0.0,6.6
2020-09-16,Chicago,72.8,48.5,0.0,9.5
2020-09-17,Chicago,70.4,43.5,0.0,9.6
2020-09-18,Chicago,74.5,63.1,1.16,6.1
2020-09-19,Chicago,65.8,52.5,0.0,3.1
2020-09-20,Chicago,68.5,54.1,0.0,14.3
2020-09-21,Chicago,66.7,56.3,0.0,10.9
2020-09-22,Chicago,67.0,61.1,0.0,8.5
2020-09-23,Chicago,62.2,46.1,0.0,8.5
2020-09-24,Chicago,68.3,47.9,0.0,9.9
2020-09-25,Chicago,67.1,58.0,0.0,10.2
2020-09-26,Chicago,70.5,67.6,0.0,1.7
2020-09-27,Chicago,64.2,57.8,0.0,6.9
2020-09-28,Chicago,61.9,51.7,0.0,6.6
2020-09-29,Chicago,66.8,40.8,0.0,7.5
2020-09-30,Chicago,59.2,65.6,0.0,10.3
2020-10-01,Chicago,67.1,52.1,0.0,2.6
2020-10-02,Chicago,66.6,48.8,0.0,4.0
2020-10-03,Chicago,66.9,44.3,0.0,6.0
2020-10-04,Chicago,62.4,46.5,0.0,8.5
2020-10-05,Chicago,58.0,50.3,0.0,10.5
2020-10-06,Chicago,60.2,56.1,0.0,12.9
2020-10-07,Chicago,60.9,48.3,0.0,7.1
2020-10-08,Chicago,56.1,59.5,0.0,10.5
2020-10-09,Chicago,64.1,56.0,0.66,10.1
2020-10-10,Chicago,60.2,75.8,0.0,9.6
2020-10-11,Chicago,53.0,44.4,1.12,7.9
2020-10-12,Chicago,65.0,59.3,0.0,6.8
2020-10-13,Chicago,56.4,59.4,0.0,4.8
2020-10-14,Chicago,50.5,49.8,0.0,4.6
2020-10-15,Chicago,51.2,58.8,0.0,9.0
2020-10-16,Chicago,61.1,64.2,0.0,7.8
2020-10-17,Chicago,62.1,58.8,0.0,6.8
2020-10-18,Chicago,57.9,69.1,0.0,10.0
2020-10-19,Chicago,58.7,40.6,0.0,7.4
2020-10-20,Chicago,57.7,51.3,1.48,5.3
2020-10-21,Chicago,54.2,69.8,0.0,7.2
2020-10-22,Chicago,52.7,65.3,0.0,10.5
2020-10-23,Chicago,53.1,62.3,0.0,4.9
2020-10-24,Chicago,53.4,67.9,0.0,8.6
2020-10-25,Chicago,46.3,42.7,0.0,7.8
2020-10-26,Chicago,52.4,64.4,0.0,5.7
2020-10-27,Chicago,55.1,66.5,0.0,7.1
2020-10-28,Chicago,47.1,52.7,0.02,3.3
2020-10-29,Chicago,46.1,79.0,0.0,8.3
2020-10-30,Chicago,49.1,59.6,0.0,3.9
2020-10-31,Chicago,43.5,40.5,0.99,11.2
2020-11-01,Chicago,40.0,61.1,0.0,7.7
2020-11-02,Chicago,50.6,52.2,0.0,6.3
2020-11-03,Chicago,42.9,67.3,0.0,11.5
2020-11-04,Chicago,44.5,62.4,0.0,4.9
2020-11-05,Chicago,41.1,53.2,0.0,5.8
2020-11-06,Chicago,49.1,70.0,0.0,2.5
2020-11-07,Chicago,46.7,65.5,0.0,11.9
2020-11-08,Chicago,41.3,51.4,0.0,13.6
2020-11-09,Chicago,36.5,56.8,0.0,3.0
2020-11-10,Chicago,39.8,62.1,0.0,5.6
2020-11-11,Chicago,43.4,55.1,0.71,8.2
2020-11-12,Chicago,41.2,55.3,0.0,6.5
2020-11-13,Chicago,40.4,58.3,0.0,7.9
2020-11-14,Chicago,40.4,49.5,0.0,7.6
2020-11-15,Chicago,42.3,40.1,0.89,9.2
2020-11-16,Chicago,38.3,59.9,1.34,5.1
2020-11-17,Chicago,40.0,42.1,0.0,8.6
2020-11-18,Chicago,33.1,50.1,0.0,4.7
2020-11-19,Chicago,48.6,43.8,0.0,6.8
2020-11-20,Chicago,35.3,44.8,0.0,2.8
2020-11-21,Chicago,37.1,61.4,0.0,6.8
2020-11-22,Chicago,38.3,56.2,0.0,6.3
2020-11-23,Chicago,33.4,55.9,0.35,10.8
2020-11-24,Chicago,34.9,47.5,0.0,7.8
2020-11-25,Chicago,34.4,52.8,0.0,8.4
2020-11-26,Chicago,29.9,61.0,0.0,7.9
2020-11-27,Chicago,35.5,57.6,0.0,1.6
2020-11-28,Chicago,25.7,64.6,0.0,2.0
2020-11-29,Chicago,40.6,65.7,0.0,7.0
2020-11-30,Chicago,35.9,56.0,0.0,8.8
2020-12-01,Chicago,34.8,43.2,0.0,7.3
2020-12-02,Chicago,23.8,51.9,0.0,5.4
2020-12-03,Chicago,27.6,57.2,0.66,7.3
2020-12-04,Chicago,37.1,51.8,0.0,7.0
2020-12-05,Chicago,49.1,49.6,0.0,10.3
2020-12-06,Chicago,35.5,58.6,0.0,10.2
2020-12-07,Chicago,34.4,77.4,0.0,6.3
2020-12-08,Chicago,31.7,54.1,0.0,7.9
2020-12-09,Chicago,25.2,58.0,0.0,8.8
2020-12-10,Chicago,,47.5,0.0,9.3
2020-12-11,Chicago,23.4,67.9,0.0,13.0
2020-12-12,Chicago,22.6,65.0,0.0,7.9
2020-12-13,Chicago,22.0,64.4,0.0,11.5
2020-12-14,Chicago,31.8,68.9,0.33,4.5
2020-12-15,Chicago,26.9,54.6,0.0,6.1
2020-12-16,Chicago,27.3,55.6,0.0,1.6
2020-12-17,Chicago,26.5,71.7,0.0,8.5
2020-12-18,Chicago,21.2,63.1,0.0,9.9
2020-12-19,Chicago,23.0,40.2,0.0,0.3
2020-12-20,Chicago,23.0,61.6,0.0,8.6
2020-12-21,Chicago,19.2,53.3,0.0,9.8
2020-12-22,Chicago,23.0,65.2,0.0,9.6
2020-12-23,Chicago,20.2,61.3,0.0,4.4
2020-12-24,Chicago,27.4,44.1,0.0,10.3
2020-12-25,Chicago,27.6,60.2,0.0,8.0
2020-12-26,Chicago,18.6,59.7,0.0,9.8
2020-12-27,Chicago,22.8,60.9,0.0,7.6
2020-12-28,Chicago,32.3,62.6,0.0,9.1
2020-12-29,Chicago,19.4,70.0,0.0,11.3
2020-12-30,Chicago,25.6,61.3,0.58,7.4
2020-12-31,Chicago,23.9,58.2,0.0,8.9
2021-01-01,Chicago,28.3,67.2,0.0,11.7
2021-01-02,Chicago,24.6,75.9,0.44,7.6
2021-01-03,Chicago,21.2,65.3,0.0,4.6
2021-01-04,Chicago,23.3,59.6,0.0,10.0
2021-01-05,Chicago,23.2,61.5,0.0,12.3
2021-01-06,Chicago,22.3,60.0,0.0,11.9
2021-01-07,Chicago,16.7,58.1,0.0,10.1
2021-01-08,Chicago,28.1,75.3,0.0,1.0
2021-01-09,Chicago,27.2,52.0,0.0,6.1
2021-01-10,Chicago,17.6,67.2,0.0,6.2
2021-01-11,Chicago,20.9,57.0,0.0,8.1
2021-01-12,Chicago,21.2,46.2,0.0,13.1
2021-01-13,Chicago,16.9,56.5,0.37,4.8
2021-01-14,Chicago,13.7,53.6,0.0,14.7
2021-01-15,Chicago,19.0,62.6,0.0,6.9
2021-01-16,Chicago,20.4,58.7,0.0,5.7
2021-01-17,Chicago,15.5,49.8,0.0,10.5
2021-01-18,Chicago,22.8,69.8,0.0,10.8
2021-01-19,Chicago,27.2,66.7,0.0,9.9
2021-01-20,Chicago,25.8,70.7,0.0,5.7
2021-01-21,Chicago,21.5,59.9,0.0,9.5
2021-01-22,Chicago,13.8,57.7,0.0,4.9
2021-01-23,Chicago,25.3,63.6,0.0,5.6
2021-01-24,Chicago,22.8,53.4,0.0,7.7
2021-01-25,Chicago,24.1,59.0,0.0,5.5
2021-01-26,Chicago,31.0,56.6,0.0,11.2
2021-01-27,Chicago,18.6,46.3,0.0,6.3
2021-01-28,Chicago,9.5,59.0,0.0,7.3
2021-01-29,Chicago,17.7,54.5,0.0,5.4
2021-01-30,Chicago,24.8,56.1,0.56,11.1
2021-01-31,Chicago,22.8,60.9,0.0,6.0
2021-02-01,Chicago,17.3,68.2,0.0,11.4
2021-02-02,Chicago,16.5,51.2,0.0,11.2
2021-02-03,Chicago,21.5,55.3,0.0,6.7
2021-02-04,Chicago,17.6,51.9,0.0,8.1
2021-02-05,Chicago,25.7,51.4,0.48,6.6
2021-02-06,Chicago,21.7,53.2,0.0,9.6
2021-02-07,Chicago,20.9,56.4,0.0,7.4
2021-02-08,Chicago,20.5,62.7,0.0,6.7
2021-02-09,Chicago,25.2,60.6,0.0,8.1
2021-02-10,Chicago,24.4,49.5,0.51,3.3
2021-02-11,Chicago,25.4,68.4,0.0,7.8
2021-02-12,Chicago,25.5,65.6,0.0,9.9
2021-02-13,Chicago,24.6,50.8,0.0,8.4
2021-02-14,Chicago,20.5,67.8,0.0,10.9
2021-02-15,Chicago,22.1,60.6,0.0,6.9
2021-02-16,Chicago,23.8,56.7,0.0,6.6
2021-02-17,Chicago,35.2,60.9,0.0,4.6
2021-02-18,Chicago,20.1,57.8,0.72,6.8
2021-02-19,Chicago,24.5,62.4,0.0,13.9
2021-02-20,Chicago,27.1,59.5,0.0,8.8
2021-02-21,Chicago,25.6,55.3,0.0,6.2
2021-02-22,Chicago,32.1,41.8,0.0,5.0
2021-02-23,Chicago,26.2,62.2,0.0,3.2
2021-02-24,Chicago,26.8,55.0,0.0,5.5
2021-02-25,Chicago,31.8,64.2,0.17,10.3
2021-02-26,Chicago,36.6,61.9,0.0,6.7
2021-02-27,Chicago,35.2,55.2,0.0,5.1
2021-02-28,Chicago,28.5,66.2,0.0,5.5
2021-03-01,Chicago,29.3,59.6,0.0,9.9
2021-03-02,Chicago,30.1,59.3,0.0,7.8
2021-03-03,Chicago,30.9,56.9,0.0,6.1
2021-03-04,Chicago,26.8,71.5,0.0,7.1
2021-03-05,Chicago,35.2,52.3,0.0,14.6
2021-03-06,Chicago,32.3,55.4,0.0,11.7
2021-03-07,Chicago,31.5,48.1,0.0,12.4
2021-03-08,Chicago,26.4,63.8,0.0,2.7
2021-03-09,Chicago,32.8,53.3,0.57,7.5
2021-03-10,Chicago,24.4,54.2,0.0,6.1
2021-03-11,Chicago,30.7,53.9,0.0,9.6
2021-03-12,Chicago,31.2,58.5,0.0,11.2
2021-03-13,Chicago,35.4,48.0,0.0,9.0
2021-03-14,Chicago,43.0,40.1,0.0,5.4
2021-03-15,Chicago,37.6,61.7,0.0,6.0
2021-03-16,Chicago,42.0,41.1,0.65,9.9
2021-03-17,Chicago,38.8,64.8,0.0,10.2
2021-03-18,Chicago,41.4,70.5,0.0,8.4
2021-03-19,Chicago,45.1,56.7,0.0,8.4
2021-03-20,Chicago,33.9,68.4,0.0,8.2
2021-03-21,Chicago,34.1,57.8,0.76,8.8
2021-03-22,Chicago,41.2,70.8,0.0,10.1
2021-03-23,Chicago,38.6,54.4,0.0,9.9
2021-03-24,Chicago,40.1,39.1,0.0,8.1
2021-03-25,Chicago,38.5,57.4,0.0,7.9
2021-03-26,Chicago,37.4,71.7,0.0,7.7
2021-03-27,Chicago,47.9,62.3,0.0,5.7
2021-03-28,Chicago,36.1,53.9,0.0,5.6
2021-03-29,Chicago,44.6,60.6,0.0,9.6
2021-03-30,Chicago,44.4,65.8,0.0,5.9
2021-03-31,Chicago,35.4,57.3,0.0,10.4
2021-04-01,Chicago,39.3,79.0,0.0,7.8
2021-04-02,Chicago,40.6,53.9,0.0,10.5
2021-04-03,Chicago,46.6,66.0,0.0,9.9
2021-04-04,Chicago,42.9,64.1,0.0,10.5
2021-04-05,Chicago,44.7,52.4,0.0,6.6
2021-04-06,Chicago,39.0,54.6,0.0,9.2
2021-04-07,Chicago,56.6,66.1,0.0,10.2
2021-04-08,Chicago,47.0,59.2,0.0,3.3
2021-04-09,Chicago,49.4,60.7,0.0,13.1
2021-04-10,Chicago,45.3,44.9,0.0,14.8
2021-04-11,Chicago,45.3,63.2,0.0,10.8
2021-04-12,Chicago,57.4,60.3,0.0,10.4
2021-04-13,Chicago,40.7,57.5,0.88,9.8
2021-04-14,Chicago,51.1,60.9,0.0,7.0
2021-04-15,Chicago,44.9,54.7,0.0,7.7
2021-04-16,Chicago,49.0,53.3,0.0,10.9
2021-04-17,Chicago,48.5,56.1,0.0,5.1
2021-04-18,Chicago,47.5,54.3,0.0,4.8
2021-04-19,Chicago,52.6,75.4,0.12,6.8
2021-04-20,Chicago,41.4,65.3,0.0,10.0
2021-04-21,Chicago,52.1,50.3,0.0,5.4
2021-04-22,Chicago,53.7,74.3,0.0,7.3
2021-04-23,Chicago,48.5,54.5,0.0,7.7
2021-04-24,Chicago,61.9,58.2,0.0,5.0
2021-04-25,Chicago,53.0,65.2,0.0,0.7
2021-04-26,Chicago,55.1,42.2,0.53,4.9
2021-04-27,Chicago,54.1,56.1,0.0,8.8
2021-04-28,Chicago,56.9,53.4,0.0,9.5
2021-04-29,Chicago,63.7,59.6,0.0,9.5
2021-04-30,Chicago,69.4,61.0,0.0,9.8
2021-05-01,Chicago,62.2,57.4,0.0,6.1
2021-05-02,Chicago,64.2,57.0,0.0,5.5
2021-05-03,Chicago,67.6,66.5,0.0,9.1
2021-05-04,Chicago,61.5,60.4,0.0,7.4
2021-05-05,Chicago,,58.3,0.08,10.7
2021-05-06,Chicago,65.0,59.2,0.0,9.1
2021-05-07,Chicago,62.6,72.7,0.0,11.9
2021-05-08,Chicago,64.0,59.4,0.0,6.6
2021-05-09,Chicago,54.8,53.9,0.0,11.2
2021-05-10,Chicago,64.8,42.7,0.46,14.1
2021-05-11,Chicago,57.0,46.5,0.0,8.2
2021-05-12,Chicago,57.1,54.3,0.0,9.5
2021-05-13,Chicago,65.8,57.1,0.0,5.2
2021-05-14,Chicago,60.4,53.6,0.0,10.7
2021-05-15,Chicago,65.9,60.8,0.15,11.4
2021-05-16,Chicago,67.0,53.5,0.0,6.5
2021-05-17,Chicago,67.7,50.7,0.0,9.8
2021-05-18,Chicago,63.3,62.9,0.0,8.8
2021-05-19,Chicago,71.9,69.0,0.2,9.2
2021-05-20,Chicago,67.9,49.1,0.0,10.4
2021-05-21,Chicago,70.7,59.9,0.0,9.6
2021-05-22,Chicago,63.8,42.8,0.0,7.6
2021-05-23,Chicago,68.9,46.2,0.0,10.5
2021-05-24,Chicago,75.1,53.3,0.88,11.3
2021-05-25,Chicago,74.9,67.1,0.0,6.3
2021-05-26,Chicago,67.4,51.8,0.0,8.0
2021-05-27,Chicago,69.0,51.5,0.0,2.7
2021-05-28,Chicago,67.4,58.3,0.0,9.8
2021-05-29,Chicago,69.3,58.3,0.0,11.7
2021-05-30,Chicago,66.4,51.7,0.0,7.2
2021-05-31,Chicago,72.5,73.9,0.0,8.4
2021-06-01,Chicago,76.3,55.9,0.0,7.3
2021-06-02,Chicago,70.4,58.9,0.0,6.8
2021-06-03,Chicago,73.9,54.8,0.0,8.7
2021-06-04,Chicago,73.7,61.5,0.64,5.6
2021-06-05,Chicago,79.8,67.9,0.0,7.3
2021-06-06,Chicago,72.7,71.3,0.4,5.3
2021-06-07,Chicago,73.2,51.9,0.0,9.8
2021-06-08,Chicago,72.3,66.8,0.0,8.7
2021-06-09,Chicago,71.4,62.4,0.0,6.7
2021-06-10,Chicago,79.2,65.8,0.0,8.1
2021-06-11,Chicago,76.6,57.3,0.0,7.3
2021-06-12,Chicago,77.8,56.5,0.0,11.4
2021-06-13,Chicago,83.6,65.5,0.0,6.7
2021-06-14,Chicago,84.1,65.6,0.0,9.9
2021-06-15,Chicago,71.0,70.5,0.74,5.9
2021-06-16,Chicago,81.7,59.6,0.18,10.4
2021-06-17,Chicago,80.1,57.1,0.0,11.1
2021-06-18,Chicago,77.3,38.3,0.0,11.3
2021-06-19,Chicago,81.1,45.1,0.0,12.4
2021-06-20,Chicago,72.1,54.8,0.0,8.9
2021-06-21,Chicago,86.7,49.2,0.0,11.7
2021-06-22,Chicago,82.7,64.5,1.55,12.9
2021-06-23,Chicago,76.7,47.5,0.0,4.6
2021-06-24,Chicago,78.2,54.0,0.0,6.2
2021-06-25,Chicago,73.4,54.3,0.0,3.5
2021-06-26,Chicago,79.9,67.6,0.05,11.2
2021-06-27,Chicago,79.4,53.1,0.0,3.5
2021-06-28,Chicago,75.8,61.6,0.0,2.7
2021-06-29,Chicago,85.4,59.6,0.0,4.7
2021-06-30,Chicago,87.9,65.2,0.0,2.8
2021-07-01,Chicago,82.2,64.8,0.0,8.8
2021-07-02,Chicago,81.1,57.7,0.0,4.7
2021-07-03,Chicago,84.6,44.4,0.0,2.9
2021-07-04,Chicago,82.7,56.1,0.0,7.9
2021-07-05,Chicago,78.1,57.8,0.0,8.1
2021-07-06,Chicago,80.1,60.3,0.0,2.4
2021-07-07,Chicago,81.9,52.1,0.0,5.9
2021-07-08,Chicago,84.4,67.1,0.0,7.8
2021-07-09,Chicago,83.5,58.1,0.0,6.9
2021-07-10,Chicago,84.5,50.6,0.0,7.0
2021-07-11,Chicago,76.7,54.3,0.0,11.5
2021-07-12,Chicago,86.7,73.4,0.88,14.4
2021-07-13,Chicago,83.8,63.3,0.0,7.1
2021-07-14,Chicago,95.3,66.4,0.0,4.0
2021-07-15,Chicago,82.1,49.7,0.0,7.3
2021-07-16,Chicago,85.4,52.5,0.0,8.6
2021-07-17,Chicago,96.7,52.5,0.0,7.8
2021-07-18,Chicago,84.8,59.5,0.0,9.8
2021-07-19,Chicago,83.7,56.6,0.0,14.6
2021-07-20,Chicago,79.6,54.1,0.0,2.9
2021-07-21,Chicago,90.9,55.1,1.29,6.5
2021-07-22,Chicago,78.8,51.6,0.0,12.6
2021-07-23,Chicago,85.9,56.6,0.0,6.4
2021-07-24,Chicago,81.8,66.9,0.0,10.4
2021-07-25,Chicago,83.0,45.9,0.0,9.9
2021-07-26,Chicago,77.4,60.8,0.0,11.7
2021-07-27,Chicago,89.8,69.0,0.0,13.7
2021-07-28,Chicago,82.5,56.5,0.0,9.0
2021-07-29,Chicago,78.2,53.8,0.0,2.8
2021-07-30,Chicago,89.2,65.4,0.0,5.9
2021-07-31,Chicago,81.2,50.1,0.0,14.6
2021-08-01,Chicago,84.9,57.8,0.0,3.8
2021-08-02,Chicago,87.1,49.7,0.0,9.5
2021-08-03,Chicago,85.3,43.0,0.0,0.5
2021-08-04,Chicago,73.1,56.8,0.36,3.9
2021-08-05,Chicago,86.0,47.9,0.0,10.7
2021-08-06,Chicago,82.3,57.9,0.0,8.1
2021-08-07,Chicago,81.1,66.9,0.0,6.9
2021-08-08,Chicago,81.9,72.8,0.0,5.6
2021-08-09,Chicago,75.0,58.7,0.0,2.0
2021-08-10,Chicago,82.9,66.2,0.0,10.1
2021-08-11,Chicago,75.7,61.2,0.0,7.2
2021-08-12,Chicago,80.4,54.9,0.31,3.4
2021-08-13,Chicago,82.2,42.6,0.0,8.1
2021-08-14,Chicago,86.1,71.0,0.42,9.7
2021-08-15,Chicago,77.3,49.6,0.0,7.4
2021-08-16,Chicago,87.3,69.1,0.0,8.3
2021-08-17,Chicago,84.8,62.3,0.0,8.1
2021-08-18,Chicago,78.4,50.2,0.0,5.9
2021-08-19,Chicago,75.1,60.5,1.14,8.2
2021-08-20,Chicago,73.3,75.1,0.0,10.2
2021-08-21,Chicago,80.7,70.3,0.0,11.1
2021-08-22,Chicago,75.9,53.9,0.0,10.4
2021-08-23,Chicago,84.3,52.3,0.0,6.0
2021-08-24,Chicago,75.6,58.8,0.0,9.9
2021-08-25,Chicago,74.3,56.7,0.0,9.4
2021-08-26,Chicago,79.1,67.6,0.0,5.9
2021-08-27,Chicago,74.6,63.9,0.3,6.6
2021-08-28,Chicago,77.4,44.5,0.0,10.0
2021-08-29,Chicago,81.5,61.7,0.0,12.1
2021-08-30,Chicago,77.2,56.6,0.0,2.6
2021-08-31,Chicago,76.9,58.3,0.0,12.9
2021-09-01,Chicago,76.9,60.0,0.0,11.5
2021-09-02,Chicago,68.0,67.6,0.0,8.6
2021-09-03,Chicago,77.0,65.8,0.48,7.3
2021-09-04,Chicago,75.6,52.0,0.0,9.2
2021-09-05,Chicago,78.5,57.5,0.0,6.1
2021-09-06,Chicago,76.9,54.4,0.0,7.5
2021-09-07,Chicago,72.8,44.5,0.0,3.6
2021-09-08,Chicago,78.0,57.1,0.0,2.8
2021-09-09,Chicago,71.6,72.8,0.0,15.0
2021-09-10,Chicago,73.6,44.3,0.0,8.2
2021-09-11,Chicago,70.7,57.8,0.0,8.6
2021-09-12,Chicago,73.8,57.6,0.0,7.9
2021-09-13,Chicago,69.6,60.3,0.0,5.5
2021-09-14,Chicago,78.2,50.3,0.23,7.1
2021-09-15,Chicago,79.5,46.6,0.0,8.3
2021-09-16,Chicago,73.9,47.0,0.0,7.4
2021-09-17,Chicago,76.4,68.6,0.0,5.7
2021-09-18,Chicago,62.1,50.1,0.0,9.4
2021-09-19,Chicago,62.2,54.0,0.0,8.6
2021-09-20,Chicago,66.7,74.8,0.0,9.2
2021-09-21,Chicago,67.8,52.1,1.63,10.1
2021-09-22,Chicago,66.3,60.7,0.0,7.5
2021-09-23,Chicago,59.3,66.5,0.0,7.5
2021-09-24,Chicago,71.4,66.1,0.0,12.4
2021-09-25,Chicago,75.4,47.3,0.0,5.2
2021-09-26,Chicago,71.0,52.3,0.0,2.4
2021-09-27,Chicago,69.6,60.4,0.0,9.7
2021-09-28,Chicago,65.3,73.4,0.0,6.1
2021-09-29,Chicago,60.0,51.9,0.0,4.8
2021-09-30,Chicago,63.6,54.1,0.0,10.7
2021-10-01,Chicago,72.2,61.4,1.06,7.6
2021-10-02,Chicago,60.7,63.0,0.0,4.2
2021-10-03,Chicago,59.7,63.4,0.0,13.8
2021-10-04,Chicago,66.2,51.2,0.0,3.2
2021-10-05,Chicago,66.0,53.7,0.0,7.7
2021-10-06,Chicago,56.4,59.7,0.14,2.3
2021-10-07,Chicago,58.5,68.1,0.0,8.8
2021-10-08,Chicago,56.9,56.1,0.59,6.1
2021-10-09,Chicago,58.9,57.8,0.0,10.5
2021-10-10,Chicago,63.1,49.8,0.0,7.9
2021-10-11,Chicago,54.0,72.9,0.0,12.1
2021-10-12,Chicago,62.0,59.2,0.0,6.7
2021-10-13,Chicago,57.0,66.6,0.0,3.2
2021-10-14,Chicago,66.5,58.2,0.0,8.7
2021-10-15,Chicago,56.9,58.7,0.0,7.2
2021-10-16,Chicago,,46.0,0.0,2.5
2021-10-17,Chicago,57.0,40.8,0.0,4.8
2021-10-18,Chicago,52.3,68.0,0.42,5.8
2021-10-19,Chicago,45.3,58.6,0.0,12.7
2021-10-20,Chicago,51.7,59.7,0.0,10.1
2021-10-21,Chicago,51.1,48.0,0.26,7.0
2021-10-22,Chicago,44.6,50.8,0.0,9.4
2021-10-23,Chicago,50.9,66.5,0.0,1.9
2021-10-24,Chicago,41.4,71.9,0.0,6.3
2021-10-25,Chicago,48.6,53.0,0.0,9.2
2021-10-26,Chicago,50.7,63.4,0.0,8.5
2021-10-27,Chicago,49.5,59.5,0.0,6.4
2021-10-28,Chicago,46.7,57.0,0.0,7.9
2021-10-29,Chicago,47.6,72.8,0.0,9.0
2021-10-30,Chicago,44.0,54.4,0.0,8.0
2021-10-31,Chicago,47.0,67.9,0.0,10.6
2021-11-01,Chicago,46.7,61.1,0.38,9.0
2021-11-02,Chicago,41.9,57.9,0.0,9.5
2021-11-03,Chicago,46.6,69.0,0.0,13.1
2021-11-04,Chicago,46.1,60.3,0.0,10.5
2021-11-05,Chicago,43.6,57.2,0.0,13.2
2021-11-06,Chicago,54.8,69.0,0.0,6.0
2021-11-07,Chicago,42.7,68.0,0.0,3.2
2021-11-08,Chicago,41.6,67.6,0.0,7.6
2021-11-09,Chicago,40.5,26.9,0.0,7.3
2021-11-10,Chicago,37.5,61.5,0.0,12.4
2021-11-11,Chicago,44.4,59.7,0.0,4.6
2021-11-12,Chicago,37.8,57.7,0.0,7.8
2021-11-13,Chicago,37.8,62.9,0.0,9.2
2021-11-14,Chicago,37.5,60.1,0.0,8.3
2021-11-15,Chicago,35.0,63.4,0.0,7.5
2021-11-16,Chicago,31.1,55.9,0.0,9.1
2021-11-17,Chicago,36.4,70.0,0.0,11.2
2021-11-18,Chicago,41.9,64.2,0.0,12.6
2021-11-19,Chicago,38.4,62.3,0.0,8.1
2021-11-20,Chicago,44.1,61.9,0.0,5.6
2021-11-21,Chicago,40.0,67.3,0.0,12.6
2021-11-22,Chicago,38.5,66.2,0.0,4.8
2021-11-23,Chicago,44.2,57.1,2.05,13.4
2021-11-24,Chicago,34.8,65.9,0.0,12.0
2021-11-25,Chicago,35.1,59.4,0.0,12.5
2021-11-26,Chicago,34.4,73.3,0.0,10.1
2021-11-27,Chicago,40.9,66.8,0.0,1.7
2021-11-28,Chicago,33.6,53.0,0.0,4.9
2021-11-29,Chicago,30.2,76.6,0.0,8.9
2021-11-30,Chicago,35.4,41.2,0.0,6.0
2021-12-01,Chicago,28.7,63.1,0.0,7.1
2021-12-02,Chicago,34.4,52.4,0.0,9.8
2021-12-03,Chicago,33.4,73.1,0.2,7.5
2021-12-04,Chicago,30.3,60.0,0.0,4.3
2021-12-05,Chicago,33.4,51.6,1.33,10.7
2021-12-06,Chicago,23.7,55.9,0.0,9.5
2021-12-07,Chicago,30.8,52.3,0.0,7.3
2021-12-08,Chicago,27.6,55.6,0.46,10.1
2021-12-09,Chicago,42.3,55.4,0.0,8.3
2021-12-10,Chicago,29.7,52.0,0.0,12.0
2021-12-11,Chicago,26.0,60.2,0.0,8.5
2021-12-12,Chicago,22.2,61.1,0.0,12.0
2021-12-13,Chicago,33.9,50.0,0.91,2.4
2021-12-14,Chicago,26.2,44.7,0.0,9.4
2021-12-15,Chicago,23.9,60.5,0.0,6.8
2021-12-16,Chicago,28.6,62.3,0.0,5.4
2021-12-17,Chicago,29.8,63.8,0.0,11.5
2021-12-18,Chicago,29.4,62.4,0.0,10.7
2021-12-19,Chicago,26.4,70.6,0.0,2.0
2021-12-20,Chicago,26.7,66.0,0.0,10.1
2021-12-21,Chicago,26.8,79.4,0.0,9.8
2021-12-22,Chicago,27.0,82.8,0.0,5.8
2021-12-23,Chicago,27.2,43.9,0.0,5.5
2021-12-24,Chicago,30.0,40.4,0.0,3.2
2021-12-25,Chicago,25.1,57.9,0.0,7.0
2021-12-26,Chicago,20.9,62.0,0.0,7.5
2021-12-27,Chicago,23.7,57.4,0.0,10.4
2021-12-28,Chicago,27.6,63.6,0.47,8.8
2021-12-29,Chicago,15.9,55.8,0.0,4.8
2021-12-30,Chicago,15.8,52.4,0.0,8.7
2021-12-31,Chicago,27.8,53.7,0.0,7.2
2022-01-01,Chicago,30.3,56.4,0.0,5.2
2022-01-02,Chicago,17.6,64.7,0.0,3.2
2022-01-03,Chicago,23.6,54.1,0.0,9.9
2022-01-04,Chicago,21.2,55.7,0.0,9.3
2022-01-05,Chicago,,62.6,0.0,9.7
2022-01-06,Chicago,24.1,56.4,0.0,5.8
2022-01-07,Chicago,16.8,66.9,0.0,8.5
2022-01-08,Chicago,17.5,50.6,0.0,3.9
2022-01-09,Chicago,21.1,48.9,0.0,5.0
2022-01-10,Chicago,21.7,60.4,0.1,8.1
2022-01-11,Chicago,17.2,61.2,0.0,8.8
2022-01-12,Chicago,25.8,51.1,0.0,3.1
2022-01-13,Chicago,20.3,68.7,0.0,4.8
2022-01-14,Chicago,20.2,73.4,0.0,6.9
2022-01-15,Chicago,23.3,53.0,0.0,10.9
2022-01-16,Chicago,21.5,69.9,0.0,5.6
2022-01-17,Chicago,25.8,38.9,0.0,8.4
2022-01-18,Chicago,17.8,66.6,0.0,8.7
2022-01-19,Chicago,15.7,51.1,0.0,7.3
2022-01-20,Chicago,20.6,65.8,0.0,8.8
2022-01-21,Chicago,22.3,50.3,0.0,4.0
2022-01-22,Chicago,16.5,57.5,0.0,6.0
2022-01-23,Chicago,15.8,51.5,0.0,12.3
2022-01-24,Chicago,22.9,56.3,0.0,12.5
2022-01-25,Chicago,18.8,72.6,0.0,10.5
2022-01-26,Chicago,15.7,57.1,0.0,11.3
2022-01-27,Chicago,26.7,74.9,0.0,2.5
2022-01-28,Chicago,19.6,54.9,0.0,5.2
2022-01-29,Chicago,27.7,69.9,0.0,7.1
2022-01-30,Chicago,22.7,45.0,0.0,15.2
2022-01-31,Chicago,24.0,55.7,0.0,7.1
2022-02-01,Chicago,21.9,53.7,0.0,10.2
2022-02-02,Chicago,,70.3,0.55,9.1
2022-02-03,Chicago,18.0,59.5,0.0,9.1
2022-02-04,Chicago,22.6,41.3,0.0,7.9
2022-02-05,Chicago,25.0,47.5,0.0,4.4
2022-02-06,Chicago,15.5,49.9,0.0,0.0
2022-02-07,Chicago,23.5,65.5,0.0,11.8
2022-02-08,Chicago,18.8,64.4,0.0,6.2
2022-02-09,Chicago,25.1,55.6,0.0,2.4
2022-02-10,Chicago,24.2,53.6,0.0,9.3
2022-02-11,Chicago,27.8,63.7,0.0,9.3
2022-02-12,Chicago,29.5,49.0,0.0,10.3
2022-02-13,Chicago,27.0,61.7,0.0,11.3
2022-02-14,Chicago,29.0,61.0,0.0,5.2
2022-02-15,Chicago,23.8,55.8,0.0,5.4
2022-02-16,Chicago,38.3,61.2,0.0,7.0
2022-02-17,Chicago,20.4,58.8,0.0,10.5
2022-02-18,Chicago,23.7,62.0,0.0,1.7
2022-02-19,Chicago,,47.3,0.0,8.4
2022-02-20,Chicago,30.1,62.9,0.0,10.8
2022-02-21,Chicago,29.1,66.2,0.0,10.7
2022-02-22,Chicago,30.3,60.6,0.0,10.1
2022-02-23,Chicago,18.2,62.8,0.0,11.2
2022-02-24,Chicago,35.0,57.1,0.0,0.0
2022-02-25,Chicago,27.3,65.1,0.0,12.8
2022-02-26,Chicago,34.1,58.5,0.0,9.0
2022-02-27,Chicago,19.7,48.8,0.0,12.0
2022-02-28,Chicago,30.3,64.6,0.0,4.5
2022-03-01,Chicago,27.0,44.9,0.0,2.7
2022-03-02,Chicago,32.4,60.3,0.0,13.4
2022-03-03,Chicago,31.6,54.9,0.0,5.2
2022-03-04,Chicago,32.2,54.4,0.49,7.1
2022-03-05,Chicago,26.2,59.4,0.14,9.6
2022-03-06,Chicago,31.1,52.3,0.0,10.3
2022-03-07,Chicago,30.9,62.1,0.0,11.2
2022-03-08,Chicago,34.3,58.5,0.0,8.7
2022-03-09,Chicago,37.0,53.1,0.0,4.8
2022-03-10,Chicago,33.6,68.7,0.0,10.1
2022-03-11,Chicago,27.6,59.6,0.17,10.2
2022-03-12,Chicago,34.2,63.0,0.0,2.6
2022-03-13,Chicago,45.9,69.3,0.0,12.3
2022-03-14,Chicago,42.0,69.2,0.41,0.5
2022-03-15,Chicago,21.6,62.6,0.0,11.1
2022-03-16,Chicago,35.7,55.6,0.0,6.1
2022-03-17,Chicago,40.1,46.6,0.0,10.1
2022-03-18,Chicago,35.5,59.7,0.0,9.5
2022-03-19,Chicago,34.7,66.8,0.0,7.9
2022-03-20,Chicago,36.0,60.8,0.0,9.4
2022-03-21,Chicago,40.2,30.4,0.0,7.7
2022-03-22,Chicago,33.0,65.0,0.86,10.1
2022-03-23,Chicago,44.0,65.5,0.0,14.6
2022-03-24,Chicago,38.9,55.6,0.0,4.0
2022-03-25,Chicago,35.4,65.9,0.0,0.0
2022-03-26,Chicago,,63.0,0.0,6.8
2022-03-27,Chicago,33.6,52.5,0.0,6.5
2022-03-28,Chicago,38.6,68.2,0.75,6.9
2022-03-29,Chicago,39.0,47.9,0.0,5.2
2022-03-30,Chicago,51.7,57.5,0.0,10.6
2022-03-31,Chicago,39.5,56.7,0.0,3.9
2022-04-01,Chicago,33.3,51.4,0.23,9.4
2022-04-02,Chicago,40.9,60.4,0.0,9.9
2022-04-03,Chicago,46.1,68.5,0.0,8.9
2022-04-04,Chicago,48.1,68.0,0.0,9.5
2022-04-05,Chicago,55.3,63.8,0.0,10.8
2022-04-06,Chicago,51.9,44.4,0.0,8.2
2022-04-07,Chicago,47.0,47.3,0.0,7.0
2022-04-08,Chicago,42.6,59.3,0.0,9.5
2022-04-09,Chicago,54.5,57.7,0.0,9.8
2022-04-10,Chicago,46.0,54.0,0.0,10.7
2022-04-11,Chicago,,73.2,0.0,2.9
2022-04-12,Chicago,46.9,58.8,0.0,7.4
2022-04-13,Chicago,43.6,62.3,0.0,4.8
2022-04-14,Chicago,47.7,65.9,0.0,9.7
2022-04-15,Chicago,49.3,58.4,0.0,10.2
2022-04-16,Chicago,54.2,78.7,0.0,7.2
2022-04-17,Chicago,49.7,50.5,0.0,5.8
2022-04-18,Chicago,46.2,53.2,0.83,9.8
2022-04-19,Chicago,45.2,50.5,0.0,7.6
2022-04-20,Chicago,53.9,70.5,0.0,12.3
2022-04-21,Chicago,53.9,64.4,0.0,13.3
2022-04-22,Chicago,51.6,53.6,0.0,11.0
2022-04-23,Chicago,52.5,51.1,0.0,8.7
2022-04-24,Chicago,56.9,69.1,0.0,13.5
2022-04-25,Chicago,61.9,60.9,0.0,8.7
2022-04-26,Chicago,52.7,69.3,0.76,6.6
2022-04-27,Chicago,57.1,57.5,0.0,6.0
2022-04-28,Chicago,61.6,62.1,0.0,5.9
2022-04-29,Chicago,,60.4,0.0,8.0
2022-04-30,Chicago,58.2,53.0,0.0,9.4
2022-05-01,Chicago,58.7,56.8,0.0,3.8
2022-05-02,Chicago,53.5,48.5,0.0,6.7
2022-05-03,Chicago,60.6,62.0,0.0,8.6
2022-05-04,Chicago,60.5,64.1,0.16,9.9
2022-05-05,Chicago,63.4,65.9,0.0,7.9
2022-05-06,Chicago,56.1,63.3,0.0,8.7
2022-05-07,Chicago,62.0,57.0,0.0,4.3
2022-05-08,Chicago,68.7,70.4,0.0,5.3
2022-05-09,Chicago,72.3,65.1,0.0,7.8
2022-05-10,Chicago,69.2,69.1,0.0,9.5
2022-05-11,Chicago,58.7,69.6,0.0,8.7
2022-05-12,Chicago,66.5,57.0,0.0,5.5
2022-05-13,Chicago,62.8,61.1,0.0,7.3
2022-05-14,Chicago,66.7,64.2,0.0,12.5
2022-05-15,Chicago,62.4,48.8,0.0,9.6
2022-05-16,Chicago,58.7,49.0,0.0,7.5
2022-05-17,Chicago,65.3,47.6,0.0,4.9
2022-05-18,Chicago,70.6,57.1,0.0,5.9
2022-05-19,Chicago,69.1,55.3,0.0,8.0
2022-05-20,Chicago,70.1,46.5,0.83,8.8
2022-05-21,Chicago,69.7,59.2,0.0,9.7
2022-05-22,Chicago,71.0,57.2,0.0,9.2
2022-05-23,Chicago,72.1,67.5,0.0,6.9
2022-05-24,Chicago,68.9,74.1,0.0,6.5
2022-05-25,Chicago,70.9,61.7,0.0,14.1
2022-05-26,Chicago,78.8,52.4,0.0,6.3
2022-05-27,Chicago,72.1,63.2,0.0,4.1
2022-05-28,Chicago,72.0,58.1,0.0,3.1
2022-05-29,Chicago,72.7,56.1,0.0,6.9
2022-05-30,Chicago,71.7,51.1,0.0,10.8
2022-05-31,Chicago,71.1,54.3,0.0,6.3
2022-06-01,Chicago,74.4,56.6,0.0,12.4
2022-06-02,Chicago,71.6,64.4,0.0,8.0
2022-06-03,Chicago,73.6,62.1,0.0,11.3
2022-06-04,Chicago,71.1,72.6,0.0,5.7
2022-06-05,Chicago,75.5,63.4,0.0,5.8
2022-06-06,Chicago,78.0,61.4,0.0,8.3
2022-06-07,Chicago,74.8,55.6,0.21,9.4
2022-06-08,Chicago,67.1,49.7,1.08,7.5
2022-06-09,Chicago,79.2,53.4,0.0,8.9
2022-06-10,Chicago,77.4,52.4,0.0,9.8
2022-06-11,Chicago,72.7,37.5,0.0,3.7
2022-06-12,Chicago,81.0,49.9,0.0,7.0
2022-06-13,Chicago,71.5,70.8,0.0,6.4
2022-06-14,Chicago,82.9,60.9,0.3,6.6
2022-06-15,Chicago,78.2,55.0,0.0,9.2
2022-06-16,Chicago,68.5,61.2,0.94,6.5
2022-06-17,Chicago,79.9,42.4,0.0,2.0
2022-06-18,Chicago,77.5,60.3,0.0,7.3
2022-06-19,Chicago,77.1,68.2,0.0,4.8
2022-06-20,Chicago,76.6,57.0,0.0,9.5
2022-06-21,Chicago,79.6,43.8,0.0,10.4
2022-06-22,Chicago,78.2,54.7,0.0,1.5
2022-06-23,Chicago,72.3,68.2,0.0,5.7
2022-06-24,Chicago,86.6,60.1,0.0,9.1
2022-06-25,Chicago,80.0,46.7,0.0,3.8
2022-06-26,Chicago,78.0,76.9,0.73,10.3
2022-06-27,Chicago,76.5,48.0,0.94,11.1
2022-06-28,Chicago,85.2,56.1,0.0,7.5
2022-06-29,Chicago,76.1,49.7,0.0,5.7
2022-06-30,Chicago,82.7,49.7,0.0,1.1
2022-07-01,Chicago,79.7,54.4,0.0,10.4
2022-07-02,Chicago,80.1,63.1,0.0,14.0
2022-07-03,Chicago,77.7,68.3,0.0,13.4
2022-07-04,Chicago,80.0,54.9,0.5,7.4
2022-07-05,Chicago,83.0,49.9,0.0,4.7
2022-07-06,Chicago,84.1,61.8,0.0,10.5
2022-07-07,Chicago,79.7,62.1,0.0,7.6
2022-07-08,Chicago,82.9,59.9,0.0,9.4
2022-07-09,Chicago,87.4,60.2,0.0,8.9
2022-07-10,Chicago,76.0,57.1,0.0,8.3
2022-07-11,Chicago,83.6,58.8,0.0,11.1
2022-07-12,Chicago,79.4,56.5,0.0,11.2
2022-07-13,Chicago,79.0,66.6,0.0,6.4
2022-07-14,Chicago,85.0,75.8,0.0,5.2
2022-07-15,Chicago,81.4,59.4,0.0,0.5
2022-07-16,Chicago,78.4,57.9,0.0,7.0
2022-07-17,Chicago,89.9,60.0,0.0,4.7
2022-07-18,Chicago,88.1,52.7,0.0,9.3
2022-07-19,Chicago,75.3,64.1,0.0,7.0
2022-07-20,Chicago,77.4,61.5,0.0,7.3
2022-07-21,Chicago,86.7,54.6,0.0,10.4
2022-07-22,Chicago,82.7,65.2,1.48,9.2
2022-07-23,Chicago,90.7,58.2,0.0,7.6
2022-07-24,Chicago,86.7,50.2,0.0,13.1
2022-07-25,Chicago,85.2,60.8,0.0,10.2
2022-07-26,Chicago,79.3,59.9,0.13,6.8
2022-07-27,Chicago,86.0,65.7,0.0,6.9
2022-07-28,Chicago,78.0,64.7,0.0,10.4
2022-07-29,Chicago,89.5,57.1,0.0,8.6
2022-07-30,Chicago,85.5,54.2,0.0,4.6
2022-07-31,Chicago,79.8,58.0,0.0,10.7
2022-08-01,Chicago,87.0,60.9,0.0,11.8
2022-08-02,Chicago,93.4,61.9,0.0,11.5
2022-08-03,Chicago,82.2,60.4,0.0,12.6
2022-08-04,Chicago,85.5,57.3,0.0,14.2
2022-08-05,Chicago,80.9,66.0,0.0,13.2
2022-08-06,Chicago,83.1,52.6,0.0,9.0
2022-08-07,Chicago,75.8,77.8,0.0,7.4
2022-08-08,Chicago,82.4,64.1,0.0,2.5
2022-08-09,Chicago,82.4,49.0,0.0,8.0
2022-08-10,Chicago,90.2,59.5,0.0,9.6
2022-08-11,Chicago,73.8,64.2,0.0,8.1
2022-08-12,Chicago,80.4,55.2,0.0,2.3
2022-08-13,Chicago,87.3,46.0,0.0,7.1
2022-08-14,Chicago,80.2,49.7,0.0,9.9
2022-08-15,Chicago,80.3,62.3,0.0,4.9
2022-08-16,Chicago,77.0,44.0,0.0,8.5
2022-08-17,Chicago,76.4,46.4,0.28,9.3
2022-08-18,Chicago,72.1,62.3,0.0,11.4
2022-08-19,Chicago,77.2,56.2,0.0,13.1
2022-08-20,Chicago,75.3,52.4,0.0,6.9
2022-08-21,Chicago,80.0,54.0,0.0,8.6
2022-08-22,Chicago,75.7,46.2,0.0,8.6
2022-08-23,Chicago,76.8,61.9,0.0,9.9
2022-08-24,Chicago,76.6,51.5,0.0,9.6
2022-08-25,Chicago,78.1,53.7,0.66,12.3
2022-08-26,Chicago,75.7,60.8,0.0,1.0
2022-08-27,Chicago,72.9,55.9,0.0,9.3
2022-08-28,Chicago,77.8,52.4,0.0,9.5
2022-08-29,Chicago,81.9,42.1,0.25,7.3
2022-08-30,Chicago,77.3,60.9,0.0,1.2
2022-08-31,Chicago,73.6,58.6,0.0,7.8
2022-09-01,Chicago,75.5,53.9,0.0,5.9
2022-09-02,Chicago,66.4,49.7,0.0,13.0
2022-09-03,Chicago,74.7,58.1,0.0,9.1
2022-09-04,Chicago,73.1,61.8,0.7,5.6
2022-09-05,Chicago,70.3,58.8,0.0,1.8
2022-09-06,Chicago,70.8,71.1,0.0,9.8
2022-09-07,Chicago,71.9,63.6,0.0,10.1
2022-09-08,Chicago,77.8,57.1,0.23,7.4
2022-09-09,Chicago,77.9,63.9,0.0,9.8
2022-09-10,Chicago,68.4,58.4,0.0,7.0
2022-09-11,Chicago,69.8,58.4,0.89,11.2
2022-09-12,Chicago,69.5,68.4,0.0,11.0
2022-09-13,Chicago,74.9,50.8,0.0,3.1
2022-09-14,Chicago,71.5,58.2,0.59,3.8
2022-09-15,Chicago,70.8,67.5,0.0,14.1
2022-09-16,Chicago,72.4,60.5,0.0,10.8
2022-09-17,Chicago,66.8,55.0,0.0,4.2
2022-09-18,Chicago,75.2,44.4,0.0,3.3
2022-09-19,Chicago,68.6,39.8,0.0,8.6
2022-09-20,Chicago,,74.6,0.0,4.6
2022-09-21,Chicago,66.6,60.5,0.0,7.0
2022-09-22,Chicago,72.7,53.3,0.0,7.9
2022-09-23,Chicago,64.8,60.8,0.52,7.7
2022-09-24,Chicago,70.5,50.4,0.0,11.4
2022-09-25,Chicago,62.9,55.4,0.0,13.5
2022-09-26,Chicago,61.8,50.5,0.0,6.6
2022-09-27,Chicago,67.7,46.7,0.0,4.6
2022-09-28,Chicago,60.3,41.2,0.0,9.2
2022-09-29,Chicago,67.5,45.2,0.0,12.9
2022-09-30,Chicago,64.9,66.2,0.16,6.8
2022-10-01,Chicago,58.8,50.1,0.0,10.6
2022-10-02,Chicago,61.9,62.3,0.0,5.5
2022-10-03,Chicago,59.3,65.7,0.0,8.1
2022-10-04,Chicago,62.8,58.1,0.0,4.5
2022-10-05,Chicago,69.2,55.6,0.0,8.0
2022-10-06,Chicago,58.5,59.1,0.0,7.7
2022-10-07,Chicago,62.1,54.7,0.0,9.8
2022-10-08,Chicago,59.3,67.6,0.0,13.3
2022-10-09,Chicago,58.7,73.0,0.13,6.8
2022-10-10,Chicago,57.4,69.6,0.0,2.0
2022-10-11,Chicago,53.7,40.8,0.0,7.4
2022-10-12,Chicago,58.6,54.5,0.0,8.9
2022-10-13,Chicago,55.2,58.0,0.0,8.6
2022-10-14,Chicago,51.9,61.7,0.0,7.5
2022-10-15,Chicago,60.0,44.2,0.0,12.5
2022-10-16,Chicago,55.4,44.1,0.0,8.4
2022-10-17,Chicago,53.4,68.5,0.0,7.7
2022-10-18,Chicago,59.9,53.5,0.0,5.7
2022-10-19,Chicago,45.1,46.1,0.0,2.8
2022-10-20,Chicago,58.5,49.2,0.0,9.0
2022-10-21,Chicago,48.3,61.1,0.0,8.7
2022-10-22,Chicago,52.7,51.4,0.0,4.8
2022-10-23,Chicago,48.6,59.9,0.0,7.9
2022-10-24,Chicago,46.5,50.2,0.0,7.6
2022-10-25,Chicago,56.1,44.0,0.0,6.1
2022-10-26,Chicago,58.0,69.4,0.0,5.6
2022-10-27,Chicago,48.1,61.2,0.0,9.2
2022-10-28,Chicago,50.1,55.3,0.0,7.3
2022-10-29,Chicago,48.3,53.8,0.0,6.2
2022-10-30,Chicago,55.3,69.7,0.0,5.4
2022-10-31,Chicago,37.5,62.7,0.0,7.6
2022-11-01,Chicago,48.1,67.2,0.0,10.8
2022-11-02,Chicago,42.7,53.3,0.0,8.6
2022-11-03,Chicago,34.8,58.4,0.0,7.3
2022-11-04,Chicago,43.3,61.2,0.21,8.9
2022-11-05,Chicago,52.7,53.6,0.0,12.1
2022-11-06,Chicago,40.9,57.2,0.0,9.5
2022-11-07,Chicago,46.9,53.3,0.0,8.8
2022-11-08,Chicago,48.3,61.2,0.0,9.9
2022-11-09,Chicago,42.3,47.4,0.0,7.5
2022-11-10,Chicago,42.4,62.6,0.0,8.6
2022-11-11,Chicago,33.6,60.5,0.0,6.5
2022-11-12,Chicago,37.6,56.4,0.0,3.3
2022-11-13,Chicago,44.5,61.6,0.0,9.0
2022-11-14,Chicago,40.2,55.1,0.0,9.0
2022-11-15,Chicago,41.1,52.6,0.0,7.1
2022-11-16,Chicago,39.5,62.3,0.0,11.1
2022-11-17,Chicago,48.3,62.7,0.0,5.8
2022-11-18,Chicago,36.1,53.9,0.0,2.7
2022-11-19,Chicago,44.8,53.3,0.28,5.9
2022-11-20,Chicago,37.7,56.5,0.0,3.4
2022-11-21,Chicago,44.2,53.6,0.0,9.0
2022-11-22,Chicago,30.7,70.2,0.0,5.7
2022-11-23,Chicago,36.5,60.5,0.0,11.0
2022-11-24,Chicago,33.5,58.1,0.0,10.9
2022-11-25,Chicago,35.5,50.5,0.0,5.2
2022-11-26,Chicago,39.9,63.9,0.0,5.6
2022-11-27,Chicago,35.7,53.1,0.0,9.6
2022-11-28,Chicago,39.1,52.8,0.0,10.9
2022-11-29,Chicago,30.1,64.2,0.0,2.0
2022-11-30,Chicago,29.0,61.1,0.0,8.8
2022-12-01,Chicago,32.4,38.0,0.0,1.4
2022-12-02,Chicago,31.8,56.7,0.0,6.4
2022-12-03,Chicago,30.7,59.0,0.4,11.3
2022-12-04,Chicago,26.9,55.3,0.0,17.0
2022-12-05,Chicago,36.2,59.3,0.58,7.3
2022-12-06,Chicago,28.8,43.5,0.0,4.3
2022-12-07,Chicago,36.5,35.4,0.0,6.5
2022-12-08,Chicago,29.8,50.2,0.0,8.2
2022-12-09,Chicago,32.3,60.3,0.0,6.0
2022-12-10,Chicago,31.5,32.2,0.51,5.2
2022-12-11,Chicago,25.0,51.3,0.0,6.7
2022-12-12,Chicago,30.0,42.6,0.0,9.2
2022-12-13,Chicago,36.7,56.1,0.0,7.5
2022-12-14,Chicago,28.9,73.7,0.0,5.4
2022-12-15,Chicago,31.5,56.3,0.0,6.0
2022-12-16,Chicago,30.3,57.1,0.0,6.8
2022-12-17,Chicago,28.2,64.7,0.0,5.0
2022-12-18,Chicago,27.4,58.2,0.0,5.9
2022-12-19,Chicago,28.8,56.3,0.0,9.9
2022-12-20,Chicago,29.5,65.4,0.0,7.3
2022-12-21,Chicago,19.7,61.8,0.0,2.7
2022-12-22,Chicago,26.6,60.3,0.0,11.1
2022-12-23,Chicago,24.4,56.9,0.0,9.3
2022-12-24,Chicago,23.3,55.2,0.0,3.9
2022-12-25,Chicago,30.6,65.3,0.6,6.9
2022-12-26,Chicago,21.3,55.3,0.0,5.6
2022-12-27,Chicago,18.1,67.9,0.0,10.0
2022-12-28,Chicago,27.8,49.6,0.0,6.9
2022-12-29,Chicago,17.6,69.5,0.0,7.8
2022-12-30,Chicago,15.1,61.8,0.0,7.4
2022-12-31,Chicago,27.7,50.3,0.0,3.6
2023-01-01,Chicago,24.1,62.1,0.0,12.2
2023-01-02,Chicago,25.4,52.8,0.0,10.0
2023-01-03,Chicago,21.1,58.3,0.0,5.8
2023-01-04,Chicago,16.8,54.1,0.0,8.6
2023-01-05,Chicago,17.5,56.9,0.0,10.9
2023-01-06,Chicago,21.5,65.5,0.0,8.2
2023-01-07,Chicago,16.9,62.1,1.0,12.7
2023-01-08,Chicago,23.9,49.0,0.0,16.8
2023-01-09,Chicago,20.3,49.5,0.0,7.6
2023-01-10,Chicago,23.2,60.2,0.0,6.3
2023-01-11,Chicago,23.0,60.7,0.0,5.0
2023-01-12,Chicago,23.9,52.6,0.6,1.4
2023-01-13,Chicago,24.4,70.7,0.0,11.7
2023-01-14,Chicago,20.6,64.5,0.0,6.9
2023-01-15,Chicago,22.9,53.0,0.0,10.6
2023-01-16,Chicago,23.1,52.2,0.0,11.2
2023-01-17,Chicago,11.1,56.2,0.0,4.8
2023-01-18,Chicago,24.9,55.3,0.0,5.2
2023-01-19,Chicago,22.7,68.0,0.0,13.2
2023-01-20,Chicago,24.5,65.9,0.0,7.8
2023-01-21,Chicago,16.2,58.3,0.0,6.0
2023-01-22,Chicago,20.6,63.4,0.0,4.9
2023-01-23,Chicago,17.2,64.6,0.64,7.6
2023-01-24,Chicago,25.5,58.5,0.0,12.5
2023-01-25,Chicago,15.9,61.2,0.0,10.1
2023-01-26,Chicago,18.1,62.8,0.0,8.5
2023-01-27,Chicago,24.7,61.9,0.0,12.8
2023-01-28,Chicago,19.6,51.8,0.0,12.2
2023-01-29,Chicago,18.3,52.6,0.0,9.0
2023-01-30,Chicago,26.7,55.7,0.0,16.3
2023-01-31,Chicago,27.0,52.3,0.0,7.3
2023-02-01,Chicago,26.1,46.2,0.0,11.3
2023-02-02,Chicago,26.8,63.4,0.0,6.8
2023-02-03,Chicago,22.0,60.8,0.0,10.7
2023-02-04,Chicago,22.3,47.3,0.0,7.3
2023-02-05,Chicago,20.4,56.1,0.0,9.4
2023-02-06,Chicago,24.3,56.5,0.0,15.2
2023-02-07,Chicago,21.3,59.5,0.0,10.9
2023-02-08,Chicago,21.9,49.3,0.0,9.4
2023-02-09,Chicago,26.8,47.2,0.0,5.7
2023-02-10,Chicago,29.6,62.2,0.0,8.6
2023-02-11,Chicago,26.3,45.7,0.0,5.0
2023-02-12,Chicago,32.7,56.1,0.0,10.7
2023-02-13,Chicago,21.7,55.4,0.0,10.6
2023-02-14,Chicago,16.9,57.0,0.0,7.5
2023-02-15,Chicago,28.6,60.0,0.0,13.0
2023-02-16,Chicago,22.1,70.8,0.0,12.6
2023-02-17,Chicago,24.6,45.2,0.0,8.4
2023-02-18,Chicago,18.2,65.0,0.0,9.7
2023-02-19,Chicago,22.3,37.9,0.0,6.2
2023-02-20,Chicago,19.9,69.1,0.0,7.2
2023-02-21,Chicago,25.0,41.7,0.0,4.8
2023-02-22,Chicago,25.5,77.5,0.0,6.6
2023-02-23,Chicago,28.0,54.9,0.0,7.7
2023-02-24,Chicago,33.4,68.3,0.0,3.0
2023-02-25,Chicago,31.2,66.7,0.0,9.7
2023-02-26,Chicago,21.2,54.5,0.0,11.1
2023-02-27,Chicago,31.6,55.1,0.43,8.0
2023-02-28,Chicago,29.7,51.3,0.0,0.0
2023-03-01,Chicago,29.1,64.3,0.0,7.2
2023-03-02,Chicago,29.8,54.6,0.0,3.8
2023-03-03,Chicago,31.1,51.4,0.0,6.2
2023-03-04,Chicago,27.5,62.3,0.0,12.4
2023-03-05,Chicago,30.1,50.8,0.0,0.7
2023-03-06,Chicago,36.7,55.4,0.0,5.6
2023-03-07,Chicago,28.5,58.9,0.0,10.5
2023-03-08,Chicago,27.5,52.9,0.0,5.9
2023-03-09,Chicago,32.2,54.1,0.0,5.7
2023-03-10,Chicago,27.8,70.3,0.0,14.1
2023-03-11,Chicago,25.6,56.4,0.0,9.1
2023-03-12,Chicago,32.2,55.1,0.0,10.8
2023-03-13,Chicago,40.7,56.6,0.0,9.5
2023-03-14,Chicago,34.4,61.6,0.0,8.5
2023-03-15,Chicago,35.8,49.7,0.0,11.8
2023-03-16,Chicago,25.9,61.4,0.0,13.7
2023-03-17,Chicago,37.9,60.0,0.0,2.9
2023-03-18,Chicago,36.8,43.7,0.0,7.9
2023-03-19,Chicago,33.8,72.4,0.0,7.9
2023-03-20,Chicago,38.1,69.7,0.0,6.7
2023-03-21,Chicago,38.5,51.6,0.0,10.9
2023-03-22,Chicago,33.4,49.0,0.0,8.8
2023-03-23,Chicago,40.1,59.8,0.0,13.8
2023-03-24,Chicago,44.5,46.6,0.23,11.3
2023-03-25,Chicago,38.6,68.9,0.0,12.1
2023-03-26,Chicago,36.2,54.3,0.0,4.4
2023-03-27,Chicago,39.8,71.0,0.0,5.6
2023-03-28,Chicago,44.9,51.4,0.0,5.8
2023-03-29,Chicago,36.0,57.1,0.0,12.0
2023-03-30,Chicago,44.6,68.1,0.0,5.1
2023-03-31,Chicago,39.5,55.4,0.0,5.2
2023-04-01,Chicago,44.1,60.2,0.0,4.6
2023-04-02,Chicago,41.0,66.7,0.29,16.3
2023-04-03,Chicago,41.5,53.6,0.0,7.6
2023-04-04,Chicago,51.4,47.9,0.0,9.6
2023-04-05,Chicago,38.7,46.3,0.0,4.6
2023-04-06,Chicago,47.8,62.7,0.0,10.9
2023-04-07,Chicago,53.9,61.1,0.0,2.7
2023-04-08,Chicago,49.7,66.5,0.0,5.1
2023-04-09,Chicago,41.2,55.8,0.0,5.8
2023-04-10,Chicago,41.9,46.6,0.0,8.7
2023-04-11,Chicago,44.8,39.2,0.0,5.6
2023-04-12,Chicago,49.5,80.9,0.0,12.6
2023-04-13,Chicago,50.3,62.2,0.0,9.5
2023-04-14,Chicago,44.1,59.1,0.0,5.9
2023-04-15,Chicago,46.4,60.2,0.0,11.0
2023-04-16,Chicago,47.2,46.5,0.0,6.8
2023-04-17,Chicago,50.6,51.6,0.0,6.2
2023-04-18,Chicago,60.9,71.9,0.0,10.7
2023-04-19,Chicago,48.3,63.3,0.0,0.6
2023-04-20,Chicago,48.6,51.9,0.0,10.2
2023-04-21,Chicago,48.4,48.2,0.0,5.9
2023-04-22,Chicago,56.9,53.9,0.0,5.9
2023-04-23,Chicago,54.4,55.5,0.0,13.9
2023-04-24,Chicago,51.1,74.4,0.0,6.4
2023-04-25,Chicago,54.0,56.5,0.0,10.9
2023-04-26,Chicago,52.6,48.5,0.0,8.8
2023-04-27,Chicago,58.1,57.5,0.0,9.1
2023-04-28,Chicago,69.3,60.1,0.0,7.2
2023-04-29,Chicago,60.3,47.8,0.0,7.1
2023-04-30,Chicago,57.9,61.2,1.16,12.6
2023-05-01,Chicago,55.8,67.7,0.0,10.8
2023-05-02,Chicago,53.3,59.1,0.0,6.5
2023-05-03,Chicago,63.2,51.6,0.0,4.9
2023-05-04,Chicago,63.5,53.8,0.0,6.2
2023-05-05,Chicago,58.8,44.7,0.0,10.9
2023-05-06,Chicago,66.9,56.9,0.0,11.5
2023-05-07,Chicago,62.0,60.5,0.0,9.7
2023-05-08,Chicago,65.9,50.8,0.0,3.1
2023-05-09,Chicago,64.3,73.5,0.0,10.3
2023-05-10,Chicago,62.7,64.3,0.0,11.9
2023-05-11,Chicago,59.7,43.7,0.0,8.5
2023-05-12,Chicago,63.8,43.8,0.0,13.9
2023-05-13,Chicago,68.7,50.1,0.0,4.0
2023-05-14,Chicago,63.2,70.6,0.0,10.1
2023-05-15,Chicago,67.9,65.1,0.0,4.9
2023-05-16,Chicago,61.5,71.0,0.0,11.2
2023-05-17,Chicago,70.4,58.1,0.0,9.8
2023-05-18,Chicago,68.8,56.3,0.0,13.4
2023-05-19,Chicago,62.4,48.0,0.0,9.5
2023-05-20,Chicago,67.3,60.8,0.0,6.8
2023-05-21,Chicago,73.0,56.4,0.0,6.5
2023-05-22,Chicago,63.6,56.1,0.0,7.2
2023-05-23,Chicago,64.8,70.9,0.0,6.5
2023-05-24,Chicago,69.8,57.0,0.0,12.0
2023-05-25,Chicago,80.2,68.6,0.0,11.8
2023-05-26,Chicago,68.0,45.3,0.0,3.5
2023-05-27,Chicago,73.7,79.5,0.0,8.1
2023-05-28,Chicago,73.0,55.0,0.0,8.2
2023-05-29,Chicago,69.6,63.7,0.0,5.7
2023-05-30,Chicago,73.4,64.9,0.0,9.3
2023-05-31,Chicago,71.1,54.0,0.0,12.4
2023-06-01,Chicago,71.9,64.6,0.86,10.7
2023-06-02,Chicago,66.4,65.0,0.0,12.0
2023-06-03,Chicago,74.2,52.3,0.0,5.8
2023-06-04,Chicago,78.7,52.4,0.0,8.1
2023-06-05,Chicago,75.3,58.4,0.11,5.7
2023-06-06,Chicago,80.3,57.1,1.18,8.7
2023-06-07,Chicago,78.4,69.1,0.96,9.0
2023-06-08,Chicago,75.9,63.6,0.0,10.9
2023-06-09,Chicago,73.7,57.4,0.0,11.9
2023-06-10,Chicago,74.7,62.8,0.0,10.1
2023-06-11,Chicago,70.6,41.6,0.0,5.4
2023-06-12,Chicago,76.3,53.1,0.0,3.9
2023-06-13,Chicago,78.5,60.3,0.0,9.6
2023-06-14,Chicago,85.9,66.9,0.0,12.5
2023-06-15,Chicago,80.8,59.6,0.0,7.9
2023-06-16,Chicago,74.9,69.7,0.0,3.4
2023-06-17,Chicago,72.6,64.9,0.0,14.3
2023-06-18,Chicago,78.4,54.1,0.0,9.5
2023-06-19,Chicago,83.3,56.9,0.0,8.5
2023-06-20,Chicago,78.9,61.3,0.0,4.5
2023-06-21,Chicago,82.6,54.4,0.0,8.0
2023-06-22,Chicago,79.6,70.3,0.0,10.1
2023-06-23,Chicago,83.9,49.1,0.0,9.5
2023-06-24,Chicago,73.7,60.5,0.0,6.0
2023-06-25,Chicago,88.3,63.9,0.0,7.8
2023-06-26,Chicago,76.3,55.5,0.0,6.2
2023-06-27,Chicago,85.1,53.7,0.0,13.0
2023-06-28,Chicago,80.5,57.4,0.0,10.7
2023-06-29,Chicago,81.4,64.5,0.0,6.4
2023-06-30,Chicago,81.0,54.0,0.0,4.5
2023-07-01,Chicago,83.5,49.4,0.0,8.8
2023-07-02,Chicago,84.5,67.2,0.0,6.5
2023-07-03,Chicago,87.4,61.2,1.28,6.7
2023-07-04,Chicago,89.1,66.1,0.0,4.6
2023-07-05,Chicago,84.4,64.1,0.0,5.0
2023-07-06,Chicago,90.8,75.4,0.0,8.5
2023-07-07,Chicago,83.6,66.9,0.88,7.2
2023-07-08,Chicago,88.2,52.2,0.0,15.5
2023-07-09,Chicago,85.3,61.8,0.0,9.8
2023-07-10,Chicago,81.0,53.5,0.11,4.5
2023-07-11,Chicago,84.4,54.4,0.0,3.4
2023-07-12,Chicago,85.9,46.7,0.0,9.2
2023-07-13,Chicago,83.6,55.7,0.0,6.8
2023-07-14,Chicago,85.7,62.4,0.0,12.0
2023-07-15,Chicago,87.8,57.5,0.0,8.8
2023-07-16,Chicago,83.8,49.2,0.0,2.1
2023-07-17,Chicago,70.7,45.8,1.05,4.9
2023-07-18,Chicago,91.5,74.9,0.0,6.0
2023-07-19,Chicago,82.7,60.6,0.0,9.3
2023-07-20,Chicago,80.3,51.4,0.0,4.8
2023-07-21,Chicago,78.9,61.7,0.0,8.5
2023-07-22,Chicago,82.5,75.5,0.0,4.0
2023-07-23,Chicago,81.4,63.0,0.0,8.0
2023-07-24,Chicago,80.6,35.7,0.41,9.1
2023-07-25,Chicago,80.8,79.2,0.48,12.4
2023-07-26,Chicago,86.2,43.2,0.0,8.7
2023-07-27,Chicago,92.9,56.4,0.27,5.5
2023-07-28,Chicago,87.4,48.9,0.0,12.5
2023-07-29,Chicago,88.7,52.1,0.0,7.5
2023-07-30,Chicago,81.9,60.3,0.09,10.3
2023-07-31,Chicago,83.9,41.4,0.0,6.2
2023-08-01,Chicago,85.3,57.3,0.0,8.3
2023-08-02,Chicago,80.3,67.2,0.58,5.6
2023-08-03,Chicago,81.2,51.3,0.0,9.0
2023-08-04,Chicago,86.9,46.9,0.0,10.4
2023-08-05,Chicago,87.8,56.9,0.0,6.5
2023-08-06,Chicago,83.0,55.3,0.0,6.3
2023-08-07,Chicago,77.2,53.2,0.0,9.1
2023-08-08,Chicago,81.1,48.5,0.0,5.5
2023-08-09,Chicago,75.8,62.2,0.0,3.4
2023-08-10,Chicago,82.4,62.8,0.0,9.1
2023-08-11,Chicago,83.0,49.5,0.0,7.7
2023-08-12,Chicago,80.5,50.6,0.0,7.6
2023-08-13,Chicago,82.5,59.1,0.0,9.6
2023-08-14,Chicago,83.1,50.3,0.0,10.0
2023-08-15,Chicago,82.2,59.4,0.0,7.5
2023-08-16,Chicago,75.4,69.7,0.0,4.6
2023-08-17,Chicago,79.4,57.5,0.0,6.1
2023-08-18,Chicago,82.1,48.3,0.0,9.8
2023-08-19,Chicago,87.1,61.1,0.0,8.4
2023-08-20,Chicago,78.6,56.6,0.0,6.4
2023-08-21,Chicago,82.0,56.8,0.0,5.6
2023-08-22,Chicago,83.2,61.8,0.0,9.9
2023-08-23,Chicago,78.1,63.5,0.0,7.3
2023-08-24,Chicago,83.8,58.3,0.0,10.3
2023-08-25,Chicago,83.7,57.5,0.51,10.6
2023-08-26,Chicago,84.2,74.5,0.0,7.1
2023-08-27,Chicago,79.8,67.6,0.0,10.8
2023-08-28,Chicago,88.0,64.7,0.0,8.4
2023-08-29,Chicago,74.3,59.0,0.0,8.8
2023-08-30,Chicago,86.3,50.0,0.0,1.4
2023-08-31,Chicago,79.8,67.0,0.0,5.1
2023-09-01,Chicago,82.0,59.2,0.0,5.2
2023-09-02,Chicago,74.2,53.4,0.0,7.0
2023-09-03,Chicago,79.1,56.1,0.0,8.3
2023-09-04,Chicago,81.3,50.3,0.0,8.5
2023-09-05,Chicago,69.6,66.5,0.0,8.9
2023-09-06,Chicago,73.4,63.5,0.0,5.9
2023-09-07,Chicago,64.1,59.5,0.0,10.1
2023-09-08,Chicago,72.5,57.7,0.0,13.4
2023-09-09,Chicago,69.3,52.6,0.0,6.9
2023-09-10,Chicago,71.6,41.0,0.46,6.0
2023-09-11,Chicago,85.3,46.7,0.0,5.9
2023-09-12,Chicago,79.4,52.1,0.0,8.3
2023-09-13,Chicago,64.8,50.9,0.0,6.4
2023-09-14,Chicago,73.3,60.3,0.0,2.8
2023-09-15,Chicago,74.0,64.5,0.24,3.6
2023-09-16,Chicago,68.4,57.0,0.64,11.1
2023-09-17,Chicago,70.3,69.3,0.0,11.8
2023-09-18,Chicago,70.3,51.7,0.99,12.8
2023-09-19,Chicago,62.5,56.9,0.0,8.7
2023-09-20,Chicago,63.5,57.6,0.0,5.0
2023-09-21,Chicago,68.4,66.7,0.0,6.7
2023-09-22,Chicago,67.6,58.8,0.0,3.5
2023-09-23,Chicago,63.5,59.1,0.0,3.4
2023-09-24,Chicago,62.7,44.8,0.0,8.8
2023-09-25,Chicago,65.3,50.8,0.0,9.6
2023-09-26,Chicago,69.2,66.8,0.0,13.9
2023-09-27,Chicago,64.4,41.4,0.0,7.8
2023-09-28,Chicago,71.6,68.7,0.0,3.9
2023-09-29,Chicago,60.6,62.0,0.0,7.6
2023-09-30,Chicago,64.1,52.0,0.0,7.2
2023-10-01,Chicago,61.2,51.3,0.0,6.5
2023-10-02,Chicago,64.9,73.2,0.0,9.0
2023-10-03,Chicago,58.2,69.3,0.0,4.4
2023-10-04,Chicago,69.9,57.0,0.0,8.4
2023-10-05,Chicago,53.1,59.1,0.0,10.0
2023-10-06,Chicago,67.9,52.8,0.0,12.3
2023-10-07,Chicago,60.1,59.1,0.0,8.9
2023-10-08,Chicago,61.6,52.6,0.0,11.1
2023-10-09,Chicago,64.6,57.4,0.0,6.7
2023-10-10,Chicago,62.0,72.5,0.84,7.1
2023-10-11,Chicago,54.3,57.2,0.0,12.0
2023-10-12,Chicago,59.8,49.6,0.0,3.9
2023-10-13,Chicago,64.9,47.1,0.0,6.8
2023-10-14,Chicago,52.0,59.0,0.0,11.4
2023-10-15,Chicago,65.0,51.9,0.0,7.4
2023-10-16,Chicago,56.7,60.0,0.31,7.1
2023-10-17,Chicago,52.4,45.0,0.0,7.2
2023-10-18,Chicago,49.8,63.5,0.0,8.4
2023-10-19,Chicago,52.3,49.5,0.0,11.3
2023-10-20,Chicago,44.0,58.4,0.0,10.8
2023-10-21,Chicago,50.4,55.3,0.0,8.0
2023-10-22,Chicago,50.6,71.7,0.0,11.3
2023-10-23,Chicago,46.4,59.4,0.0,9.0
2023-10-24,Chicago,54.0,73.6,0.0,10.6
2023-10-25,Chicago,49.2,62.5,0.0,4.9
2023-10-26,Chicago,46.7,69.4,0.0,13.2
2023-10-27,Chicago,47.6,56.3,0.0,8.7
2023-10-28,Chicago,50.1,60.8,0.0,0.0
2023-10-29,Chicago,48.4,67.7,0.0,13.0
2023-10-30,Chicago,44.3,65.2,0.0,8.0
2023-10-31,Chicago,47.5,62.2,0.0,6.8
2023-11-01,Chicago,46.2,55.4,0.0,6.2
2023-11-02,Chicago,40.8,56.7,0.0,9.3
2023-11-03,Chicago,44.1,67.1,0.0,5.3
2023-11-04,Chicago,47.5,68.8,0.0,6.3
2023-11-05,Chicago,47.0,53.3,0.0,6.3
2023-11-06,Chicago,42.8,52.0,0.0,7.1
2023-11-07,Chicago,46.4,50.8,0.0,6.5
2023-11-08,Chicago,38.4,64.6,0.0,10.6
2023-11-09,Chicago,38.1,50.6,0.0,8.8
2023-11-10,Chicago,40.7,64.5,0.0,9.2
2023-11-11,Chicago,48.1,62.4,0.0,9.8
2023-11-12,Chicago,41.6,53.6,0.0,7.7
2023-11-13,Chicago,39.1,70.5,0.0,4.9
2023-11-14,Chicago,46.8,46.3,0.0,13.4
2023-11-15,Chicago,38.1,71.3,0.0,10.8
2023-11-16,Chicago,49.0,60.6,0.0,12.8
2023-11-17,Chicago,36.2,41.4,0.0,11.1
2023-11-18,Chicago,33.4,70.7,0.0,6.6
2023-11-19,Chicago,36.8,65.8,0.0,1.0
2023-11-20,Chicago,35.9,54.6,0.0,4.3
2023-11-21,Chicago,33.0,50.3,0.0,9.9
2023-11-22,Chicago,47.9,45.4,0.0,7.7
2023-11-23,Chicago,37.2,77.3,0.0,6.7
2023-11-24,Chicago,37.4,50.6,0.0,0.5
2023-11-25,Chicago,32.8,47.9,0.0,8.0
2023-11-26,Chicago,31.8,60.1,0.5,4.8
2023-11-27,Chicago,38.6,44.9,0.0,5.8
2023-11-28,Chicago,26.0,50.1,0.0,10.6
2023-11-29,Chicago,28.0,66.0,0.0,4.9
2023-11-30,Chicago,31.6,61.7,0.0,5.2
2023-12-01,Chicago,38.4,54.9,0.0,8.6
2023-12-02,Chicago,30.3,58.1,0.0,10.6
2023-12-03,Chicago,33.4,54.5,0.0,6.8
2023-12-04,Chicago,31.3,57.5,0.0,12.4
2023-12-05,Chicago,36.6,51.9,0.0,4.2
2023-12-06,Chicago,23.3,53.4,0.0,3.6
2023-12-07,Chicago,33.4,53.1,0.0,3.4
2023-12-08,Chicago,28.8,52.2,0.0,3.0
2023-12-09,Chicago,33.5,66.4,0.0,9.0
2023-12-10,Chicago,25.3,64.2,0.0,5.1
2023-12-11,Chicago,28.8,50.5,0.0,3.8
2023-12-12,Chicago,27.9,48.4,0.0,9.1
2023-12-13,Chicago,23.5,56.7,0.0,10.5
2023-12-14,Chicago,22.0,75.2,0.0,11.2
2023-12-15,Chicago,24.8,49.8,0.0,10.6
2023-12-16,Chicago,27.7,56.7,0.0,5.2
2023-12-17,Chicago,23.4,58.7,0.0,8.8
2023-12-18,Chicago,25.1,57.1,0.0,9.5
2023-12-19,Chicago,17.8,54.3,0.0,6.6
2023-12-20,Chicago,24.4,67.2,0.0,8.5
2023-12-21,Chicago,30.4,61.6,0.0,4.2
2023-12-22,Chicago,28.7,64.8,0.0,6.1
2023-12-23,Chicago,24.9,62.7,0.0,9.1
2023-12-24,Chicago,26.1,65.2,0.0,12.5
2023-12-25,Chicago,21.1,70.7,0.0,11.5
2023-12-26,Chicago,31.9,68.6,0.0,10.0
2023-12-27,Chicago,33.7,76.6,0.0,8.2
2023-12-28,Chicago,24.9,67.7,0.0,7.8
2023-12-29,Chicago,35.6,52.6,0.0,3.7
2023-12-30,Chicago,20.7,64.8,0.0,5.5
2023-12-31,Chicago,18.0,63.7,0.0,5.6
2024-01-01,Chicago,20.2,73.4,0.0,9.7
2024-01-02,Chicago,22.3,50.3,0.0,10.8
2024-01-03,Chicago,33.5,62.5,0.0,10.2
2024-01-04,Chicago,21.7,52.6,0.0,11.5
2024-01-05,Chicago,19.0,62.1,0.0,8.2
2024-01-06,Chicago,18.7,56.3,0.0,5.1
2024-01-07,Chicago,27.8,61.8,0.0,7.9
2024-01-08,Chicago,27.0,46.7,1.04,5.8
2024-01-09,Chicago,20.2,64.3,0.0,10.0
2024-01-10,Chicago,13.9,59.6,0.0,6.9
2024-01-11,Chicago,17.2,59.2,0.0,7.7
2024-01-12,Chicago,30.0,73.6,0.0,10.1
2024-01-13,Chicago,25.2,54.9,0.0,5.8
2024-01-14,Chicago,22.4,60.7,0.0,10.9
2024-01-15,Chicago,30.5,58.8,0.0,4.0
2024-01-16,Chicago,30.8,59.6,0.0,8.9
2024-01-17,Chicago,21.9,75.8,0.0,7.7
2024-01-18,Chicago,21.9,58.5,0.0,10.5
2024-01-19,Chicago,19.4,53.5,0.0,3.9
2024-01-20,Chicago,20.7,73.0,0.0,3.4
2024-01-21,Chicago,15.3,55.5,0.0,10.3
2024-01-22,Chicago,15.3,45.2,0.0,6.8
2024-01-23,Chicago,14.3,52.1,0.0,7.7
2024-01-24,Chicago,27.0,48.0,0.0,6.0
2024-01-25,Chicago,15.2,43.6,0.0,10.7
2024-01-26,Chicago,31.0,55.1,0.0,8.9
2024-01-27,Chicago,19.0,57.4,1.56,8.7
2024-01-28,Chicago,30.2,67.4,0.0,4.5
2024-01-29,Chicago,20.8,63.0,0.0,9.5
2024-01-30,Chicago,15.5,62.7,0.0,5.0
2024-01-31,Chicago,28.5,50.9,0.0,6.0
2024-02-01,Chicago,29.1,65.1,0.0,3.9
2024-02-02,Chicago,18.9,69.1,0.0,7.5
2024-02-03,Chicago,21.6,61.2,0.0,11.2
2024-02-04,Chicago,19.1,61.4,0.0,8.7
2024-02-05,Chicago,22.8,47.9,0.0,6.7
2024-02-06,Chicago,24.0,66.4,0.0,8.3
2024-02-07,Chicago,22.1,72.2,0.0,8.3
2024-02-08,Chicago,15.7,60.6,0.0,8.2
2024-02-09,Chicago,21.4,53.2,0.0,8.5
2024-02-10,Chicago,27.4,56.7,0.0,4.9
2024-02-11,Chicago,23.5,54.6,0.0,8.3
2024-02-12,Chicago,23.2,55.1,0.06,2.7
2024-02-13,Chicago,20.7,63.2,0.0,9.7
2024-02-14,Chicago,22.4,60.2,0.0,4.7
2024-02-15,Chicago,31.7,66.0,0.23,11.5
2024-02-16,Chicago,20.5,61.0,0.0,0.7
2024-02-17,Chicago,29.1,51.1,0.0,13.0
2024-02-18,Chicago,26.3,54.0,0.0,3.1
2024-02-19,Chicago,27.5,53.5,0.0,4.4
2024-02-20,Chicago,23.4,56.5,0.42,8.9
2024-02-21,Chicago,25.4,72.4,0.0,9.9
2024-02-22,Chicago,27.2,73.6,0.0,7.1
2024-02-23,Chicago,25.2,64.7,0.0,10.7
2024-02-24,Chicago,29.3,59.0,0.0,5.6
2024-02-25,Chicago,30.2,47.1,0.0,6.8
2024-02-26,Chicago,38.3,59.8,0.0,7.1
2024-02-27,Chicago,30.1,51.7,0.0,6.4
2024-02-28,Chicago,20.6,71.0,0.0,2.2
2024-02-29,Chicago,34.7,45.2,0.0,7.9
2024-03-01,Chicago,28.9,61.1,0.0,7.7
2024-03-02,Chicago,39.3,51.0,0.0,11.2
2024-03-03,Chicago,37.2,57.9,0.0,4.1
2024-03-04,Chicago,28.7,63.3,0.0,6.1
2024-03-05,Chicago,34.6,66.2,0.0,11.6
2024-03-06,Chicago,29.0,57.5,0.0,8.9
2024-03-07,Chicago,32.1,64.1,0.0,9.6
2024-03-08,Chicago,35.5,52.7,0.0,9.4
2024-03-09,Chicago,37.9,60.0,0.0,9.4
2024-03-10,Chicago,37.3,66.0,0.0,13.5
2024-03-11,Chicago,34.1,60.7,0.27,8.3
2024-03-12,Chicago,45.3,53.8,0.0,5.0
2024-03-13,Chicago,32.9,55.8,0.0,9.9
2024-03-14,Chicago,27.8,66.1,0.0,6.3
2024-03-15,Chicago,29.1,49.3,0.0,7.7
2024-03-16,Chicago,42.5,50.4,0.0,9.1
2024-03-17,Chicago,36.0,62.8,0.0,5.5
2024-03-18,Chicago,37.5,54.5,0.0,6.5
2024-03-19,Chicago,34.8,46.4,0.0,9.4
2024-03-20,Chicago,35.7,68.8,0.0,6.4
2024-03-21,Chicago,34.6,49.2,0.0,10.9
2024-03-22,Chicago,40.8,56.4,0.0,5.0
2024-03-23,Chicago,38.7,53.0,0.0,5.0
2024-03-24,Chicago,41.6,55.6,0.0,13.7
2024-03-25,Chicago,41.6,50.9,0.0,3.4
2024-03-26,Chicago,38.6,63.7,0.0,7.9
2024-03-27,Chicago,34.5,58.9,0.0,13.6
2024-03-28,Chicago,34.6,65.9,0.76,7.9
2024-03-29,Chicago,55.7,53.1,0.0,12.0
2024-03-30,Chicago,49.2,75.1,0.0,10.0
2024-03-31,Chicago,49.1,42.8,0.85,8.0
2024-04-01,Chicago,40.5,45.3,0.0,7.6
2024-04-02,Chicago,44.1,72.0,0.0,1.6
2024-04-03,Chicago,40.9,61.8,0.0,7.0
2024-04-04,Chicago,39.2,60.7,0.0,8.7
2024-04-05,Chicago,43.0,61.5,0.0,8.7
2024-04-06,Chicago,52.1,62.6,0.0,15.4
2024-04-07,Chicago,50.4,60.4,0.0,8.8
2024-04-08,Chicago,42.8,50.3,0.0,9.9
2024-04-09,Chicago,46.3,64.5,0.0,11.5
2024-04-10,Chicago,51.6,63.3,0.0,9.6
2024-04-11,Chicago,46.2,69.4,0.0,7.7
2024-04-12,Chicago,49.6,72.1,0.0,7.8
2024-04-13,Chicago,51.6,60.6,0.0,6.9
2024-04-14,Chicago,52.1,48.2,0.0,9.3
2024-04-15,Chicago,52.0,72.2,0.0,7.5
2024-04-16,Chicago,48.5,49.9,0.0,9.9
2024-04-17,Chicago,49.5,60.7,0.0,5.0
2024-04-18,Chicago,47.4,55.9,0.0,8.4
2024-04-19,Chicago,46.0,54.6,0.0,12.7
2024-04-20,Chicago,53.0,64.1,0.0,7.3
2024-04-21,Chicago,57.7,60.0,0.0,13.5
2024-04-22,Chicago,48.4,62.1,0.0,8.5
2024-04-23,Chicago,56.4,51.5,0.0,7.8
2024-04-24,Chicago,59.2,56.6,0.0,8.3
2024-04-25,Chicago,47.9,51.8,0.22,7.1
2024-04-26,Chicago,55.5,56.4,0.0,2.1
2024-04-27,Chicago,64.7,57.0,0.0,10.6
2024-04-28,Chicago,60.3,72.8,0.0,14.6
2024-04-29,Chicago,49.9,55.9,0.0,9.4
2024-04-30,Chicago,61.8,41.0,0.0,9.6
2024-05-01,Chicago,56.0,69.2,1.31,7.5
2024-05-02,Chicago,63.0,61.6,0.0,11.5
2024-05-03,Chicago,57.3,57.0,0.0,7.9
2024-05-04,Chicago,60.7,54.5,0.0,8.8
2024-05-05,Chicago,59.0,50.4,1.22,3.3
2024-05-06,Chicago,62.0,73.5,0.0,6.4
2024-05-07,Chicago,59.9,58.4,0.0,9.1
2024-05-08,Chicago,61.9,44.1,0.0,10.7
2024-05-09,Chicago,58.2,60.6,0.0,10.8
2024-05-10,Chicago,66.2,67.6,0.0,3.3
2024-05-11,Chicago,65.2,59.3,1.33,3.6
2024-05-12,Chicago,57.7,50.8,0.0,9.8
2024-05-13,Chicago,69.9,50.1,0.0,5.8
2024-05-14,Chicago,65.1,50.7,0.0,10.7
2024-05-15,Chicago,67.1,70.2,0.0,3.1
2024-05-16,Chicago,70.3,57.4,0.0,7.7
2024-05-17,Chicago,68.8,44.6,0.0,7.9
2024-05-18,Chicago,,61.1,0.64,9.4
2024-05-19,Chicago,67.0,59.1,0.0,4.9
2024-05-20,Chicago,73.4,54.4,0.68,2.1
2024-05-21,Chicago,69.8,49.8,0.0,8.5
2024-05-22,Chicago,72.0,49.5,0.0,9.6
2024-05-23,Chicago,71.9,66.7,0.0,11.0
2024-05-24,Chicago,76.1,60.0,0.75,6.9
2024-05-25,Chicago,74.2,61.8,0.0,10.3
2024-05-26,Chicago,69.4,60.0,0.0,9.5
2024-05-27,Chicago,69.0,60.6,0.0,12.0
2024-05-28,Chicago,72.0,54.3,0.0,7.8
2024-05-29,Chicago,69.3,56.4,0.0,2.8
2024-05-30,Chicago,68.4,67.3,0.0,7.8
2024-05-31,Chicago,63.9,69.3,0.31,8.3
2024-06-01,Chicago,66.9,48.2,0.0,9.6
2024-06-02,Chicago,83.2,56.3,0.0,3.4
2024-06-03,Chicago,71.7,64.7,0.0,7.1
2024-06-04,Chicago,83.6,73.1,0.0,10.6
2024-06-05,Chicago,,72.3,0.0,7.7
2024-06-06,Chicago,75.6,51.6,0.5,7.1
2024-06-07,Chicago,69.4,68.2,0.0,13.7
2024-06-08,Chicago,76.5,58.5,0.0,4.8
2024-06-09,Chicago,85.4,66.4,0.0,11.7
2024-06-10,Chicago,84.2,64.3,0.0,11.1
2024-06-11,Chicago,78.7,47.9,0.0,7.3
2024-06-12,Chicago,72.7,62.4,0.0,7.9
2024-06-13,Chicago,73.8,66.0,0.43,7.9
2024-06-14,Chicago,74.6,57.8,0.0,8.5
2024-06-15,Chicago,84.5,56.0,0.0,6.2
2024-06-16,Chicago,86.4,45.4,0.0,6.7
2024-06-17,Chicago,80.2,63.5,0.0,6.9
2024-06-18,Chicago,78.2,59.7,0.0,7.0
2024-06-19,Chicago,86.8,50.6,0.0,7.1
2024-06-20,Chicago,75.7,55.4,0.0,1.3
2024-06-21,Chicago,80.6,59.2,0.0,8.3
2024-06-22,Chicago,82.7,53.5,0.0,6.4
2024-06-23,Chicago,77.0,58.0,0.0,2.4
2024-06-24,Chicago,78.2,44.0,0.0,6.9
2024-06-25,Chicago,78.1,68.8,0.0,6.9
2024-06-26,Chicago,87.9,58.1,0.0,11.8
2024-06-27,Chicago,90.4,49.2,0.0,6.4
2024-06-28,Chicago,82.5,38.3,0.0,10.0
2024-06-29,Chicago,80.9,66.2,0.0,12.1
2024-06-30,Chicago,79.6,62.5,0.73,6.1
2024-07-01,Chicago,82.5,59.7,0.0,7.9
2024-07-02,Chicago,80.2,64.9,0.0,13.2
2024-07-03,Chicago,82.4,64.9,0.0,8.7
2024-07-04,Chicago,84.8,59.6,0.0,9.1
2024-07-05,Chicago,81.2,56.0,0.0,6.8
2024-07-06,Chicago,82.3,54.7,0.0,10.1
2024-07-07,Chicago,82.5,61.4,0.0,7.9
2024-07-08,Chicago,82.0,69.2,0.0,2.5
2024-07-09,Chicago,81.5,57.2,0.0,6.9
2024-07-10,Chicago,87.0,69.8,0.0,4.5
2024-07-11,Chicago,75.7,61.0,0.0,8.3
2024-07-12,Chicago,90.8,61.0,0.0,5.2
2024-07-13,Chicago,84.4,77.2,0.0,9.4
2024-07-14,Chicago,86.6,71.2,0.0,8.1
2024-07-15,Chicago,87.2,71.4,0.0,4.3
2024-07-16,Chicago,80.8,51.6,0.0,6.5
2024-07-17,Chicago,79.9,75.5,0.0,9.9
2024-07-18,Chicago,79.3,57.3,0.0,11.4
2024-07-19,Chicago,82.9,56.2,0.0,5.3
2024-07-20,Chicago,87.1,40.7,0.0,4.7
2024-07-21,Chicago,81.4,60.6,0.62,13.9
2024-07-22,Chicago,86.7,49.3,0.0,8.0
2024-07-23,Chicago,73.3,61.3,0.0,8.3
2024-07-24,Chicago,82.2,48.7,0.0,5.8
2024-07-25,Chicago,89.1,72.4,0.0,8.6
2024-07-26,Chicago,83.0,62.4,0.0,13.1
2024-07-27,Chicago,80.0,76.2,0.0,8.8
2024-07-28,Chicago,80.7,49.8,0.0,11.2
2024-07-29,Chicago,69.9,70.4,0.0,8.1
2024-07-30,Chicago,78.9,43.6,0.0,4.9
2024-07-31,Chicago,88.1,59.7,0.0,6.0
2024-08-01,Chicago,80.6,52.9,0.0,4.6
2024-08-02,Chicago,81.1,54.4,0.0,8.7
2024-08-03,Chicago,72.5,53.9,0.0,11.7
2024-08-04,Chicago,75.5,50.7,0.0,8.5
2024-08-05,Chicago,88.1,47.9,0.0,7.1
2024-08-06,Chicago,85.4,54.5,0.0,5.6
2024-08-07,Chicago,76.6,58.9,0.0,9.1
2024-08-08,Chicago,79.4,67.3,0.0,4.3
2024-08-09,Chicago,81.9,60.4,0.0,4.6
2024-08-10,Chicago,76.5,67.3,0.0,10.7
2024-08-11,Chicago,72.7,46.2,0.0,7.2
2024-08-12,Chicago,80.7,54.5,0.0,7.1
2024-08-13,Chicago,83.8,63.7,0.0,7.5
2024-08-14,Chicago,83.7,60.7,0.0,10.2
2024-08-15,Chicago,84.7,51.1,0.0,8.5
2024-08-16,Chicago,73.6,65.5,0.0,5.8
2024-08-17,Chicago,80.6,53.7,0.0,5.9
2024-08-18,Chicago,78.8,51.8,0.0,7.4
2024-08-19,Chicago,79.4,61.9,0.84,8.9
2024-08-20,Chicago,78.6,58.0,0.0,7.9
2024-08-21,Chicago,76.3,53.8,0.0,7.6
2024-08-22,Chicago,65.4,53.5,0.0,8.1
2024-08-23,Chicago,83.9,49.4,0.0,7.9
2024-08-24,Chicago,79.8,54.8,0.72,5.7
2024-08-25,Chicago,71.3,66.8,0.0,11.3
2024-08-26,Chicago,79.8,60.0,0.0,6.6
2024-08-27,Chicago,75.4,65.7,1.55,8.4
2024-08-28,Chicago,75.2,62.1,0.0,1.8
2024-08-29,Chicago,73.3,53.1,0.0,7.4
2024-08-30,Chicago,78.8,44.8,0.0,4.7
2024-08-31,Chicago,72.4,50.6,0.0,5.1
2024-09-01,Chicago,70.7,52.6,0.0,15.3
2024-09-02,Chicago,80.4,52.0,0.0,8.7
2024-09-03,Chicago,74.1,65.8,0.51,11.7
2024-09-04,Chicago,73.9,65.8,0.0,10.6
2024-09-05,Chicago,77.3,75.7,0.0,10.9
2024-09-06,Chicago,70.7,51.9,0.0,7.4
2024-09-07,Chicago,71.2,70.8,0.0,12.8
2024-09-08,Chicago,74.3,70.7,0.0,10.5
2024-09-09,Chicago,65.6,56.1,0.0,8.1
2024-09-10,Chicago,73.1,61.8,0.0,8.8
2024-09-11,Chicago,68.3,67.9,0.0,7.6
2024-09-12,Chicago,75.1,57.5,0.0,8.2
2024-09-13,Chicago,73.3,56.9,0.0,7.9
2024-09-14,Chicago,72.3,53.0,0.0,9.1
2024-09-15,Chicago,62.7,39.1,0.64,13.2
2024-09-16,Chicago,69.0,58.6,0.0,4.4
2024-09-17,Chicago,63.7,52.3,0.0,11.4
2024-09-18,Chicago,68.4,49.4,0.0,6.9
2024-09-19,Chicago,57.7,61.4,0.0,11.8
2024-09-20,Chicago,60.7,46.4,0.0,7.0
2024-09-21,Chicago,72.5,64.4,0.0,9.2
2024-09-22,Chicago,68.4,61.9,0.0,7.5
2024-09-23,Chicago,64.6,54.8,0.0,2.8
2024-09-24,Chicago,61.7,57.5,0.0,13.2
2024-09-25,Chicago,60.4,48.5,0.0,5.2
2024-09-26,Chicago,65.7,64.0,0.0,8.3
2024-09-27,Chicago,62.7,59.5,0.0,4.8
2024-09-28,Chicago,70.7,60.1,0.0,4.0
2024-09-29,Chicago,62.4,62.0,0.0,7.4
2024-09-30,Chicago,63.0,52.9,0.56,6.2
2024-10-01,Chicago,56.0,45.8,0.0,4.5
2024-10-02,Chicago,60.1,65.7,0.0,7.9
2024-10-03,Chicago,62.0,63.5,0.0,3.6
2024-10-04,Chicago,59.0,53.7,0.0,8.4
2024-10-05,Chicago,58.0,61.3,1.01,7.6
2024-10-06,Chicago,61.2,68.1,0.0,0.6
2024-10-07,Chicago,66.0,67.1,0.0,6.4
2024-10-08,Chicago,59.3,53.5,0.0,9.4
2024-10-09,Chicago,63.3,46.1,0.0,4.8
2024-10-10,Chicago,60.4,47.5,0.0,9.5
2024-10-11,Chicago,61.9,55.5,0.92,9.3
2024-10-12,Chicago,53.8,69.7,0.32,4.9
2024-10-13,Chicago,55.1,52.2,0.0,8.0
2024-10-14,Chicago,54.6,53.2,0.0,10.5
2024-10-15,Chicago,57.4,53.1,0.64,5.4
2024-10-16,Chicago,58.0,53.7,0.0,7.4
2024-10-17,Chicago,54.4,57.9,0.0,11.5
2024-10-18,Chicago,57.3,47.8,0.0,5.4
2024-10-19,Chicago,50.3,66.7,0.0,9.4
2024-10-20,Chicago,56.3,56.8,0.0,4.8
2024-10-21,Chicago,56.3,77.8,2.2,7.5
2024-10-22,Chicago,54.2,48.6,0.0,9.3
2024-10-23,Chicago,51.3,70.7,0.0,0.8
2024-10-24,Chicago,53.3,69.1,0.0,6.4
2024-10-25,Chicago,45.6,54.7,0.0,9.3
2024-10-26,Chicago,50.0,54.8,0.0,8.7
2024-10-27,Chicago,49.9,50.6,0.0,6.4
2024-10-28,Chicago,42.0,50.7,0.0,4.7
2024-10-29,Chicago,49.6,58.0,0.0,9.9
2024-10-30,Chicago,41.4,58.2,0.0,7.0
2024-10-31,Chicago,44.5,45.2,0.0,9.6
2024-11-01,Chicago,46.1,76.3,0.0,9.1
2024-11-02,Chicago,42.1,55.9,0.34,6.7
2024-11-03,Chicago,45.3,58.5,0.0,11.2
2024-11-04,Chicago,44.7,53.0,0.0,6.2
2024-11-05,Chicago,40.2,55.9,0.77,11.6
2024-11-06,Chicago,45.9,55.1,0.0,12.0
2024-11-07,Chicago,39.4,58.0,0.0,11.2
2024-11-08,Chicago,52.7,57.9,0.67,7.5
2024-11-09,Chicago,41.4,64.4,0.0,15.6
2024-11-10,Chicago,36.1,59.8,0.0,8.5
2024-11-11,Chicago,36.4,63.6,0.0,8.7
2024-11-12,Chicago,45.5,57.9,0.0,7.9
2024-11-13,Chicago,38.1,59.9,0.0,4.6
2024-11-14,Chicago,33.3,56.1,0.0,11.9
2024-11-15,Chicago,42.8,66.0,0.0,6.3
2024-11-16,Chicago,36.6,60.6,0.0,10.8
2024-11-17,Chicago,40.9,56.7,0.0,11.5
2024-11-18,Chicago,41.7,56.5,0.0,9.8
2024-11-19,Chicago,38.3,57.1,0.0,5.9
2024-11-20,Chicago,47.4,58.2,0.0,7.0
2024-11-21,Chicago,28.4,57.5,0.0,0.0
2024-11-22,Chicago,32.0,53.5,0.0,7.7
2024-11-23,Chicago,34.1,64.1,0.0,10.4
2024-11-24,Chicago,45.0,64.6,0.0,7.3
2024-11-25,Chicago,42.5,72.3,0.0,6.2
2024-11-26,Chicago,39.8,53.2,0.0,7.1
2024-11-27,Chicago,30.0,63.3,0.54,11.6
2024-11-28,Chicago,30.1,42.7,0.0,7.8
2024-11-29,Chicago,29.0,64.6,0.0,13.6
2024-11-30,Chicago,28.8,46.3,0.0,6.3
2024-12-01,Chicago,38.7,50.1,0.84,8.7
2024-12-02,Chicago,30.5,60.7,0.0,6.7
2024-12-03,Chicago,30.7,53.0,0.0,14.2
2024-12-04,Chicago,34.3,51.9,0.0,8.5
2024-12-05,Chicago,23.0,54.1,1.01,14.4
2024-12-06,Chicago,30.3,63.8,0.0,6.7
2024-12-07,Chicago,24.8,50.5,0.0,12.6
2024-12-08,Chicago,28.0,57.6,0.0,8.4
2024-12-09,Chicago,26.4,55.0,0.0,10.5
2024-12-10,Chicago,25.8,64.6,0.0,4.3
2024-12-11,Chicago,29.4,64.8,0.0,9.0
2024-12-12,Chicago,29.0,43.3,0.0,4.8
2024-12-13,Chicago,26.7,66.4,0.0,8.8
2024-12-14,Chicago,29.1,53.1,0.0,3.4
2024-12-15,Chicago,23.2,59.9,0.0,7.7
2024-12-16,Chicago,29.9,50.5,0.0,11.3
2024-12-17,Chicago,25.6,61.0,0.0,9.6
2024-12-18,Chicago,24.1,78.4,0.0,4.3
2024-12-19,Chicago,22.4,59.0,0.73,2.3
2024-12-20,Chicago,24.7,54.3,0.0,9.5
2024-12-21,Chicago,33.9,56.1,0.0,12.7
2024-12-22,Chicago,25.0,46.2,0.29,5.1
2024-12-23,Chicago,19.9,69.6,0.0,14.3
2024-12-24,Chicago,28.9,60.5,0.0,8.0
2024-12-25,Chicago,22.5,49.6,0.0,2.1
2024-12-26,Chicago,25.7,49.9,0.0,3.3
2024-12-27,Chicago,21.5,58.1,0.0,10.3
2024-12-28,Chicago,29.8,65.5,0.0,8.4
2024-12-29,Chicago,21.1,48.8,0.0,12.4
2024-12-30,Chicago,29.9,66.9,0.0,4.4
2024-12-31,Chicago,18.7,57.3,0.0,8.4
2020-01-01,Phoenix,53.2,10.0,0.0,9.2
2020-01-02,Phoenix,52.4,33.1,0.0,7.0
2020-01-03,Phoenix,51.2,19.4,0.0,9.9
2020-01-04,Phoenix,51.2,26.0,0.0,5.4
2020-01-05,Phoenix,53.5,10.0,0.0,10.6
2020-01-06,Phoenix,54.0,14.6,0.0,11.6
2020-01-07,Phoenix,53.7,10.0,0.0,5.2
2020-01-08,Phoenix,57.9,30.2,0.0,8.2
2020-01-09,Phoenix,47.0,20.7,0.0,11.6
2020-01-10,Phoenix,44.1,26.6,0.0,5.0
2020-01-11,Phoenix,56.8,22.5,0.0,6.0
2020-01-12,Phoenix,47.9,25.7,0.0,10.0
2020-01-13,Phoenix,50.4,19.3,0.0,7.5
2020-01-14,Phoenix,49.3,20.4,0.0,3.3
2020-01-15,Phoenix,49.2,21.3,0.0,7.0
2020-01-16,Phoenix,45.5,25.2,0.0,13.2
2020-01-17,Phoenix,49.4,25.5,0.0,14.2
2020-01-18,Phoenix,54.9,44.5,0.0,6.1
2020-01-19,Phoenix,52.0,35.5,0.0,5.3
2020-01-20,Phoenix,54.3,10.0,0.0,6.6
2020-01-21,Phoenix,49.8,20.9,0.0,13.4
2020-01-22,Phoenix,56.1,18.8,0.0,10.5
2020-01-23,Phoenix,49.8,32.2,0.0,12.4
2020-01-24,Phoenix,42.6,19.5,0.77,11.0
2020-01-25,Phoenix,53.6,25.7,0.0,4.0
2020-01-26,Phoenix,55.7,10.0,0.0,5.2
2020-01-27,Phoenix,49.7,10.0,0.0,5.9
2020-01-28,Phoenix,57.7,38.7,0.0,6.4
2020-01-29,Phoenix,48.6,22.4,0.0,6.0
2020-01-30,Phoenix,55.5,14.0,0.0,6.3
2020-01-31,Phoenix,60.4,23.9,0.0,9.9
2020-02-01,Phoenix,52.8,13.6,0.0,8.4
2020-02-02,Phoenix,51.8,19.7,0.0,11.7
2020-02-03,Phoenix,52.4,10.4,0.0,8.8
2020-02-04,Phoenix,60.3,15.7,0.0,6.0
2020-02-05,Phoenix,55.0,18.7,0.0,8.6
2020-02-06,Phoenix,62.9,31.0,0.0,3.5
2020-02-07,Phoenix,54.7,25.7,0.0,1.1
2020-02-08,Phoenix,50.6,27.1,0.0,9.9
2020-02-09,Phoenix,51.1,21.8,0.0,11.1
2020-02-10,Phoenix,54.2,28.6,0.41,8.2
2020-02-11,Phoenix,44.9,15.0,0.0,6.8
2020-02-12,Phoenix,52.1,16.1,0.0,4.0
2020-02-13,Phoenix,52.4,25.3,0.0,11.5
2020-02-14,Phoenix,55.7,19.8,0.0,9.5
2020-02-15,Phoenix,63.6,21.9,0.0,8.9
2020-02-16,Phoenix,55.3,20.7,0.0,8.0
2020-02-17,Phoenix,46.6,32.0,0.0,6.6
2020-02-18,Phoenix,51.3,32.4,0.0,4.7
2020-02-19,Phoenix,56.9,17.0,0.0,8.8
2020-02-20,Phoenix,56.3,10.0,0.0,6.4
2020-02-21,Phoenix,63.5,16.3,0.0,6.7
2020-02-22,Phoenix,60.7,14.8,0.0,13.2
2020-02-23,Phoenix,60.8,28.7,0.0,7.9
2020-02-24,Phoenix,55.9,29.4,0.0,0.6
2020-02-25,Phoenix,,13.8,0.0,6.4
2020-02-26,Phoenix,53.4,16.0,0.0,5.0
2020-02-27,Phoenix,62.1,10.2,0.0,7.6
2020-02-28,Phoenix,56.7,23.1,0.0,3.7
2020-02-29,Phoenix,,21.6,0.0,9.3
2020-03-01,Phoenix,61.3,28.3,0.0,7.1
2020-03-02,Phoenix,65.2,26.0,0.0,6.6
2020-03-03,Phoenix,57.4,26.9,0.0,8.4
2020-03-04,Phoenix,66.5,10.0,0.0,7.8
2020-03-05,Phoenix,52.4,17.0,0.0,7.6
2020-03-06,Phoenix,54.8,29.6,0.0,7.3
2020-03-07,Phoenix,59.8,17.7,0.0,7.9
2020-03-08,Phoenix,59.1,10.0,0.0,9.0
2020-03-09,Phoenix,58.1,28.5,0.0,8.7
2020-03-10,Phoenix,62.1,17.4,0.0,11.4
2020-03-11,Phoenix,59.5,30.5,0.0,6.4
2020-03-12,Phoenix,60.6,21.9,0.0,8.7
2020-03-13,Phoenix,63.8,19.8,0.0,15.3
2020-03-14,Phoenix,59.9,32.9,0.0,7.9
2020-03-15,Phoenix,62.8,11.6,0.0,8.0
2020-03-16,Phoenix,60.7,33.5,0.0,4.2
2020-03-17,Phoenix,58.6,16.9,0.0,5.9
2020-03-18,Phoenix,67.8,23.3,0.0,7.7
2020-03-19,Phoenix,72.5,23.4,0.0,9.6
2020-03-20,Phoenix,70.0,18.6,0.0,9.9
2020-03-21,Phoenix,67.1,15.9,0.0,9.0
2020-03-22,Phoenix,63.1,19.0,0.0,10.4
2020-03-23,Phoenix,65.1,13.9,0.0,5.0
2020-03-24,Phoenix,71.5,37.7,0.0,9.5
2020-03-25,Phoenix,56.9,18.2,0.0,8.0
2020-03-26,Phoenix,65.9,31.3,0.0,8.4
2020-03-27,Phoenix,71.3,30.2,0.0,6.9
2020-03-28,Phoenix,63.3,24.9,0.0,5.1
2020-03-29,Phoenix,70.7,20.9,0.0,4.4
2020-03-30,Phoenix,70.9,23.6,0.0,9.0
2020-03-31,Phoenix,63.1,26.6,0.74,9.5
2020-04-01,Phoenix,70.5,22.8,0.0,7.6
2020-04-02,Phoenix,67.7,10.0,0.0,8.0
2020-04-03,Phoenix,72.8,10.0,0.0,5.8
2020-04-04,Phoenix,74.4,34.1,0.0,9.5
2020-04-05,Phoenix,73.6,10.0,0.0,8.2
2020-04-06,Phoenix,72.6,23.6,0.0,6.9
2020-04-07,Phoenix,74.0,20.1,0.0,10.6
2020-04-08,Phoenix,67.8,23.3,0.0,9.9
2020-04-09,Phoenix,73.4,12.9,0.0,3.4
2020-04-10,Phoenix,70.4,24.8,0.0,8.1
2020-04-11,Phoenix,79.1,23.6,0.0,5.1
2020-04-12,Phoenix,78.0,44.1,0.0,8.4
2020-04-13,Phoenix,78.4,23.0,0.0,0.0
2020-04-14,Phoenix,83.5,32.8,0.0,8.6
2020-04-15,Phoenix,74.7,10.0,0.0,10.1
2020-04-16,Phoenix,74.2,30.2,0.0,7.7
2020-04-17,Phoenix,75.5,23.8,0.0,4.5
2020-04-18,Phoenix,70.3,24.2,0.0,13.9
2020-04-19,Phoenix,71.1,24.3,0.0,11.5
2020-04-20,Phoenix,81.2,35.7,0.0,6.4
2020-04-21,Phoenix,72.6,24.0,0.0,7.2
2020-04-22,Phoenix,74.5,15.7,0.0,2.1
2020-04-23,Phoenix,79.3,17.1,0.0,9.4
2020-04-24,Phoenix,78.4,28.5,0.0,3.9
2020-04-25,Phoenix,84.7,25.6,0.0,10.0
2020-04-26,Phoenix,81.4,10.0,0.0,11.1
2020-04-27,Phoenix,78.0,26.1,0.0,7.8
2020-04-28,Phoenix,86.4,13.3,0.0,4.8
2020-04-29,Phoenix,85.7,25.5,0.0,11.7
2020-04-30,Phoenix,76.5,15.6,0.0,8.0
2020-05-01,Phoenix,84.5,19.7,0.0,8.3
2020-05-02,Phoenix,80.5,17.6,0.0,5.2
2020-05-03,Phoenix,80.9,34.2,0.0,8.6
2020-05-04,Phoenix,93.0,25.2,0.0,7.4
2020-05-05,Phoenix,85.6,32.1,0.0,4.0
2020-05-06,Phoenix,84.5,45.2,0.0,12.0
2020-05-07,Phoenix,86.3,22.4,0.0,13.3
2020-05-08,Phoenix,90.3,34.0,0.0,11.1
2020-05-09,Phoenix,83.6,16.4,0.0,10.6
2020-05-10,Phoenix,84.8,32.0,0.0,13.3
2020-05-11,Phoenix,90.6,15.5,0.0,4.9
2020-05-12,Phoenix,81.2,21.9,0.0,4.8
2020-05-13,Phoenix,92.9,26.3,0.0,6.8
2020-05-14,Phoenix,81.6,27.6,0.0,8.9
2020-05-15,Phoenix,88.1,11.8,0.0,7.1
2020-05-16,Phoenix,82.5,15.1,0.0,4.9
2020-05-17,Phoenix,85.3,26.9,0.0,8.0
2020-05-18,Phoenix,96.3,19.1,0.0,7.7
2020-05-19,Phoenix,95.5,10.8,0.0,10.5
2020-05-20,Phoenix,96.4,21.4,0.0,8.1
2020-05-21,Phoenix,85.1,21.0,0.0,2.3
2020-05-22,Phoenix,87.2,23.4,0.0,9.2
2020-05-23,Phoenix,93.9,26.2,0.0,12.7
2020-05-24,Phoenix,95.9,25.7,0.0,8.1
2020-05-25,Phoenix,89.5,15.9,0.0,11.0
2020-05-26,Phoenix,90.8,18.7,0.0,6.5
2020-05-27,Phoenix,88.7,29.4,0.0,9.7
2020-05-28,Phoenix,101.6,17.7,0.0,5.8
2020-05-29,Phoenix,92.4,18.8,0.0,7.3
2020-05-30,Phoenix,95.0,10.0,0.0,7.3
2020-05-31,Phoenix,95.6,21.8,0.0,9.4
2020-06-01,Phoenix,100.5,24.8,0.0,5.5
2020-06-02,Phoenix,91.6,10.0,0.0,3.6
2020-06-03,Phoenix,101.4,13.4,0.0,9.4
2020-06-04,Phoenix,90.7,10.6,0.0,9.3
2020-06-05,Phoenix,102.1,28.3,0.0,8.3
2020-06-06,Phoenix,89.4,10.0,0.0,10.8
2020-06-07,Phoenix,96.9,21.4,1.25,7.4
2020-06-08,Phoenix,105.0,27.7,0.0,8.8
2020-06-09,Phoenix,101.1,23.5,0.0,7.0
2020-06-10,Phoenix,100.2,18.5,0.0,7.2
2020-06-11,Phoenix,93.8,24.8,0.0,9.0
2020-06-12,Phoenix,95.5,30.3,0.0,14.8
2020-06-13,Phoenix,105.1,21.1,0.0,10.2
2020-06-14,Phoenix,101.5,10.0,0.0,9.6
2020-06-15,Phoenix,103.6,31.2,0.0,10.3
2020-06-16,Phoenix,100.2,25.2,0.0,1.0
2020-06-17,Phoenix,98.8,21.7,0.0,9.0
2020-06-18,Phoenix,103.8,10.0,0.0,10.7
2020-06-19,Phoenix,101.7,19.6,0.0,8.3
2020-06-20,Phoenix,100.0,15.0,0.0,7.9
2020-06-21,Phoenix,94.6,12.3,0.0,5.2
2020-06-22,Phoenix,105.5,20.9,0.0,6.7
2020-06-23,Phoenix,103.4,17.7,0.0,5.5
2020-06-24,Phoenix,98.8,18.2,0.0,11.0
2020-06-25,Phoenix,107.1,27.9,0.0,12.5
2020-06-26,Phoenix,103.0,24.0,0.0,13.8
2020-06-27,Phoenix,103.3,18.0,0.0,5.5
2020-06-28,Phoenix,106.2,17.0,0.0,6.0
2020-06-29,Phoenix,105.4,18.4,0.0,5.8
2020-06-30,Phoenix,103.9,20.0,0.0,4.9
2020-07-01,Phoenix,101.9,26.7,0.0,5.0
2020-07-02,Phoenix,111.8,13.7,0.0,6.5
2020-07-03,Phoenix,99.7,33.7,0.0,10.6
2020-07-04,Phoenix,106.5,26.7,0.0,5.8
2020-07-05,Phoenix,102.8,10.0,0.0,11.2
2020-07-06,Phoenix,105.4,22.7,0.0,12.1
2020-07-07,Phoenix,109.0,30.3,0.0,8.9
2020-07-08,Phoenix,102.1,25.1,0.0,11.7
2020-07-09,Phoenix,106.3,18.7,0.0,3.9
2020-07-10,Phoenix,104.9,21.5,0.0,6.3
2020-07-11,Phoenix,100.8,23.4,0.0,8.6
2020-07-12,Phoenix,109.5,28.2,0.0,8.7
2020-07-13,Phoenix,107.0,10.7,0.0,12.3
2020-07-14,Phoenix,101.9,17.2,0.0,5.0
2020-07-15,Phoenix,108.9,35.1,0.0,6.4
2020-07-16,Phoenix,100.2,22.3,0.0,7.7
2020-07-17,Phoenix,103.8,34.2,0.0,6.4
2020-07-18,Phoenix,102.1,45.9,0.0,4.9
2020-07-19,Phoenix,107.4,18.1,0.0,6.6
2020-07-20,Phoenix,101.8,12.4,0.0,7.3
2020-07-21,Phoenix,107.4,19.9,0.0,12.3
2020-07-22,Phoenix,106.6,30.8,0.0,4.9
2020-07-23,Phoenix,102.3,31.9,0.0,10.4
2020-07-24,Phoenix,112.1,40.2,0.0,11.8
2020-07-25,Phoenix,100.5,21.7,0.0,6.5
2020-07-26,Phoenix,97.5,25.9,0.0,8.8
2020-07-27,Phoenix,107.6,16.3,0.0,9.7
2020-07-28,Phoenix,94.0,10.0,0.0,9.2
2020-07-29,Phoenix,110.4,21.7,0.0,8.2
2020-07-30,Phoenix,104.0,12.8,0.0,6.0
2020-07-31,Phoenix,97.1,27.1,0.0,10.0
2020-08-01,Phoenix,99.1,10.0,0.0,6.9
2020-08-02,Phoenix,95.9,16.1,0.0,8.1
2020-08-03,Phoenix,104.9,24.1,0.0,8.5
2020-08-04,Phoenix,97.1,25.0,0.0,10.6
2020-08-05,Phoenix,105.2,21.6,0.0,13.8
2020-08-06,Phoenix,101.4,36.9,0.0,5.8
2020-08-07,Phoenix,100.5,34.6,0.0,8.2
2020-08-08,Phoenix,104.8,16.5,0.0,3.5
2020-08-09,Phoenix,105.2,34.9,0.0,12.4
2020-08-10,Phoenix,107.4,36.1,0.0,8.1
2020-08-11,Phoenix,99.2,21.0,0.0,7.1
2020-08-12,Phoenix,101.7,22.4,0.0,8.2
2020-08-13,Phoenix,98.8,21.6,0.0,8.3
2020-08-14,Phoenix,102.2,16.8,0.0,5.8
2020-08-15,Phoenix,97.8,17.6,0.0,11.6
2020-08-16,Phoenix,99.2,32.6,0.0,9.9
2020-08-17,Phoenix,99.0,25.5,0.0,10.4
2020-08-18,Phoenix,102.0,17.6,0.0,6.0
2020-08-19,Phoenix,100.5,14.6,0.0,5.8
2020-08-20,Phoenix,102.5,15.9,0.0,7.7
2020-08-21,Phoenix,99.5,20.7,0.0,10.4
2020-08-22,Phoenix,97.1,29.3,0.0,9.5
2020-08-23,Phoenix,100.4,15.1,0.0,5.7
2020-08-24,Phoenix,95.1,29.2,0.0,10.0
2020-08-25,Phoenix,101.6,23.6,0.0,5.1
2020-08-26,Phoenix,97.4,23.1,0.0,6.0
2020-08-27,Phoenix,99.4,30.2,0.0,8.5
2020-08-28,Phoenix,99.2,28.7,0.0,4.5
2020-08-29,Phoenix,105.1,10.8,0.0,5.1
2020-08-30,Phoenix,99.3,13.3,0.0,12.7
2020-08-31,Phoenix,97.6,20.2,0.0,12.1
2020-09-01,Phoenix,93.9,24.8,0.0,14.9
2020-09-02,Phoenix,100.3,32.9,0.0,9.4
2020-09-03,Phoenix,95.2,22.5,0.0,9.9
2020-09-04,Phoenix,89.2,35.6,0.0,7.5
2020-09-05,Phoenix,94.9,16.3,0.0,6.9
2020-09-06,Phoenix,96.3,17.7,0.0,10.6
2020-09-07,Phoenix,91.4,19.6,0.0,12.1
2020-09-08,Phoenix,94.2,15.5,0.0,10.4
2020-09-09,Phoenix,94.1,31.3,0.0,5.5
2020-09-10,Phoenix,93.8,10.0,0.0,9.2
2020-09-11,Phoenix,99.2,18.0,0.0,5.7
2020-09-12,Phoenix,87.4,31.2,0.0,7.0
2020-09-13,Phoenix,102.1,19.5,0.0,12.9
2020-09-14,Phoenix,92.4,30.6,0.0,4.4
2020-09-15,Phoenix,94.8,39.6,0.0,14.5
2020-09-16,Phoenix,92.4,22.6,0.0,9.6
2020-09-17,Phoenix,83.7,31.4,0.0,6.6
2020-09-18,Phoenix,86.3,41.4,0.0,8.2
2020-09-19,Phoenix,88.3,25.2,0.0,5.9
2020-09-20,Phoenix,94.8,21.6,0.0,6.4
2020-09-21,Phoenix,83.7,29.2,0.0,8.2
2020-09-22,Phoenix,85.6,31.5,0.0,7.0
2020-09-23,Phoenix,,21.7,0.0,5.2
2020-09-24,Phoenix,90.8,18.1,0.0,7.3
2020-09-25,Phoenix,90.3,35.7,0.0,4.1
2020-09-26,Phoenix,83.4,19.8,0.0,4.2
2020-09-27,Phoenix,80.3,31.5,0.0,4.2
2020-09-28,Phoenix,89.5,24.1,0.0,13.0
2020-09-29,Phoenix,93.1,36.6,1.39,9.2
2020-09-30,Phoenix,84.6,15.2,0.0,9.8
2020-10-01,Phoenix,80.6,15.2,0.0,8.0
2020-10-02,Phoenix,83.4,28.8,0.0,9.5
2020-10-03,Phoenix,86.7,13.0,0.0,11.5
2020-10-04,Phoenix,,22.9,0.0,9.2
2020-10-05,Phoenix,90.4,34.4,0.0,12.9
2020-10-06,Phoenix,87.8,10.0,0.0,7.9
2020-10-07,Phoenix,84.0,25.2,0.0,9.8
2020-10-08,Phoenix,73.9,31.7,0.0,10.1
2020-10-09,Phoenix,79.2,21.8,0.0,5.2
2020-10-10,Phoenix,79.4,14.6,0.0,8.1
2020-10-11,Phoenix,78.0,19.9,0.0,2.5
2020-10-12,Phoenix,81.8,15.3,0.0,7.6
2020-10-13,Phoenix,81.5,22.6,0.0,7.2
2020-10-14,Phoenix,72.5,19.8,0.0,7.0
2020-10-15,Phoenix,83.2,17.9,0.0,6.8
2020-10-16,Phoenix,79.2,25.7,0.0,9.5
2020-10-17,Phoenix,80.3,34.6,0.0,5.3
2020-10-18,Phoenix,81.6,24.6,0.0,13.6
2020-10-19,Phoenix,74.4,32.7,0.0,9.7
2020-10-20,Phoenix,83.1,34.6,0.0,5.6
2020-10-21,Phoenix,76.3,17.3,0.0,9.9
2020-10-22,Phoenix,83.3,24.2,0.0,11.0
2020-10-23,Phoenix,72.0,18.6,0.0,9.1
2020-10-24,Phoenix,82.1,10.1,0.85,5.0
2020-10-25,Phoenix,71.1,24.8,0.0,14.7
2020-10-26,Phoenix,86.2,13.6,0.0,9.9
2020-10-27,Phoenix,70.0,25.9,0.0,4.3
2020-10-28,Phoenix,78.6,10.0,0.0,8.6
2020-10-29,Phoenix,71.8,23.4,0.0,7.3
2020-10-30,Phoenix,76.2,10.0,0.0,8.0
2020-10-31,Phoenix,72.3,27.4,0.0,4.4
2020-11-01,Phoenix,67.2,18.9,0.0,8.2
2020-11-02,Phoenix,59.1,18.1,0.0,5.5
2020-11-03,Phoenix,82.5,31.0,0.0,7.0
2020-11-04,Phoenix,71.1,19.4,0.0,9.2
2020-11-05,Phoenix,57.1,22.9,0.0,6.6
2020-11-06,Phoenix,71.3,20.4,0.0,7.1
2020-11-07,Phoenix,72.6,26.1,0.0,10.5
2020-11-08,Phoenix,65.9,30.3,0.0,5.3
2020-11-09,Phoenix,65.5,28.7,0.0,6.1
2020-11-10,Phoenix,68.1,18.3,0.0,4.2
2020-11-11,Phoenix,73.2,31.7,0.0,5.5
2020-11-12,Phoenix,67.9,14.7,0.0,8.4
2020-11-13,Phoenix,73.6,16.1,0.0,9.9
2020-11-14,Phoenix,71.7,21.0,0.0,5.6
2020-11-15,Phoenix,65.2,30.4,0.0,9.8
2020-11-16,Phoenix,58.7,12.6,0.0,8.3
2020-11-17,Phoenix,64.4,29.1,0.0,3.9
2020-11-18,Phoenix,67.4,21.6,0.0,8.5
2020-11-19,Phoenix,64.9,18.5,0.0,11.6
2020-11-20,Phoenix,67.1,30.8,0.0,2.3
2020-11-21,Phoenix,67.8,15.6,0.0,14.0
2020-11-22,Phoenix,65.9,40.3,0.0,6.2
2020-11-23,Phoenix,61.9,20.6,0.0,3.1
2020-11-24,Phoenix,65.1,23.2,0.0,8.4
2020-11-25,Phoenix,72.5,34.3,0.0,10.5
2020-11-26,Phoenix,55.4,23.4,0.0,7.2
2020-11-27,Phoenix,63.9,31.5,0.0,8.9
2020-11-28,Phoenix,69.6,10.0,0.0,14.4
2020-11-29,Phoenix,55.7,18.5,0.0,8.6
2020-11-30,Phoenix,65.2,25.2,0.0,16.9
2020-12-01,Phoenix,65.5,30.7,0.0,11.8
2020-12-02,Phoenix,53.4,28.2,0.0,8.2
2020-12-03,Phoenix,,27.4,0.0,8.9
2020-12-04,Phoenix,58.2,30.5,0.0,7.0
2020-12-05,Phoenix,58.8,25.8,0.0,8.7
2020-12-06,Phoenix,57.3,10.0,0.0,9.7
2020-12-07,Phoenix,64.4,33.5,0.0,6.8
2020-12-08,Phoenix,57.7,15.3,0.0,3.9
2020-12-09,Phoenix,55.8,24.5,0.0,12.0
2020-12-10,Phoenix,55.6,23.4,0.0,10.9
2020-12-11,Phoenix,55.8,22.4,0.0,3.7
2020-12-12,Phoenix,52.2,13.2,0.0,8.5
2020-12-13,Phoenix,54.7,10.0,0.0,11.1
2020-12-14,Phoenix,57.1,14.0,0.0,10.8
2020-12-15,Phoenix,58.1,28.6,0.0,5.9
2020-12-16,Phoenix,61.5,10.4,0.0,10.9
2020-12-17,Phoenix,56.9,15.0,0.0,8.0
2020-12-18,Phoenix,53.5,25.3,0.0,9.2
2020-12-19,Phoenix,50.8,13.8,0.0,5.2
2020-12-20,Phoenix,56.5,17.7,0.0,0.0
2020-12-21,Phoenix,54.4,22.7,0.0,5.7
2020-12-22,Phoenix,54.4,24.3,0.0,9.6
2020-12-23,Phoenix,55.7,13.6,0.37,7.4
2020-12-24,Phoenix,56.7,23.1,0.0,10.0
2020-12-25,Phoenix,55.4,25.2,0.0,11.3
2020-12-26,Phoenix,53.2,11.8,0.0,7.0
2020-12-27,Phoenix,50.2,23.7,0.0,6.7
2020-12-28,Phoenix,50.9,16.3,0.0,1.4
2020-12-29,Phoenix,57.3,23.0,0.0,3.4
2020-12-30,Phoenix,51.5,27.8,0.0,4.0
2020-12-31,Phoenix,47.2,20.6,0.0,9.7
2021-01-01,Phoenix,58.4,29.3,0.0,7.0
2021-01-02,Phoenix,48.8,28.3,0.51,6.4
2021-01-03,Phoenix,53.1,29.3,0.0,6.1
2021-01-04,Phoenix,55.0,25.2,0.0,5.7
2021-01-05,Phoenix,52.7,30.8,0.0,10.8
2021-01-06,Phoenix,41.5,25.1,0.0,8.3
2021-01-07,Phoenix,54.3,10.0,0.0,11.0
2021-01-08,Phoenix,58.4,15.7,0.0,1.4
2021-01-09,Phoenix,55.9,20.3,0.0,9.6
2021-01-10,Phoenix,42.7,21.3,0.0,6.5
2021-01-11,Phoenix,61.8,24.9,0.0,7.2
2021-01-12,Phoenix,46.2,15.5,0.0,12.1
2021-01-13,Phoenix,47.3,38.1,0.0,6.8
2021-01-14,Phoenix,55.6,21.2,0.0,9.5
2021-01-15,Phoenix,54.1,21.9,0.0,4.9
2021-01-16,Phoenix,52.4,16.6,0.0,8.1
2021-01-17,Phoenix,49.4,14.0,0.0,3.2
2021-01-18,Phoenix,58.0,21.0,0.0,7.8
2021-01-19,Phoenix,51.8,22.2,0.0,9.2
2021-01-20,Phoenix,45.0,21.3,0.0,11.3
2021-01-21,Phoenix,57.6,35.2,0.0,5.5
2021-01-22,Phoenix,53.0,21.0,0.0,6.4
2021-01-23,Phoenix,57.1,21.3,0.0,6.1
2021-01-24,Phoenix,54.7,28.5,0.0,7.2
2021-01-25,Phoenix,62.9,20.6,0.0,5.1
2021-01-26,Phoenix,50.8,26.3,0.0,1.5
2021-01-27,Phoenix,52.3,11.8,0.0,4.9
2021-01-28,Phoenix,55.6,11.8,0.0,7.9
2021-01-29,Phoenix,51.0,23.0,0.0,7.6
2021-01-30,Phoenix,56.1,20.1,0.0,9.7
2021-01-31,Phoenix,39.3,15.5,0.0,10.5
2021-02-01,Phoenix,52.4,23.0,0.0,6.7
2021-02-02,Phoenix,52.3,23.7,0.0,3.2
2021-02-03,Phoenix,52.3,16.3,0.0,9.2
2021-02-04,Phoenix,49.1,17.8,0.0,8.0
2021-02-05,Phoenix,57.2,23.7,0.0,7.2
2021-02-06,Phoenix,51.0,13.8,0.0,11.7
2021-02-07,Phoenix,54.3,17.2,0.0,9.4
2021-02-08,Phoenix,53.4,26.3,0.0,8.4
2021-02-09,Phoenix,56.0,21.8,0.0,8.5
2021-02-10,Phoenix,60.3,18.2,0.0,10.5
2021-02-11,Phoenix,54.9,14.8,0.0,5.9
2021-02-12,Phoenix,58.0,13.9,0.0,5.4
2021-02-13,Phoenix,55.1,20.9,0.0,7.3
2021-02-14,Phoenix,52.3,38.2,0.0,4.5
2021-02-15,Phoenix,54.2,26.5,0.0,7.9
2021-02-16,Phoenix,53.7,11.3,0.0,8.3
2021-02-17,Phoenix,57.8,27.7,0.0,7.8
2021-02-18,Phoenix,55.9,15.9,0.0,6.9
2021-02-19,Phoenix,52.1,22.0,0.0,13.0
2021-02-20,Phoenix,54.9,17.3,0.0,10.8
2021-02-21,Phoenix,49.3,38.2,0.0,7.7
2021-02-22,Phoenix,55.6,12.9,0.0,8.3
2021-02-23,Phoenix,56.7,24.5,0.0,12.1
2021-02-24,Phoenix,65.0,16.5,0.0,6.2
2021-02-25,Phoenix,63.2,27.9,0.0,5.1
2021-02-26,Phoenix,52.8,24.3,0.0,8.7
2021-02-27,Phoenix,58.6,32.0,0.0,9.2
2021-02-28,Phoenix,59.0,27.7,0.0,9.5
2021-03-01,Phoenix,57.3,16.5,0.0,10.5
2021-03-02,Phoenix,57.8,45.3,0.0,5.8
2021-03-03,Phoenix,57.3,26.4,0.0,3.8
2021-03-04,Phoenix,67.6,17.6,0.0,6.2
2021-03-05,Phoenix,57.6,23.6,0.0,9.7
2021-03-06,Phoenix,61.4,27.0,0.0,5.2
2021-03-07,Phoenix,48.8,26.7,0.0,2.2
2021-03-08,Phoenix,64.2,26.0,0.0,8.4
2021-03-09,Phoenix,66.1,29.7,0.0,6.3
2021-03-10,Phoenix,56.4,28.9,1.17,2.8
2021-03-11,Phoenix,59.2,15.2,0.0,8.2
2021-03-12,Phoenix,63.9,38.9,0.0,6.8
2021-03-13,Phoenix,62.3,37.8,0.0,13.0
2021-03-14,Phoenix,64.6,28.4,0.0,8.3
2021-03-15,Phoenix,61.6,22.3,0.0,9.8
2021-03-16,Phoenix,71.7,22.4,0.0,7.9
2021-03-17,Phoenix,60.6,19.4,0.0,6.2
2021-03-18,Phoenix,76.1,20.4,0.0,6.5
2021-03-19,Phoenix,70.0,10.0,0.0,11.2
2021-03-20,Phoenix,68.5,34.2,0.0,10.2
2021-03-21,Phoenix,60.5,31.4,0.0,3.5
2021-03-22,Phoenix,69.7,10.0,0.0,4.3
2021-03-23,Phoenix,68.7,29.1,0.0,4.4
2021-03-24,Phoenix,56.8,21.9,0.0,11.2
2021-03-25,Phoenix,60.4,20.4,0.0,2.8
2021-03-26,Phoenix,68.8,25.9,0.0,10.4
2021-03-27,Phoenix,67.0,10.0,0.0,9.2
2021-03-28,Phoenix,65.7,21.9,0.85,8.4
2021-03-29,Phoenix,73.2,22.6,0.0,6.6
2021-03-30,Phoenix,64.8,22.6,0.0,11.6
2021-03-31,Phoenix,67.2,11.1,0.0,8.3
2021-04-01,Phoenix,66.7,25.6,0.0,3.7
2021-04-02,Phoenix,72.4,30.5,0.0,4.4
2021-04-03,Phoenix,62.8,25.3,0.0,3.1
2021-04-04,Phoenix,68.7,20.2,0.0,11.6
2021-04-05,Phoenix,63.6,43.5,0.0,12.3
2021-04-06,Phoenix,70.4,14.6,0.0,11.3
2021-04-07,Phoenix,75.5,28.2,0.0,7.6
2021-04-08,Phoenix,76.0,23.9,0.0,3.7
2021-04-09,Phoenix,69.8,38.1,0.0,4.8
2021-04-10,Phoenix,75.9,25.1,0.0,5.0
2021-04-11,Phoenix,73.2,26.8,0.0,7.9
2021-04-12,Phoenix,80.6,26.0,0.0,12.2
2021-04-13,Phoenix,74.3,13.5,0.0,12.2
2021-04-14,Phoenix,61.9,15.0,0.0,6.5
2021-04-15,Phoenix,79.8,19.8,0.0,1.3
2021-04-16,Phoenix,74.1,29.7,0.0,4.5
2021-04-17,Phoenix,75.4,23.9,0.0,11.6
2021-04-18,Phoenix,78.6,20.3,0.0,8.7
2021-04-19,Phoenix,71.1,33.0,0.0,6.9
2021-04-20,Phoenix,78.3,10.0,0.0,6.7
2021-04-21,Phoenix,80.9,11.6,0.0,5.7
2021-04-22,Phoenix,80.5,10.0,0.0,4.4
2021-04-23,Phoenix,76.6,31.7,0.0,14.2
2021-04-24,Phoenix,84.3,21.2,0.0,13.2
2021-04-25,Phoenix,75.7,29.7,0.0,5.5
2021-04-26,Phoenix,77.9,21.1,0.0,2.7
2021-04-27,Phoenix,80.5,30.2,0.13,8.5
2021-04-28,Phoenix,82.9,21.0,0.0,7.6
2021-04-29,Phoenix,80.5,25.3,0.0,9.9
2021-04-30,Phoenix,88.0,24.1,0.0,10.6
2021-05-01,Phoenix,84.2,24.7,0.0,4.5
2021-05-02,Phoenix,83.7,35.5,0.0,11.8
2021-05-03,Phoenix,84.9,10.0,0.0,6.9
2021-05-04,Phoenix,87.5,21.5,0.0,9.8
2021-05-05,Phoenix,85.7,23.6,0.0,7.2
2021-05-06,Phoenix,76.9,22.4,0.0,10.8
2021-05-07,Phoenix,90.4,18.8,0.0,0.9
2021-05-08,Phoenix,86.5,17.7,0.0,10.2
2021-05-09,Phoenix,89.4,34.2,0.0,5.5
2021-05-10,Phoenix,84.9,21.4,0.0,8.2
2021-05-11,Phoenix,79.0,41.5,0.0,11.7
2021-05-12,Phoenix,77.4,26.2,0.0,5.6
2021-05-13,Phoenix,83.8,19.7,0.0,5.1
2021-05-14,Phoenix,90.8,26.4,0.0,6.9
2021-05-15,Phoenix,94.7,22.9,0.0,6.7
2021-05-16,Phoenix,90.6,32.7,0.0,4.8
2021-05-17,Phoenix,84.9,12.7,0.0,8.3
2021-05-18,Phoenix,86.5,10.0,0.0,8.5
2021-05-19,Phoenix,96.6,24.9,0.0,9.4
2021-05-20,Phoenix,84.9,28.7,0.0,5.5
2021-05-21,Phoenix,100.7,24.3,0.0,5.2
2021-05-22,Phoenix,100.0,27.4,0.0,7.6
2021-05-23,Phoenix,101.6,26.2,0.0,7.3
2021-05-24,Phoenix,94.1,10.2,0.0,7.3
2021-05-25,Phoenix,91.2,24.2,0.0,5.9
2021-05-26,Phoenix,94.7,32.5,0.0,9.0
2021-05-27,Phoenix,97.5,23.4,0.0,5.2
2021-05-28,Phoenix,90.9,11.5,0.0,7.6
2021-05-29,Phoenix,89.2,19.3,0.0,7.1
2021-05-30,Phoenix,93.2,26.5,0.0,7.9
2021-05-31,Phoenix,91.4,36.4,0.0,11.6
2021-06-01,Phoenix,100.8,10.0,0.0,4.1
2021-06-02,Phoenix,92.8,24.9,0.0,0.8
2021-06-03,Phoenix,96.3,14.5,0.0,6.2
2021-06-04,Phoenix,100.6,26.1,0.0,4.5
2021-06-05,Phoenix,102.3,26.7,0.0,0.0
2021-06-06,Phoenix,97.7,20.1,0.0,13.2
2021-06-07,Phoenix,98.8,27.1,0.38,9.7
2021-06-08,Phoenix,92.8,31.1,0.0,10.0
2021-06-09,Phoenix,102.3,20.7,0.0,7.1
2021-06-10,Phoenix,103.7,11.3,0.0,9.3
2021-06-11,Phoenix,89.9,33.4,0.0,6.7
2021-06-12,Phoenix,106.5,28.6,0.0,10.4
2021-06-13,Phoenix,95.7,26.5,0.0,8.6
2021-06-14,Phoenix,101.8,16.5,0.0,7.9
2021-06-15,Phoenix,99.7,29.9,0.0,8.1
2021-06-16,Phoenix,99.3,38.3,0.0,12.4
2021-06-17,Phoenix,98.9,21.0,0.0,8.5
2021-06-18,Phoenix,95.6,22.8,0.0,4.9
2021-06-19,Phoenix,102.7,13.5,0.0,9.0
2021-06-20,Phoenix,99.3,16.2,0.0,9.5
2021-06-21,Phoenix,94.9,13.4,0.0,7.6
2021-06-22,Phoenix,96.3,23.0,0.0,7.8
2021-06-23,Phoenix,95.4,19.3,0.0,4.8
2021-06-24,Phoenix,99.0,25.0,0.0,8.3
2021-06-25,Phoenix,103.8,14.9,0.0,4.4
2021-06-26,Phoenix,98.6,20.7,0.0,7.2
2021-06-27,Phoenix,106.3,14.4,0.0,6.0
2021-06-28,Phoenix,101.6,23.5,0.0,10.9
2021-06-29,Phoenix,101.0,10.0,0.0,12.6
2021-06-30,Phoenix,102.5,23.2,0.0,4.6
2021-07-01,Phoenix,108.9,19.8,0.0,8.0
2021-07-02,Phoenix,96.5,23.4,0.0,7.1
2021-07-03,Phoenix,110.3,10.0,0.0,9.4
2021-07-04,Phoenix,107.3,27.2,0.0,8.3
2021-07-05,Phoenix,103.0,19.6,0.0,6.8
2021-07-06,Phoenix,108.5,23.7,0.0,8.3
2021-07-07,Phoenix,101.9,10.0,0.0,7.4
2021-07-08,Phoenix,104.7,12.1,0.0,12.8
2021-07-09,Phoenix,101.1,18.9,0.0,5.6
2021-07-10,Phoenix,107.9,33.0,0.0,8.8
2021-07-11,Phoenix,100.5,26.2,0.0,9.5
2021-07-12,Phoenix,103.5,23.0,0.0,9.3
2021-07-13,Phoenix,106.9,14.6,0.0,7.1
2021-07-14,Phoenix,108.6,13.1,0.0,12.1
2021-07-15,Phoenix,100.2,24.2,0.0,1.7
2021-07-16,Phoenix,107.3,27.6,0.0,4.7
2021-07-17,Phoenix,99.5,23.7,0.0,10.0
2021-07-18,Phoenix,94.3,35.7,0.0,5.4
2021-07-19,Phoenix,100.6,16.5,0.0,5.2
2021-07-20,Phoenix,107.8,23.4,0.0,6.6
2021-07-21,Phoenix,103.9,10.0,0.0,5.6
2021-07-22,Phoenix,101.6,23.7,0.0,9.9
2021-07-23,Phoenix,104.2,33.8,0.0,10.7
2021-07-24,Phoenix,104.0,13.7,0.0,8.3
2021-07-25,Phoenix,106.7,28.7,0.0,11.2
2021-07-26,Phoenix,96.6,33.5,0.0,3.8
2021-07-27,Phoenix,103.4,16.5,0.0,8.2
2021-07-28,Phoenix,104.3,25.7,0.0,12.0
2021-07-29,Phoenix,97.6,34.6,0.0,10.9
2021-07-30,Phoenix,97.4,23.8,0.0,12.3
2021-07-31,Phoenix,101.9,28.3,0.0,6.2
2021-08-01,Phoenix,103.5,10.0,0.0,10.8
2021-08-02,Phoenix,103.4,26.8,0.0,6.7
2021-08-03,Phoenix,100.8,26.1,0.0,9.8
2021-08-04,Phoenix,100.5,11.4,0.0,11.9
2021-08-05,Phoenix,101.3,14.3,0.0,5.6
2021-08-06,Phoenix,104.3,26.8,0.0,2.4
2021-08-07,Phoenix,108.4,19.6,0.0,13.5
2021-08-08,Phoenix,92.7,30.9,0.0,9.5
2021-08-09,Phoenix,105.3,24.5,0.0,7.7
2021-08-10,Phoenix,101.9,22.5,0.0,7.5
2021-08-11,Phoenix,104.6,20.6,0.0,1.7
2021-08-12,Phoenix,107.4,24.3,0.0,8.6
2021-08-13,Phoenix,98.5,28.4,0.0,6.4
2021-08-14,Phoenix,105.9,26.3,0.0,8.2
2021-08-15,Phoenix,95.9,18.6,0.0,8.1
2021-08-16,Phoenix,101.9,31.9,0.0,0.0
2021-08-17,Phoenix,100.0,27.3,0.0,9.5
2021-08-18,Phoenix,101.1,25.1,0.0,8.6
2021-08-19,Phoenix,96.2,22.7,0.0,9.0
2021-08-20,Phoenix,102.4,26.0,0.0,7.4
2021-08-21,Phoenix,107.4,10.0,0.0,8.1
2021-08-22,Phoenix,95.6,23.9,0.0,8.5
2021-08-23,Phoenix,100.6,35.1,0.0,8.8
2021-08-24,Phoenix,103.4,23.8,0.0,9.4
2021-08-25,Phoenix,97.9,22.7,0.0,8.8
2021-08-26,Phoenix,105.1,17.2,0.0,13.5
2021-08-27,Phoenix,96.8,25.9,0.0,5.8
2021-08-28,Phoenix,97.9,20.4,0.0,6.9
2021-08-29,Phoenix,93.7,32.5,0.0,13.1
2021-08-30,Phoenix,98.5,15.1,0.0,7.5
2021-08-31,Phoenix,97.6,18.4,0.0,10.8
2021-09-01,Phoenix,100.2,17.2,0.0,8.4
2021-09-02,Phoenix,94.1,36.7,0.0,7.3
2021-09-03,Phoenix,93.6,20.5,0.0,11.0
2021-09-04,Phoenix,98.5,17.6,0.0,9.6
2021-09-05,Phoenix,102.3,10.0,0.0,3.4
2021-09-06,Phoenix,98.6,14.7,0.0,8.5
2021-09-07,Phoenix,103.7,26.2,0.0,5.0
2021-09-08,Phoenix,97.6,26.2,0.0,11.8
2021-09-09,Phoenix,97.1,16.8,0.0,13.3
2021-09-10,Phoenix,97.4,17.2,0.0,13.6
2021-09-11,Phoenix,100.7,36.9,0.0,9.1
2021-09-12,Phoenix,99.2,43.6,0.0,6.6
2021-09-13,Phoenix,88.4,31.2,0.0,9.0
2021-09-14,Phoenix,96.6,34.5,0.0,5.2
2021-09-15,Phoenix,93.8,36.2,0.0,15.0
2021-09-16,Phoenix,91.3,39.7,0.0,11.6
2021-09-17,Phoenix,83.9,19.6,0.0,8.9
2021-09-18,Phoenix,84.5,15.0,0.0,11.0
2021-09-19,Phoenix,89.4,36.7,0.0,6.5
2021-09-20,Phoenix,84.1,14.3,0.0,4.7
2021-09-21,Phoenix,88.7,13.8,0.0,1.4
2021-09-22,Phoenix,93.1,14.0,0.0,8.2
2021-09-23,Phoenix,86.9,20.9,0.0,7.4
2021-09-24,Phoenix,89.5,10.0,0.0,9.6
2021-09-25,Phoenix,83.9,10.5,0.0,8.0
2021-09-26,Phoenix,89.6,17.0,0.0,9.4
2021-09-27,Phoenix,90.2,12.4,0.0,10.4
2021-09-28,Phoenix,81.0,30.5,0.0,3.6
2021-09-29,Phoenix,83.6,22.1,0.0,10.6
2021-09-30,Phoenix,80.9,26.6,0.0,6.8
2021-10-01,Phoenix,88.5,25.7,0.0,9.6
2021-10-02,Phoenix,86.5,20.3,0.0,11.1
2021-10-03,Phoenix,85.1,29.9,0.0,11.1
2021-10-04,Phoenix,84.3,25.6,0.0,8.4
2021-10-05,Phoenix,85.9,19.5,0.43,8.5
2021-10-06,Phoenix,85.6,10.0,0.0,10.7
2021-10-07,Phoenix,81.4,26.2,0.0,3.5
2021-10-08,Phoenix,80.3,11.9,0.0,5.1
2021-10-09,Phoenix,82.5,25.0,0.0,7.2
2021-10-10,Phoenix,81.4,22.6,0.0,4.0
2021-10-11,Phoenix,91.1,11.1,0.0,7.2
2021-10-12,Phoenix,79.7,24.1,0.0,7.0
2021-10-13,Phoenix,82.3,23.5,0.0,8.3
2021-10-14,Phoenix,82.6,23.6,0.0,7.8
2021-10-15,Phoenix,86.4,23.2,0.0,11.2
2021-10-16,Phoenix,76.0,16.8,0.0,9.7
2021-10-17,Phoenix,85.2,26.7,0.0,7.8
2021-10-18,Phoenix,78.1,16.5,0.0,7.0
2021-10-19,Phoenix,89.5,13.4,0.0,7.9
2021-10-20,Phoenix,79.5,27.4,0.0,7.9
2021-10-21,Phoenix,71.9,29.5,0.0,15.6
2021-10-22,Phoenix,76.1,26.8,0.0,3.6
2021-10-23,Phoenix,82.5,20.3,0.0,5.2
2021-10-24,Phoenix,76.4,10.0,0.0,4.8
2021-10-25,Phoenix,75.3,33.9,0.0,8.8
2021-10-26,Phoenix,78.4,10.0,0.0,8.7
2021-10-27,Phoenix,73.2,26.7,0.0,6.3
2021-10-28,Phoenix,73.3,38.9,0.0,10.7
2021-10-29,Phoenix,69.6,23.2,0.0,9.1
2021-10-30,Phoenix,81.2,24.3,0.0,10.8
2021-10-31,Phoenix,67.4,25.0,0.0,11.6
2021-11-01,Phoenix,73.3,23.6,0.0,1.6
2021-11-02,Phoenix,74.2,40.8,0.0,10.1
2021-11-03,Phoenix,71.6,15.3,0.0,4.1
2021-11-04,Phoenix,65.6,14.3,0.0,8.7
2021-11-05,Phoenix,66.3,19.4,0.0,7.8
2021-11-06,Phoenix,72.7,35.9,0.0,7.9
2021-11-07,Phoenix,66.4,17.4,0.0,4.4
2021-11-08,Phoenix,60.2,25.4,0.0,11.1
2021-11-09,Phoenix,70.8,30.6,0.0,4.1
2021-11-10,Phoenix,64.7,28.2,0.0,10.3
2021-11-11,Phoenix,71.1,30.1,0.0,3.7
2021-11-12,Phoenix,66.9,33.3,0.0,7.9
2021-11-13,Phoenix,66.3,24.5,0.0,13.4
2021-11-14,Phoenix,67.2,18.3,0.0,15.1
2021-11-15,Phoenix,61.5,23.2,0.0,3.1
2021-11-16,Phoenix,62.5,19.3,0.0,5.9
2021-11-17,Phoenix,64.6,42.2,0.0,6.4
2021-11-18,Phoenix,60.3,17.7,0.0,14.8
2021-11-19,Phoenix,68.2,25.9,0.0,7.8
2021-11-20,Phoenix,63.3,10.0,0.0,11.2
2021-11-21,Phoenix,57.7,23.1,0.0,8.9
2021-11-22,Phoenix,61.4,19.7,0.0,4.4
2021-11-23,Phoenix,64.0,27.4,0.0,2.4
2021-11-24,Phoenix,61.1,27.6,0.0,6.2
2021-11-25,Phoenix,64.6,33.3,0.0,15.0
2021-11-26,Phoenix,65.0,32.7,0.0,8.8
2021-11-27,Phoenix,72.9,21.5,0.0,11.2
2021-11-28,Phoenix,66.9,14.4,0.0,3.7
2021-11-29,Phoenix,54.0,15.4,0.0,7.0
2021-11-30,Phoenix,59.4,24.4,0.0,10.3
2021-12-01,Phoenix,59.5,23.3,0.0,4.7
2021-12-02,Phoenix,62.9,24.1,0.0,7.8
2021-12-03,Phoenix,55.8,17.7,0.0,5.4
2021-12-04,Phoenix,57.3,33.5,0.0,10.5
2021-12-05,Phoenix,53.8,10.2,0.0,9.2
2021-12-06,Phoenix,56.4,17.3,0.0,10.1
2021-12-07,Phoenix,56.2,13.4,0.0,10.6
2021-12-08,Phoenix,57.1,20.3,0.0,7.3
2021-12-09,Phoenix,52.8,32.0,0.0,11.0
2021-12-10,Phoenix,62.3,19.7,0.0,6.2
2021-12-11,Phoenix,59.7,22.8,0.0,9.9
2021-12-12,Phoenix,50.8,27.3,0.0,2.1
2021-12-13,Phoenix,57.2,19.3,0.0,5.8
2021-12-14,Phoenix,49.8,25.1,0.0,14.9
2021-12-15,Phoenix,62.6,24.0,0.0,9.8
2021-12-16,Phoenix,63.6,13.0,0.0,9.8
2021-12-17,Phoenix,55.8,18.3,0.0,5.5
2021-12-18,Phoenix,52.0,24.8,0.0,4.7
2021-12-19,Phoenix,52.6,32.3,0.0,7.2
2021-12-20,Phoenix,53.3,32.3,0.0,7.8
2021-12-21,Phoenix,54.7,38.8,0.0,13.7
2021-12-22,Phoenix,61.1,25.9,0.0,11.1
2021-12-23,Phoenix,59.0,18.7,0.0,8.3
2021-12-24,Phoenix,58.9,21.5,0.0,8.2
2021-12-25,Phoenix,55.1,21.1,0.0,10.3
2021-12-26,Phoenix,49.0,18.7,0.0,4.0
2021-12-27,Phoenix,50.5,25.1,0.0,2.2
2021-12-28,Phoenix,54.1,25.4,0.0,10.2
2021-12-29,Phoenix,48.3,12.6,0.0,8.2
2021-12-30,Phoenix,54.9,30.7,0.0,4.1
2021-12-31,Phoenix,57.0,10.0,0.0,1.7
2022-01-01,Phoenix,55.6,20.2,0.0,10.7
2022-01-02,Phoenix,55.3,31.2,0.0,6.4
2022-01-03,Phoenix,44.5,26.9,0.0,9.2
2022-01-04,Phoenix,58.8,19.1,0.0,7.2
2022-01-05,Phoenix,45.7,37.8,0.34,7.9
2022-01-06,Phoenix,51.9,18.5,0.0,6.2
2022-01-07,Phoenix,55.3,10.0,0.0,7.8
2022-01-08,Phoenix,54.1,25.6,0.0,9.7
2022-01-09,Phoenix,46.6,10.0,0.0,7.2
2022-01-10,Phoenix,47.3,15.3,0.0,7.0
2022-01-11,Phoenix,53.5,27.0,0.0,9.8
2022-01-12,Phoenix,54.5,18.3,0.0,10.0
2022-01-13,Phoenix,47.1,26.6,0.0,4.6
2022-01-14,Phoenix,53.9,12.7,0.0,7.9
2022-01-15,Phoenix,45.2,28.9,0.0,6.4
2022-01-16,Phoenix,54.8,10.0,0.0,8.0
2022-01-17,Phoenix,48.0,32.5,0.0,12.3
2022-01-18,Phoenix,52.4,18.2,0.0,9.1
2022-01-19,Phoenix,51.6,34.2,0.0,14.5
2022-01-20,Phoenix,57.2,15.3,0.0,8.7
2022-01-21,Phoenix,53.1,37.4,0.0,7.5
2022-01-22,Phoenix,49.3,14.3,0.0,7.9
2022-01-23,Phoenix,53.7,10.0,0.0,8.4
2022-01-24,Phoenix,61.7,22.3,0.0,9.0
2022-01-25,Phoenix,55.5,31.9,0.0,5.0
2022-01-26,Phoenix,51.9,28.3,0.0,7.3
2022-01-27,Phoenix,48.5,31.3,0.0,5.8
2022-01-28,Phoenix,49.6,28.5,0.0,11.1
2022-01-29,Phoenix,55.5,15.4,0.0,2.2
2022-01-30,Phoenix,48.5,28.1,0.0,8.5
2022-01-31,Phoenix,52.6,22.7,0.0,3.4
2022-02-01,Phoenix,59.1,16.3,0.0,9.3
2022-02-02,Phoenix,53.5,23.4,0.0,6.8
2022-02-03,Phoenix,48.0,21.5,0.0,2.5
2022-02-04,Phoenix,62.8,33.3,0.0,10.8
2022-02-05,Phoenix,61.1,17.9,0.0,0.5
2022-02-06,Phoenix,55.5,17.5,0.0,7.9
2022-02-07,Phoenix,59.2,16.4,0.0,10.1
2022-02-08,Phoenix,52.4,37.2,0.0,12.1
2022-02-09,Phoenix,57.0,16.9,0.0,3.2
2022-02-10,Phoenix,52.0,32.4,0.0,6.5
2022-02-11,Phoenix,48.0,13.7,0.0,11.3
2022-02-12,Phoenix,65.9,26.1,0.0,11.5
2022-02-13,Phoenix,48.1,24.1,0.0,11.8
2022-02-14,Phoenix,56.0,31.9,0.21,15.7
2022-02-15,Phoenix,56.1,30.7,0.0,6.5
2022-02-16,Phoenix,57.3,22.7,0.0,9.1
2022-02-17,Phoenix,,17.7,0.0,7.0
2022-02-18,Phoenix,55.1,35.0,0.0,2.1
2022-02-19,Phoenix,56.3,16.9,0.0,7.7
2022-02-20,Phoenix,58.1,10.0,0.0,2.0
2022-02-21,Phoenix,56.1,10.0,0.0,6.4
2022-02-22,Phoenix,56.1,10.0,0.0,3.6
2022-02-23,Phoenix,50.7,26.8,0.0,9.3
2022-02-24,Phoenix,66.0,39.7,0.0,5.7
2022-02-25,Phoenix,59.6,10.0,0.0,2.6
2022-02-26,Phoenix,58.4,15.7,0.0,10.6
2022-02-27,Phoenix,54.9,22.7,0.0,6.2
2022-02-28,Phoenix,53.5,34.4,0.0,6.7
2022-03-01,Phoenix,62.2,15.7,0.0,5.1
2022-03-02,Phoenix,57.9,26.7,0.0,11.4
2022-03-03,Phoenix,61.7,20.0,0.0,8.8
2022-03-04,Phoenix,53.1,42.9,0.0,6.2
2022-03-05,Phoenix,66.5,23.2,0.0,2.3
2022-03-06,Phoenix,63.9,24.8,0.0,15.5
2022-03-07,Phoenix,59.8,22.7,0.0,13.9
2022-03-08,Phoenix,62.6,18.7,0.0,12.3
2022-03-09,Phoenix,64.1,29.6,0.0,5.9
2022-03-10,Phoenix,55.1,12.7,0.0,6.5
2022-03-11,Phoenix,69.0,10.0,0.0,9.2
2022-03-12,Phoenix,64.0,20.8,0.0,5.3
2022-03-13,Phoenix,59.0,28.5,0.0,5.0
2022-03-14,Phoenix,57.6,17.4,0.0,12.4
2022-03-15,Phoenix,67.4,23.5,0.0,7.8
2022-03-16,Phoenix,64.2,12.2,0.0,4.6
2022-03-17,Phoenix,65.8,30.5,0.0,10.9
2022-03-18,Phoenix,64.1,27.2,0.0,6.3
2022-03-19,Phoenix,59.9,22.2,0.0,2.1
2022-03-20,Phoenix,67.1,23.3,0.0,4.6
2022-03-21,Phoenix,64.3,10.9,0.0,6.5
2022-03-22,Phoenix,65.5,11.2,0.0,8.7
2022-03-23,Phoenix,76.7,21.0,0.0,8.5
2022-03-24,Phoenix,70.3,26.1,0.0,11.7
2022-03-25,Phoenix,70.9,26.5,0.0,7.3
2022-03-26,Phoenix,79.4,19.1,0.0,6.6
2022-03-27,Phoenix,69.3,28.0,0.0,11.7
2022-03-28,Phoenix,68.5,33.4,0.0,10.9
2022-03-29,Phoenix,65.3,21.3,0.0,7.4
2022-03-30,Phoenix,66.8,24.5,0.0,8.9
2022-03-31,Phoenix,60.0,20.3,0.0,6.6
2022-04-01,Phoenix,73.2,21.0,0.0,4.5
2022-04-02,Phoenix,64.4,23.4,0.0,14.6
2022-04-03,Phoenix,74.6,35.6,0.0,6.4
2022-04-04,Phoenix,70.7,29.3,0.0,8.9
2022-04-05,Phoenix,71.9,28.6,0.0,3.5
2022-04-06,Phoenix,71.6,18.4,0.0,10.2
2022-04-07,Phoenix,78.5,14.8,0.0,4.4
2022-04-08,Phoenix,78.1,25.1,0.0,13.0
2022-04-09,Phoenix,73.0,31.9,0.0,13.4
2022-04-10,Phoenix,69.5,35.8,0.0,9.7
2022-04-11,Phoenix,78.1,10.0,0.0,8.3
2022-04-12,Phoenix,70.0,41.6,0.0,7.4
2022-04-13,Phoenix,67.9,25.3,0.0,7.9
2022-04-14,Phoenix,77.6,29.3,0.0,9.2
2022-04-15,Phoenix,81.2,10.0,0.0,8.3
2022-04-16,Phoenix,74.4,20.1,0.0,10.9
2022-04-17,Phoenix,78.5,28.6,0.0,5.2
2022-04-18,Phoenix,75.2,12.6,0.0,12.6
2022-04-19,Phoenix,80.8,10.0,0.0,6.7
2022-04-20,Phoenix,82.9,24.7,0.0,5.8
2022-04-21,Phoenix,77.3,21.6,0.0,9.1
2022-04-22,Phoenix,74.3,33.5,0.0,9.3
2022-04-23,Phoenix,72.8,20.7,0.0,2.8
2022-04-24,Phoenix,84.0,21.3,0.0,6.6
2022-04-25,Phoenix,75.1,27.6,0.0,1.5
2022-04-26,Phoenix,82.4,30.3,0.0,6.0
2022-04-27,Phoenix,84.6,16.3,0.0,6.1
2022-04-28,Phoenix,79.3,29.6,0.0,8.9
2022-04-29,Phoenix,81.3,17.8,0.0,5.6
2022-04-30,Phoenix,86.9,22.1,0.0,6.3
2022-05-01,Phoenix,79.3,27.4,0.0,11.9
2022-05-02,Phoenix,79.2,28.8,0.0,14.2
2022-05-03,Phoenix,82.7,24.5,0.0,5.2
2022-05-04,Phoenix,90.0,13.4,0.0,11.1
2022-05-05,Phoenix,91.9,10.0,0.0,9.2
2022-05-06,Phoenix,84.6,20.5,0.0,2.8
2022-05-07,Phoenix,82.3,29.8,0.0,5.6
2022-05-08,Phoenix,90.7,25.6,0.0,0.0
2022-05-09,Phoenix,78.8,23.9,0.0,9.0
2022-05-10,Phoenix,87.9,21.9,0.0,4.8
2022-05-11,Phoenix,87.0,24.5,0.0,8.4
2022-05-12,Phoenix,93.4,14.0,1.13,15.7
2022-05-13,Phoenix,94.3,28.2,0.0,12.8
2022-05-14,Phoenix,84.2,28.8,0.0,5.7
2022-05-15,Phoenix,89.6,19.2,0.0,5.0
2022-05-16,Phoenix,86.7,25.5,0.45,11.9
2022-05-17,Phoenix,88.3,10.0,0.0,5.0
2022-05-18,Phoenix,92.8,23.4,0.0,11.0
2022-05-19,Phoenix,88.9,20.9,0.0,16.2
2022-05-20,Phoenix,91.7,32.1,0.0,10.0
2022-05-21,Phoenix,95.5,20.4,0.0,11.6
2022-05-22,Phoenix,98.4,28.9,0.0,11.2
2022-05-23,Phoenix,93.3,18.9,0.0,6.3
2022-05-24,Phoenix,92.9,10.0,0.0,8.9
2022-05-25,Phoenix,87.7,20.2,0.0,5.1
2022-05-26,Phoenix,100.2,23.6,0.0,11.9
2022-05-27,Phoenix,95.7,23.2,0.0,4.7
2022-05-28,Phoenix,94.4,23.3,0.0,10.1
2022-05-29,Phoenix,94.5,17.9,0.0,11.4
2022-05-30,Phoenix,96.1,19.4,0.0,6.5
2022-05-31,Phoenix,98.3,13.0,0.0,5.8
2022-06-01,Phoenix,99.2,10.0,0.0,7.5
2022-06-02,Phoenix,102.8,21.1,0.0,5.3
2022-06-03,Phoenix,96.9,16.0,0.0,8.5
2022-06-04,Phoenix,104.1,30.6,0.0,5.2
2022-06-05,Phoenix,101.3,10.0,0.0,5.5
2022-06-06,Phoenix,96.5,24.3,0.0,9.6
2022-06-07,Phoenix,89.6,39.0,0.0,9.9
2022-06-08,Phoenix,97.8,20.5,0.0,7.1
2022-06-09,Phoenix,104.7,22.0,0.0,3.1
2022-06-10,Phoenix,94.5,25.4,0.0,11.5
2022-06-11,Phoenix,98.6,26.0,0.0,6.7
2022-06-12,Phoenix,99.3,18.7,0.0,14.2
2022-06-13,Phoenix,103.1,13.9,0.0,7.6
2022-06-14,Phoenix,97.3,27.2,0.0,8.4
2022-06-15,Phoenix,95.4,10.0,0.0,6.7
2022-06-16,Phoenix,102.2,28.7,0.0,8.7
2022-06-17,Phoenix,96.5,18.9,0.0,18.4
2022-06-18,Phoenix,91.8,22.0,0.0,7.0
2022-06-19,Phoenix,108.6,17.8,0.0,11.8
2022-06-20,Phoenix,104.7,33.4,0.0,8.3
2022-06-21,Phoenix,109.2,24.0,0.0,11.5
2022-06-22,Phoenix,104.9,19.4,0.0,2.2
2022-06-23,Phoenix,104.2,19.2,0.0,13.8
2022-06-24,Phoenix,103.0,20.8,0.0,9.0
2022-06-25,Phoenix,100.7,41.2,0.0,7.2
2022-06-26,Phoenix,104.1,11.5,0.0,10.7
2022-06-27,Phoenix,99.4,30.7,0.0,8.4
2022-06-28,Phoenix,97.3,26.5,0.0,4.6
2022-06-29,Phoenix,100.8,34.3,0.0,0.7
2022-06-30,Phoenix,108.2,27.0,0.0,13.5
2022-07-01,Phoenix,97.0,22.0,0.0,7.3
2022-07-02,Phoenix,97.2,30.2,0.0,6.2
2022-07-03,Phoenix,105.5,23.8,0.0,6.4
2022-07-04,Phoenix,101.1,28.0,0.0,12.4
2022-07-05,Phoenix,105.3,33.4,0.0,6.5
2022-07-06,Phoenix,107.7,22.7,0.0,9.9
2022-07-07,Phoenix,105.4,18.6,0.0,7.0
2022-07-08,Phoenix,100.6,16.8,0.0,4.2
2022-07-09,Phoenix,109.3,25.6,0.0,10.7
2022-07-10,Phoenix,106.9,15.0,0.0,11.3
2022-07-11,Phoenix,103.8,19.2,0.0,6.0
2022-07-12,Phoenix,103.6,14.3,0.0,7.9
2022-07-13,Phoenix,105.5,26.1,0.0,8.3
2022-07-14,Phoenix,102.4,16.0,0.0,9.3
2022-07-15,Phoenix,96.6,11.7,0.0,13.9
2022-07-16,Phoenix,107.3,13.1,0.0,7.0
2022-07-17,Phoenix,107.1,17.4,0.0,7.0
2022-07-18,Phoenix,93.6,18.2,0.0,7.5
2022-07-19,Phoenix,106.3,24.0,0.0,5.2
2022-07-20,Phoenix,111.9,20.7,0.0,2.8
2022-07-21,Phoenix,98.9,25.0,0.0,8.4
2022-07-22,Phoenix,103.7,25.6,0.0,9.6
2022-07-23,Phoenix,103.2,27.9,0.0,8.0
2022-07-24,Phoenix,111.4,10.0,0.0,7.8
2022-07-25,Phoenix,109.0,13.0,0.0,5.3
2022-07-26,Phoenix,99.9,26.4,0.0,8.8
2022-07-27,Phoenix,105.4,23.7,0.0,8.5
2022-07-28,Phoenix,114.1,29.8,0.0,9.4
2022-07-29,Phoenix,100.9,10.0,0.0,9.0
2022-07-30,Phoenix,103.6,18.2,0.0,9.2
2022-07-31,Phoenix,105.9,19.6,0.0,12.0
2022-08-01,Phoenix,100.7,23.3,0.0,9.7
2022-08-02,Phoenix,111.3,22.3,0.0,9.4
2022-08-03,Phoenix,101.2,25.8,0.0,2.8
2022-08-04,Phoenix,96.9,21.1,0.0,11.2
2022-08-05,Phoenix,100.7,33.0,0.0,7.1
2022-08-06,Phoenix,105.9,35.5,0.0,8.2
2022-08-07,Phoenix,99.2,13.1,0.0,4.2
2022-08-08,Phoenix,104.0,22.4,0.0,14.3
2022-08-09,Phoenix,105.1,28.4,0.0,0.6
2022-08-10,Phoenix,96.9,26.7,0.0,12.5
2022-08-11,Phoenix,99.7,18.7,0.0,9.3
2022-08-12,Phoenix,103.6,24.0,0.0,2.3
2022-08-13,Phoenix,105.0,10.0,0.0,14.1
2022-08-14,Phoenix,99.3,21.8,0.0,9.5
2022-08-15,Phoenix,102.2,10.3,0.0,0.9
2022-08-16,Phoenix,100.0,26.1,0.0,6.7
2022-08-17,Phoenix,104.4,13.1,0.0,9.6
2022-08-18,Phoenix,103.2,23.3,0.0,13.1
2022-08-19,Phoenix,99.0,24.6,0.0,6.8
2022-08-20,Phoenix,102.6,22.6,0.0,0.1
2022-08-21,Phoenix,98.4,16.9,0.0,12.4
2022-08-22,Phoenix,102.1,20.3,0.0,9.5
2022-08-23,Phoenix,101.9,31.4,0.0,1.3
2022-08-24,Phoenix,110.2,18.6,0.0,9.0
2022-08-25,Phoenix,97.7,22.2,0.0,9.3
2022-08-26,Phoenix,98.4,17.5,0.0,7.0
2022-08-27,Phoenix,95.8,30.2,0.0,5.5
2022-08-28,Phoenix,93.8,22.6,0.0,6.2
2022-08-29,Phoenix,96.1,15.9,0.0,7.0
2022-08-30,Phoenix,100.9,22.1,0.0,9.1
2022-08-31,Phoenix,100.9,20.1,0.0,10.4
2022-09-01,Phoenix,98.6,33.1,0.0,1.6
2022-09-02,Phoenix,95.7,21.6,0.0,8.8
2022-09-03,Phoenix,94.5,10.9,0.0,9.5
2022-09-04,Phoenix,92.2,26.0,0.0,8.5
2022-09-05,Phoenix,93.5,36.3,0.0,6.8
2022-09-06,Phoenix,89.9,31.6,0.0,12.3
2022-09-07,Phoenix,101.5,13.2,0.0,12.0
2022-09-08,Phoenix,103.3,19.9,0.0,6.9
2022-09-09,Phoenix,86.0,21.8,0.0,7.8
2022-09-10,Phoenix,95.7,21.9,0.0,10.3
2022-09-11,Phoenix,,25.0,0.0,11.8
2022-09-12,Phoenix,94.6,19.2,0.0,5.6
2022-09-13,Phoenix,90.7,14.7,0.0,4.9
2022-09-14,Phoenix,97.6,29.6,0.0,8.8
2022-09-15,Phoenix,94.4,13.0,0.0,4.6
2022-09-16,Phoenix,96.9,15.6,0.0,2.2
2022-09-17,Phoenix,88.5,13.0,0.0,5.5
2022-09-18,Phoenix,85.2,26.9,0.0,9.3
2022-09-19,Phoenix,93.0,22.9,0.0,12.7
2022-09-20,Phoenix,86.4,29.1,0.0,5.9
2022-09-21,Phoenix,95.0,15.7,0.0,7.6
2022-09-22,Phoenix,80.3,12.0,0.0,8.5
2022-09-23,Phoenix,87.4,18.4,0.0,6.1
2022-09-24,Phoenix,86.3,20.5,0.0,5.8
2022-09-25,Phoenix,87.2,23.7,0.0,9.0
2022-09-26,Phoenix,89.5,10.0,0.0,4.4
2022-09-27,Phoenix,89.6,25.8,0.0,5.7
2022-09-28,Phoenix,90.3,14.8,0.0,7.4
2022-09-29,Phoenix,90.4,16.8,0.0,9.0
2022-09-30,Phoenix,85.8,31.4,0.0,3.5
2022-10-01,Phoenix,95.7,10.0,0.0,7.6
2022-10-02,Phoenix,92.0,24.6,0.0,4.1
2022-10-03,Phoenix,83.9,24.5,0.0,5.9
2022-10-04,Phoenix,84.3,15.4,0.0,10.4
2022-10-05,Phoenix,83.0,18.4,0.0,7.8
2022-10-06,Phoenix,85.7,31.8,0.0,13.0
2022-10-07,Phoenix,79.2,37.7,0.0,7.8
2022-10-08,Phoenix,79.6,30.5,0.0,10.9
2022-10-09,Phoenix,73.0,37.1,0.0,10.4
2022-10-10,Phoenix,80.5,16.5,0.0,8.0
2022-10-11,Phoenix,86.6,10.0,0.0,4.1
2022-10-12,Phoenix,80.7,21.6,0.0,7.7
2022-10-13,Phoenix,80.5,28.4,0.0,6.4
2022-10-14,Phoenix,81.8,10.0,0.0,6.3
2022-10-15,Phoenix,75.6,14.6,0.0,8.5
2022-10-16,Phoenix,79.7,15.5,0.0,3.7
2022-10-17,Phoenix,83.2,24.9,0.0,5.4
2022-10-18,Phoenix,80.1,23.8,0.0,5.0
2022-10-19,Phoenix,82.7,15.8,0.0,7.2
2022-10-20,Phoenix,83.5,23.4,0.0,5.7
2022-10-21,Phoenix,80.4,12.8,0.0,5.9
2022-10-22,Phoenix,73.7,18.6,0.0,8.4
2022-10-23,Phoenix,74.9,11.9,0.0,6.7
2022-10-24,Phoenix,84.7,20.8,0.0,8.0
2022-10-25,Phoenix,77.0,15.6,0.0,4.7
2022-10-26,Phoenix,76.0,27.5,0.0,5.5
2022-10-27,Phoenix,70.8,21.8,0.0,14.1
2022-10-28,Phoenix,73.9,20.2,0.0,5.9
2022-10-29,Phoenix,77.0,36.1,0.0,1.7
2022-10-30,Phoenix,73.5,25.1,0.0,9.0
2022-10-31,Phoenix,70.6,19.1,0.0,5.9
2022-11-01,Phoenix,71.2,17.3,0.0,8.7
2022-11-02,Phoenix,77.4,12.6,0.0,7.7
2022-11-03,Phoenix,74.6,21.5,0.0,9.6
2022-11-04,Phoenix,73.6,24.5,0.0,7.7
2022-11-05,Phoenix,72.8,10.0,0.0,7.3
2022-11-06,Phoenix,65.0,11.1,0.0,11.4
2022-11-07,Phoenix,71.1,17.9,0.0,1.3
2022-11-08,Phoenix,74.3,13.2,0.0,4.0
2022-11-09,Phoenix,67.9,22.3,0.0,5.5
2022-11-10,Phoenix,73.1,23.5,0.0,2.9
2022-11-11,Phoenix,70.7,21.0,0.0,6.6
2022-11-12,Phoenix,71.5,26.4,0.0,6.3
2022-11-13,Phoenix,67.6,17.3,0.0,10.9
2022-11-14,Phoenix,71.0,21.6,0.0,7.7
2022-11-15,Phoenix,60.0,14.0,0.0,7.4
2022-11-16,Phoenix,66.4,24.3,0.0,6.9
2022-11-17,Phoenix,69.0,22.6,0.0,4.8
2022-11-18,Phoenix,66.7,12.4,0.0,10.7
2022-11-19,Phoenix,70.0,20.8,0.0,11.6
2022-11-20,Phoenix,63.9,21.7,0.0,4.4
2022-11-21,Phoenix,61.8,24.2,0.0,12.9
2022-11-22,Phoenix,56.5,24.5,0.0,6.0
2022-11-23,Phoenix,62.3,16.2,0.0,5.7
2022-11-24,Phoenix,65.5,28.1,0.0,9.4
2022-11-25,Phoenix,66.2,26.2,0.0,9.7
2022-11-26,Phoenix,56.1,16.2,0.0,7.8
2022-11-27,Phoenix,67.3,12.9,0.0,7.0
2022-11-28,Phoenix,57.3,16.8,0.0,11.5
2022-11-29,Phoenix,60.8,10.2,0.0,6.1
2022-11-30,Phoenix,58.5,23.7,0.0,7.8
2022-12-01,Phoenix,62.6,31.5,0.0,13.1
2022-12-02,Phoenix,60.8,33.4,0.0,4.0
2022-12-03,Phoenix,63.1,13.3,0.0,6.6
2022-12-04,Phoenix,68.0,28.3,0.0,11.1
2022-12-05,Phoenix,61.2,22.7,0.0,9.6
2022-12-06,Phoenix,56.5,10.0,0.0,10.7
2022-12-07,Phoenix,60.9,19.3,0.0,4.0
2022-12-08,Phoenix,67.2,18.5,0.0,9.0
2022-12-09,Phoenix,61.1,31.7,0.0,7.1
2022-12-10,Phoenix,62.2,15.0,0.0,14.8
2022-12-11,Phoenix,50.4,26.5,0.0,10.4
2022-12-12,Phoenix,59.1,21.1,0.0,7.9
2022-12-13,Phoenix,55.9,10.4,0.0,8.9
2022-12-14,Phoenix,53.8,17.6,0.0,8.2
2022-12-15,Phoenix,56.5,34.3,0.0,10.1
2022-12-16,Phoenix,56.8,20.6,0.0,5.4
2022-12-17,Phoenix,53.3,29.2,0.0,12.1
2022-12-18,Phoenix,56.7,28.8,0.0,4.0
2022-12-19,Phoenix,54.8,18.4,0.0,8.6
2022-12-20,Phoenix,58.5,11.7,0.0,5.5
2022-12-21,Phoenix,56.2,12.8,0.0,8.1
2022-12-22,Phoenix,56.6,33.6,0.07,11.0
2022-12-23,Phoenix,59.1,23.2,0.0,2.9
2022-12-24,Phoenix,57.0,10.0,0.0,7.5
2022-12-25,Phoenix,54.3,28.7,0.0,3.7
2022-12-26,Phoenix,44.8,10.0,0.0,7.2
2022-12-27,Phoenix,56.3,15.4,0.0,3.7
2022-12-28,Phoenix,49.7,22.7,0.0,8.5
2022-12-29,Phoenix,53.3,42.2,0.0,6.7
2022-12-30,Phoenix,55.2,28.5,0.0,10.2
2022-12-31,Phoenix,59.4,18.1,0.0,11.7
2023-01-01,Phoenix,61.5,22.2,0.0,8.0
2023-01-02,Phoenix,48.9,29.4,0.0,10.7
2023-01-03,Phoenix,47.0,33.4,0.0,12.1
2023-01-04,Phoenix,54.3,20.0,0.0,5.2
2023-01-05,Phoenix,53.8,20.3,0.0,12.3
2023-01-06,Phoenix,47.2,15.4,0.0,7.9
2023-01-07,Phoenix,52.4,27.3,0.0,5.1
2023-01-08,Phoenix,55.1,30.2,0.0,8.9
2023-01-09,Phoenix,46.8,10.0,0.0,7.8
2023-01-10,Phoenix,47.8,18.8,0.71,3.8
2023-01-11,Phoenix,49.3,12.3,0.0,4.7
2023-01-12,Phoenix,51.2,23.2,0.0,12.9
2023-01-13,Phoenix,55.2,12.1,0.0,8.8
2023-01-14,Phoenix,50.6,11.4,0.0,12.4
2023-01-15,Phoenix,52.3,31.0,0.0,6.8
2023-01-16,Phoenix,62.1,20.7,0.0,5.6
2023-01-17,Phoenix,47.7,21.5,0.0,3.0
2023-01-18,Phoenix,49.1,25.5,0.0,10.9
2023-01-19,Phoenix,55.1,29.8,0.0,9.2
2023-01-20,Phoenix,56.5,18.7,0.0,6.8
2023-01-21,Phoenix,53.9,18.8,0.0,5.6
2023-01-22,Phoenix,60.2,18.9,0.0,11.4
2023-01-23,Phoenix,53.5,30.7,0.0,7.5
2023-01-24,Phoenix,43.2,21.5,0.0,7.5
2023-01-25,Phoenix,52.6,19.7,0.0,6.2
2023-01-26,Phoenix,49.6,25.1,0.0,6.8
2023-01-27,Phoenix,58.5,36.7,0.31,9.7
2023-01-28,Phoenix,56.7,22.6,0.0,3.8
2023-01-29,Phoenix,45.3,19.8,0.0,8.2
2023-01-30,Phoenix,58.6,37.5,0.0,10.9
2023-01-31,Phoenix,56.8,32.6,0.0,7.7
2023-02-01,Phoenix,51.2,31.5,0.0,11.2
2023-02-02,Phoenix,52.4,18.0,0.0,12.0
2023-02-03,Phoenix,59.2,17.2,0.0,10.7
2023-02-04,Phoenix,44.1,10.0,0.0,6.4
2023-02-05,Phoenix,55.1,29.7,0.0,7.9
2023-02-06,Phoenix,58.2,22.6,0.0,9.0
2023-02-07,Phoenix,53.0,10.0,0.0,6.6
2023-02-08,Phoenix,56.5,31.6,0.0,6.5
2023-02-09,Phoenix,54.2,19.3,0.0,6.3
2023-02-10,Phoenix,50.4,20.3,0.0,15.6
2023-02-11,Phoenix,50.4,10.0,0.0,7.2
2023-02-12,Phoenix,,25.9,0.0,11.2
2023-02-13,Phoenix,51.6,26.0,0.0,5.4
2023-02-14,Phoenix,47.8,21.6,0.0,13.1
2023-02-15,Phoenix,55.4,18.7,0.0,6.9
2023-02-16,Phoenix,52.7,43.0,0.0,8.2
2023-02-17,Phoenix,49.8,12.4,0.0,2.5
2023-02-18,Phoenix,55.8,16.2,0.0,11.3
2023-02-19,Phoenix,59.1,27.7,0.0,12.0
2023-02-20,Phoenix,56.0,13.9,0.0,4.4
2023-02-21,Phoenix,51.4,13.3,0.0,11.5
2023-02-22,Phoenix,58.6,31.1,0.0,4.0
2023-02-23,Phoenix,61.3,26.8,0.0,9.9
2023-02-24,Phoenix,66.9,25.9,0.0,7.1
2023-02-25,Phoenix,63.7,23.5,0.0,12.0
2023-02-26,Phoenix,52.9,16.5,0.0,8.7
2023-02-27,Phoenix,61.6,20.0,0.0,10.8
2023-02-28,Phoenix,59.2,21.4,0.0,11.7
2023-03-01,Phoenix,53.1,28.8,0.0,7.1
2023-03-02,Phoenix,59.9,25.4,0.0,7.9
2023-03-03,Phoenix,67.5,14.6,0.0,4.7
2023-03-04,Phoenix,64.6,28.3,0.0,7.1
2023-03-05,Phoenix,54.9,10.0,0.0,13.8
2023-03-06,Phoenix,59.9,19.4,0.0,10.3
2023-03-07,Phoenix,62.4,12.9,0.0,4.9
2023-03-08,Phoenix,52.7,15.1,0.0,12.9
2023-03-09,Phoenix,53.2,37.4,0.0,9.2
2023-03-10,Phoenix,61.8,10.2,0.0,10.5
2023-03-11,Phoenix,62.2,15.4,0.0,9.5
2023-03-12,Phoenix,53.6,26.1,0.0,9.3
2023-03-13,Phoenix,63.9,18.2,0.0,2.0
2023-03-14,Phoenix,67.4,23.2,0.0,11.3
2023-03-15,Phoenix,61.9,33.4,0.0,1.2
2023-03-16,Phoenix,63.5,27.2,0.0,11.0
2023-03-17,Phoenix,66.2,18.3,0.0,8.3
2023-03-18,Phoenix,66.0,20.9,0.0,10.5
2023-03-19,Phoenix,56.9,26.2,0.0,8.5
2023-03-20,Phoenix,60.7,27.1,0.0,11.1
2023-03-21,Phoenix,63.4,22.2,0.0,8.0
2023-03-22,Phoenix,61.7,24.9,0.0,8.8
2023-03-23,Phoenix,72.6,24.9,0.0,9.2
2023-03-24,Phoenix,69.2,21.3,0.0,13.6
2023-03-25,Phoenix,61.8,17.2,0.0,9.8
2023-03-26,Phoenix,66.2,27.9,0.0,4.0
2023-03-27,Phoenix,72.7,24.3,0.0,6.3
2023-03-28,Phoenix,65.1,10.0,0.0,9.8
2023-03-29,Phoenix,72.2,15.4,0.0,11.8
2023-03-30,Phoenix,75.0,18.2,0.0,5.8
2023-03-31,Phoenix,74.7,20.4,0.0,14.7
2023-04-01,Phoenix,70.5,31.6,0.0,8.5
2023-04-02,Phoenix,75.7,47.6,0.0,9.3
2023-04-03,Phoenix,68.2,10.0,0.0,4.2
2023-04-04,Phoenix,82.1,24.4,0.0,11.3
2023-04-05,Phoenix,72.4,22.6,0.0,6.7
2023-04-06,Phoenix,77.0,20.6,0.0,5.8
2023-04-07,Phoenix,70.6,26.3,0.0,7.0
2023-04-08,Phoenix,74.9,23.2,0.0,12.1
2023-04-09,Phoenix,75.6,19.1,0.0,9.4
2023-04-10,Phoenix,69.4,22.2,0.0,5.3
2023-04-11,Phoenix,69.7,26.5,0.0,6.4
2023-04-12,Phoenix,73.5,25.7,0.0,12.2
2023-04-13,Phoenix,79.9,23.5,0.0,7.3
2023-04-14,Phoenix,67.1,17.3,0.0,9.7
2023-04-15,Phoenix,74.1,44.6,0.0,10.4
2023-04-16,Phoenix,82.1,24.9,0.0,0.0
2023-04-17,Phoenix,71.1,28.1,0.0,11.8
2023-04-18,Phoenix,82.7,17.9,0.0,5.4
2023-04-19,Phoenix,72.5,23.5,0.0,6.9
2023-04-20,Phoenix,73.9,23.5,0.0,12.6
2023-04-21,Phoenix,77.8,10.0,0.0,12.3
2023-04-22,Phoenix,87.3,16.3,0.0,9.5
2023-04-23,Phoenix,76.5,16.1,0.0,10.2
2023-04-24,Phoenix,72.0,17.2,0.0,10.9
2023-04-25,Phoenix,73.9,13.4,0.0,12.3
2023-04-26,Phoenix,84.9,22.4,0.0,12.7
2023-04-27,Phoenix,75.0,33.2,0.0,8.3
2023-04-28,Phoenix,86.9,23.0,0.0,5.8
2023-04-29,Phoenix,82.3,12.5,0.0,7.2
2023-04-30,Phoenix,82.3,13.8,0.0,8.4
2023-05-01,Phoenix,84.2,19.0,0.0,7.8
2023-05-02,Phoenix,79.7,10.7,0.0,5.0
2023-05-03,Phoenix,84.4,24.4,0.0,9.3
2023-05-04,Phoenix,78.8,32.8,0.0,3.3
2023-05-05,Phoenix,90.7,17.4,0.0,8.3
2023-05-06,Phoenix,80.4,22.6,0.0,8.4
2023-05-07,Phoenix,87.5,18.6,0.0,8.3
2023-05-08,Phoenix,81.3,17.0,0.0,10.6
2023-05-09,Phoenix,83.9,23.5,0.0,10.2
2023-05-10,Phoenix,85.1,16.7,0.0,14.7
2023-05-11,Phoenix,100.6,15.5,0.0,6.4
2023-05-12,Phoenix,87.5,10.0,0.0,8.8
2023-05-13,Phoenix,84.3,22.5,0.0,8.6
2023-05-14,Phoenix,86.4,30.5,0.0,8.5
2023-05-15,Phoenix,82.1,27.7,0.0,4.2
2023-05-16,Phoenix,88.5,33.9,0.0,4.4
2023-05-17,Phoenix,98.0,16.6,0.0,8.0
2023-05-18,Phoenix,91.6,28.8,0.0,3.3
2023-05-19,Phoenix,94.5,13.2,0.0,7.0
2023-05-20,Phoenix,86.7,27.7,0.0,6.1
2023-05-21,Phoenix,90.3,35.2,0.0,7.1
2023-05-22,Phoenix,92.5,26.0,0.0,11.4
2023-05-23,Phoenix,88.7,35.3,0.0,4.8
2023-05-24,Phoenix,94.2,17.2,0.0,10.6
2023-05-25,Phoenix,95.5,20.9,0.0,6.3
2023-05-26,Phoenix,95.5,14.7,0.0,6.7
2023-05-27,Phoenix,92.8,22.3,0.0,9.4
2023-05-28,Phoenix,98.7,24.2,0.0,7.2
2023-05-29,Phoenix,93.0,22.2,0.0,5.3
2023-05-30,Phoenix,92.9,18.2,0.0,6.9
2023-05-31,Phoenix,101.3,18.1,0.0,2.7
2023-06-01,Phoenix,90.2,24.8,0.0,9.1
2023-06-02,Phoenix,87.9,20.7,0.0,0.0
2023-06-03,Phoenix,91.9,12.8,0.0,10.7
2023-06-04,Phoenix,97.9,10.0,0.0,9.8
2023-06-05,Phoenix,102.3,17.2,0.0,12.8
2023-06-06,Phoenix,93.8,10.9,0.0,14.5
2023-06-07,Phoenix,105.3,15.3,0.0,10.8
2023-06-08,Phoenix,97.5,18.6,0.0,6.1
2023-06-09,Phoenix,97.2,20.8,0.0,14.5
2023-06-10,Phoenix,94.2,16.7,0.0,4.4
2023-06-11,Phoenix,107.1,39.5,0.0,2.3
2023-06-12,Phoenix,97.9,11.9,0.0,13.6
2023-06-13,Phoenix,92.8,31.7,0.0,9.8
2023-06-14,Phoenix,110.1,20.7,0.0,2.4
2023-06-15,Phoenix,101.1,16.7,0.0,3.9
2023-06-16,Phoenix,103.2,26.7,0.0,9.7
2023-06-17,Phoenix,107.4,18.4,0.0,5.4
2023-06-18,Phoenix,102.9,15.5,0.0,5.8
2023-06-19,Phoenix,104.7,36.3,0.0,13.9
2023-06-20,Phoenix,100.8,10.0,0.0,14.4
2023-06-21,Phoenix,104.1,20.0,0.0,8.4
2023-06-22,Phoenix,100.8,23.5,0.0,7.5
2023-06-23,Phoenix,101.1,33.3,0.0,10.7
2023-06-24,Phoenix,101.9,18.8,0.0,6.3
2023-06-25,Phoenix,99.8,43.3,0.0,1.3
2023-06-26,Phoenix,104.0,28.1,0.0,0.0
2023-06-27,Phoenix,104.2,10.0,0.0,7.8
2023-06-28,Phoenix,105.8,10.4,0.0,10.6
2023-06-29,Phoenix,105.2,23.9,0.0,8.0
2023-06-30,Phoenix,111.4,12.8,0.0,10.4
2023-07-01,Phoenix,107.3,26.4,0.0,10.7
2023-07-02,Phoenix,101.8,18.4,0.0,12.2
2023-07-03,Phoenix,104.9,12.4,0.0,8.6
2023-07-04,Phoenix,109.3,14.3,0.0,8.8
2023-07-05,Phoenix,98.8,28.8,0.0,7.9
2023-07-06,Phoenix,112.3,10.0,0.0,7.2
2023-07-07,Phoenix,99.8,30.4,0.0,3.3
2023-07-08,Phoenix,107.5,30.6,0.0,11.5
2023-07-09,Phoenix,103.5,19.3,0.0,6.8
2023-07-10,Phoenix,103.4,10.8,0.0,6.7
2023-07-11,Phoenix,97.8,26.4,0.0,6.4
2023-07-12,Phoenix,107.8,18.1,0.0,4.0
2023-07-13,Phoenix,98.0,10.0,0.0,7.7
2023-07-14,Phoenix,97.4,37.3,0.0,9.5
2023-07-15,Phoenix,109.1,14.9,0.0,5.9
2023-07-16,Phoenix,112.0,10.2,0.0,11.1
2023-07-17,Phoenix,101.0,24.3,0.0,6.9
2023-07-18,Phoenix,108.5,21.5,0.0,3.4
2023-07-19,Phoenix,107.6,33.9,0.0,12.1
2023-07-20,Phoenix,103.6,19.0,0.0,8.6
2023-07-21,Phoenix,110.0,19.0,0.0,10.6
2023-07-22,Phoenix,103.3,24.7,0.0,10.7
2023-07-23,Phoenix,106.3,23.6,0.0,5.2
2023-07-24,Phoenix,98.3,23.8,0.0,6.4
2023-07-25,Phoenix,98.5,24.2,0.0,11.1
2023-07-26,Phoenix,109.1,23.3,0.0,13.5
2023-07-27,Phoenix,106.3,18.7,0.0,8.2
2023-07-28,Phoenix,103.1,28.7,0.0,6.1
2023-07-29,Phoenix,,19.1,0.0,13.0
2023-07-30,Phoenix,112.2,28.4,0.0,6.1
2023-07-31,Phoenix,105.5,33.1,0.0,9.0
2023-08-01,Phoenix,96.9,16.6,0.0,6.7
2023-08-02,Phoenix,102.9,41.2,0.0,8.8
2023-08-03,Phoenix,99.5,16.3,0.0,5.2
2023-08-04,Phoenix,103.6,16.4,0.0,6.9
2023-08-05,Phoenix,98.8,26.3,0.0,6.1
2023-08-06,Phoenix,97.6,25.5,0.0,10.0
2023-08-07,Phoenix,92.6,22.6,0.0,8.5
2023-08-08,Phoenix,103.4,28.5,0.0,10.6
2023-08-09,Phoenix,92.2,24.0,0.0,5.5
2023-08-10,Phoenix,100.9,38.5,0.0,7.4
2023-08-11,Phoenix,105.3,21.6,0.0,9.9
2023-08-12,Phoenix,98.8,15.2,0.0,10.6
2023-08-13,Phoenix,97.0,17.6,0.0,3.7
2023-08-14,Phoenix,101.4,25.8,0.0,9.0
2023-08-15,Phoenix,97.8,25.9,0.0,5.6
2023-08-16,Phoenix,102.1,23.7,0.0,10.7
2023-08-17,Phoenix,96.5,15.2,0.0,13.6
2023-08-18,Phoenix,100.4,30.9,0.0,0.2
2023-08-19,Phoenix,99.1,37.5,0.74,6.0
2023-08-20,Phoenix,100.4,22.2,0.0,8.8
2023-08-21,Phoenix,107.6,36.5,0.0,8.0
2023-08-22,Phoenix,100.9,28.9,0.0,10.8
2023-08-23,Phoenix,102.0,39.7,0.0,8.2
2023-08-24,Phoenix,96.7,25.8,0.0,6.4
2023-08-25,Phoenix,100.3,23.1,0.0,4.9
2023-08-26,Phoenix,97.8,28.7,0.0,4.4
2023-08-27,Phoenix,98.9,18.5,0.0,5.8
2023-08-28,Phoenix,101.4,25.3,0.0,6.3
2023-08-29,Phoenix,95.9,32.6,0.0,9.2
2023-08-30,Phoenix,96.1,28.6,0.0,7.5
2023-08-31,Phoenix,95.4,21.8,0.0,6.0
2023-09-01,Phoenix,,23.6,0.0,5.0
2023-09-02,Phoenix,97.8,28.1,0.0,5.9
2023-09-03,Phoenix,95.1,27.8,0.0,6.3
2023-09-04,Phoenix,103.1,28.0,0.0,5.8
2023-09-05,Phoenix,108.1,24.7,0.0,10.0
2023-09-06,Phoenix,93.2,15.4,0.0,12.1
2023-09-07,Phoenix,96.7,16.7,0.0,4.5
2023-09-08,Phoenix,99.7,25.7,0.0,11.4
2023-09-09,Phoenix,93.5,28.7,0.0,10.1
2023-09-10,Phoenix,89.9,27.6,0.0,8.5
2023-09-11,Phoenix,101.9,16.6,0.0,12.6
2023-09-12,Phoenix,96.8,20.8,0.0,7.5
2023-09-13,Phoenix,94.8,12.6,0.0,9.2
2023-09-14,Phoenix,99.5,10.9,0.0,8.4
2023-09-15,Phoenix,96.1,22.7,0.0,8.1
2023-09-16,Phoenix,92.0,32.9,0.0,9.4
2023-09-17,Phoenix,87.4,22.8,0.0,8.1
2023-09-18,Phoenix,89.2,37.3,0.0,9.4
2023-09-19,Phoenix,96.5,20.7,0.0,6.0
2023-09-20,Phoenix,93.8,22.2,0.0,6.1
2023-09-21,Phoenix,89.5,14.1,0.0,6.0
2023-09-22,Phoenix,97.8,19.2,0.0,6.9
2023-09-23,Phoenix,88.8,12.5,0.0,11.0
2023-09-24,Phoenix,93.5,10.0,0.0,6.6
2023-09-25,Phoenix,89.7,12.6,0.0,10.0
2023-09-26,Phoenix,97.0,22.7,0.0,8.8
2023-09-27,Phoenix,91.3,16.1,0.0,6.7
2023-09-28,Phoenix,87.7,18.0,0.0,11.9
2023-09-29,Phoenix,86.2,25.3,0.0,10.2
2023-09-30,Phoenix,86.5,10.0,0.0,8.0
2023-10-01,Phoenix,82.9,22.6,0.0,7.8
2023-10-02,Phoenix,79.6,28.8,0.0,8.3
2023-10-03,Phoenix,86.7,29.5,0.0,3.4
2023-10-04,Phoenix,82.5,26.1,0.73,5.5
2023-10-05,Phoenix,82.1,21.6,0.0,9.4
2023-10-06,Phoenix,83.6,17.0,0.0,3.3
2023-10-07,Phoenix,83.8,21.3,0.0,5.8
2023-10-08,Phoenix,83.2,35.2,0.0,6.8
2023-10-09,Phoenix,90.5,24.2,0.0,16.7
2023-10-10,Phoenix,85.3,21.1,0.0,10.0
2023-10-11,Phoenix,91.3,26.5,0.0,11.3
2023-10-12,Phoenix,79.4,22.4,0.0,5.6
2023-10-13,Phoenix,84.5,23.8,0.0,9.1
2023-10-14,Phoenix,78.8,20.0,0.0,2.7
2023-10-15,Phoenix,77.5,18.7,0.0,7.0
2023-10-16,Phoenix,89.3,30.0,0.0,9.5
2023-10-17,Phoenix,75.7,10.0,0.0,3.7
2023-10-18,Phoenix,68.7,25.8,0.0,9.2
2023-10-19,Phoenix,75.1,18.2,0.0,9.4
2023-10-20,Phoenix,68.8,10.0,0.0,6.2
2023-10-21,Phoenix,73.1,14.2,0.0,5.5
2023-10-22,Phoenix,73.1,21.7,0.0,5.9
2023-10-23,Phoenix,76.7,22.8,0.0,7.0
2023-10-24,Phoenix,66.8,27.9,0.0,7.0
2023-10-25,Phoenix,81.0,28.5,0.0,9.5
2023-10-26,Phoenix,66.7,10.0,0.0,6.4
2023-10-27,Phoenix,74.1,25.0,0.0,12.8
2023-10-28,Phoenix,72.8,27.8,0.0,12.8
2023-10-29,Phoenix,77.5,23.8,0.0,8.7
2023-10-30,Phoenix,75.0,26.0,0.0,7.0
2023-10-31,Phoenix,78.3,10.0,0.0,6.4
2023-11-01,Phoenix,70.9,14.1,0.0,9.0
2023-11-02,Phoenix,70.0,32.9,0.0,9.5
2023-11-03,Phoenix,73.5,19.8,0.0,7.4
2023-11-04,Phoenix,75.8,39.8,0.0,6.8
2023-11-05,Phoenix,74.5,11.8,0.0,9.1
2023-11-06,Phoenix,71.8,34.5,0.0,8.2
2023-11-07,Phoenix,71.0,17.1,0.0,6.3
2023-11-08,Phoenix,69.3,28.9,0.0,8.3
2023-11-09,Phoenix,70.9,19.6,0.0,6.2
2023-11-10,Phoenix,77.8,22.9,0.0,5.7
2023-11-11,Phoenix,67.1,26.8,0.0,8.0
2023-11-12,Phoenix,66.2,17.1,0.0,6.3
2023-11-13,Phoenix,65.4,28.4,0.0,5.8
2023-11-14,Phoenix,68.8,19.9,0.0,11.1
2023-11-15,Phoenix,57.1,23.4,0.0,6.8
2023-11-16,Phoenix,65.6,10.0,0.0,13.5
2023-11-17,Phoenix,69.8,19.3,0.0,9.9
2023-11-18,Phoenix,63.0,32.1,0.0,5.5
2023-11-19,Phoenix,65.9,27.6,0.0,11.5
2023-11-20,Phoenix,74.1,29.1,0.0,5.9
2023-11-21,Phoenix,65.7,22.4,0.0,13.9
2023-11-22,Phoenix,53.8,35.4,0.0,8.7
2023-11-23,Phoenix,57.2,24.3,0.0,9.6
2023-11-24,Phoenix,62.0,16.7,0.0,8.1
2023-11-25,Phoenix,59.2,28.8,0.0,8.8
2023-11-26,Phoenix,62.9,29.4,0.0,7.3
2023-11-27,Phoenix,60.7,27.0,0.0,5.2
2023-11-28,Phoenix,67.0,18.8,0.0,9.0
2023-11-29,Phoenix,56.4,24.3,0.0,11.1
2023-11-30,Phoenix,60.1,33.1,0.0,4.4
2023-12-01,Phoenix,61.7,25.8,0.0,12.6
2023-12-02,Phoenix,61.9,10.2,0.0,9.8
2023-12-03,Phoenix,60.7,17.0,0.0,6.7
2023-12-04,Phoenix,48.9,16.6,0.0,6.6
2023-12-05,Phoenix,59.8,16.0,0.0,13.6
2023-12-06,Phoenix,58.4,10.0,0.0,10.8
2023-12-07,Phoenix,62.7,37.1,0.0,11.4
2023-12-08,Phoenix,61.7,15.0,0.0,7.2
2023-12-09,Phoenix,59.3,15.6,0.0,9.7
2023-12-10,Phoenix,59.3,10.0,0.0,9.0
2023-12-11,Phoenix,63.7,28.9,0.0,7.5
2023-12-12,Phoenix,62.5,21.3,0.0,8.3
2023-12-13,Phoenix,58.3,19.2,0.0,11.3
2023-12-14,Phoenix,66.5,19.6,0.0,12.8
2023-12-15,Phoenix,53.7,26.7,0.0,7.2
2023-12-16,Phoenix,51.0,18.2,0.0,4.1
2023-12-17,Phoenix,56.0,10.0,0.0,12.9
2023-12-18,Phoenix,54.1,11.7,0.0,13.0
2023-12-19,Phoenix,44.5,11.3,0.0,9.2
2023-12-20,Phoenix,52.4,24.2,0.0,13.4
2023-12-21,Phoenix,56.7,29.4,0.0,9.0
2023-12-22,Phoenix,54.7,33.7,0.0,5.3
2023-12-23,Phoenix,51.2,10.0,0.0,4.1
2023-12-24,Phoenix,54.7,27.0,0.0,4.0
2023-12-25,Phoenix,54.9,17.1,0.0,8.0
2023-12-26,Phoenix,57.4,45.4,0.0,6.6
2023-12-27,Phoenix,51.1,33.1,0.0,6.3
2023-12-28,Phoenix,57.8,35.6,0.0,7.7
2023-12-29,Phoenix,48.8,28.4,0.0,10.6
2023-12-30,Phoenix,51.2,25.1,0.0,6.4
2023-12-31,Phoenix,61.0,18.8,0.0,5.9
2024-01-01,Phoenix,48.6,17.2,0.0,6.6
2024-01-02,Phoenix,50.1,15.6,0.0,10.8
2024-01-03,Phoenix,47.3,26.9,0.0,7.8
2024-01-04,Phoenix,49.1,34.5,0.0,8.8
2024-01-05,Phoenix,53.3,19.1,0.0,12.7
2024-01-06,Phoenix,55.8,16.2,0.0,16.5
2024-01-07,Phoenix,52.4,10.1,0.0,9.9
2024-01-08,Phoenix,51.0,24.0,0.0,9.6
2024-01-09,Phoenix,46.8,31.8,0.0,4.4
2024-01-10,Phoenix,49.0,32.2,0.0,9.1
2024-01-11,Phoenix,45.3,33.0,0.0,8.2
2024-01-12,Phoenix,55.5,25.3,0.0,10.7
2024-01-13,Phoenix,55.8,22.7,0.0,6.8
2024-01-14,Phoenix,51.9,32.3,0.0,8.6
2024-01-15,Phoenix,54.0,13.1,0.0,9.8
2024-01-16,Phoenix,56.0,18.5,0.0,13.7
2024-01-17,Phoenix,52.5,35.7,0.0,12.7
2024-01-18,Phoenix,58.3,13.4,0.0,11.8
2024-01-19,Phoenix,47.4,21.7,0.0,10.2
2024-01-20,Phoenix,50.4,27.1,0.0,6.7
2024-01-21,Phoenix,49.9,22.7,0.0,10.2
2024-01-22,Phoenix,55.0,31.2,0.0,5.7
2024-01-23,Phoenix,45.6,34.2,0.0,7.4
2024-01-24,Phoenix,58.6,25.8,0.0,13.3
2024-01-25,Phoenix,54.7,33.1,0.0,9.6
2024-01-26,Phoenix,60.1,14.6,0.0,8.7
2024-01-27,Phoenix,52.1,20.7,0.0,9.1
2024-01-28,Phoenix,49.9,41.2,0.0,7.7
2024-01-29,Phoenix,55.4,37.5,0.0,1.5
2024-01-30,Phoenix,57.1,11.8,0.0,4.2
2024-01-31,Phoenix,49.4,21.9,0.0,9.9
2024-02-01,Phoenix,43.7,23.1,0.0,5.2
2024-02-02,Phoenix,44.6,25.3,0.0,7.7
2024-02-03,Phoenix,54.1,32.2,0.0,4.3
2024-02-04,Phoenix,59.9,36.7,0.0,5.8
2024-02-05,Phoenix,47.3,22.3,0.0,8.0
2024-02-06,Phoenix,52.1,31.0,0.0,10.8
2024-02-07,Phoenix,51.9,27.2,0.0,11.4
2024-02-08,Phoenix,,21.8,0.0,5.8
2024-02-09,Phoenix,63.9,10.0,0.0,8.9
2024-02-10,Phoenix,55.8,30.1,0.0,3.7
2024-02-11,Phoenix,58.1,26.8,0.0,8.2
2024-02-12,Phoenix,58.2,25.1,0.0,10.9
2024-02-13,Phoenix,48.7,14.1,0.0,7.8
2024-02-14,Phoenix,57.8,37.7,0.0,11.9
2024-02-15,Phoenix,50.2,23.2,0.0,10.5
2024-02-16,Phoenix,54.3,12.9,0.0,8.7
2024-02-17,Phoenix,60.4,11.6,0.0,7.3
2024-02-18,Phoenix,55.8,27.4,0.0,6.4
2024-02-19,Phoenix,60.6,27.7,0.0,3.6
2024-02-20,Phoenix,61.8,18.3,0.0,4.1
2024-02-21,Phoenix,48.2,25.7,0.0,11.0
2024-02-22,Phoenix,46.6,27.3,0.0,12.5
2024-02-23,Phoenix,61.9,23.1,0.0,4.8
2024-02-24,Phoenix,62.3,16.4,0.0,8.2
2024-02-25,Phoenix,58.3,29.7,0.0,3.3
2024-02-26,Phoenix,59.2,28.7,0.0,5.1
2024-02-27,Phoenix,61.7,26.5,0.0,8.8
2024-02-28,Phoenix,61.9,15.3,0.0,6.4
2024-02-29,Phoenix,56.9,11.4,0.0,2.3
2024-03-01,Phoenix,62.9,22.6,0.0,13.2
2024-03-02,Phoenix,57.3,29.4,0.0,7.9
2024-03-03,Phoenix,60.3,30.3,0.0,4.7
2024-03-04,Phoenix,60.4,26.7,0.0,8.4
2024-03-05,Phoenix,56.0,18.4,0.0,7.8
2024-03-06,Phoenix,56.8,15.6,0.0,9.3
2024-03-07,Phoenix,70.5,21.9,0.0,7.0
2024-03-08,Phoenix,56.8,21.9,0.98,8.9
2024-03-09,Phoenix,62.8,30.9,0.0,10.8
2024-03-10,Phoenix,64.1,18.2,0.0,4.0
2024-03-11,Phoenix,61.6,18.8,0.0,5.9
2024-03-12,Phoenix,65.2,38.4,0.0,10.5
2024-03-13,Phoenix,64.0,34.4,0.0,6.3
2024-03-14,Phoenix,59.0,14.9,0.0,7.8
2024-03-15,Phoenix,65.7,33.8,0.0,6.6
2024-03-16,Phoenix,61.2,13.0,0.0,6.8
2024-03-17,Phoenix,71.9,18.5,0.0,6.5
2024-03-18,Phoenix,66.3,19.4,0.0,4.2
2024-03-19,Phoenix,61.6,21.4,0.0,9.4
2024-03-20,Phoenix,66.7,27.0,0.0,11.2
2024-03-21,Phoenix,61.4,22.9,0.0,7.5
2024-03-22,Phoenix,67.1,26.9,0.0,10.8
2024-03-23,Phoenix,65.3,18.8,0.0,6.5
2024-03-24,Phoenix,63.0,25.0,0.0,6.3
2024-03-25,Phoenix,63.4,22.6,0.0,9.2
2024-03-26,Phoenix,78.5,10.9,0.0,9.3
2024-03-27,Phoenix,68.4,25.9,0.0,7.7
2024-03-28,Phoenix,66.5,22.8,0.0,10.0
2024-03-29,Phoenix,66.1,16.3,0.0,4.1
2024-03-30,Phoenix,71.4,18.6,0.0,7.1
2024-03-31,Phoenix,66.8,18.8,0.0,10.9
2024-04-01,Phoenix,65.2,20.0,0.0,10.9
2024-04-02,Phoenix,70.4,36.1,0.0,10.5
2024-04-03,Phoenix,70.8,38.7,0.0,11.1
2024-04-04,Phoenix,69.5,10.0,0.0,6.9
2024-04-05,Phoenix,67.8,25.9,0.0,2.9
2024-04-06,Phoenix,70.5,29.6,0.0,7.2
2024-04-07,Phoenix,70.6,20.3,0.0,9.9
2024-04-08,Phoenix,70.4,29.4,0.0,10.4
2024-04-09,Phoenix,74.8,35.2,0.0,6.4
2024-04-10,Phoenix,84.0,11.0,0.0,5.1
2024-04-11,Phoenix,80.4,23.1,0.0,5.4
2024-04-12,Phoenix,83.6,37.7,0.0,6.4
2024-04-13,Phoenix,72.8,12.1,0.0,2.3
2024-04-14,Phoenix,83.3,21.1,0.0,6.4
2024-04-15,Phoenix,77.2,18.4,0.0,8.1
2024-04-16,Phoenix,81.1,30.4,0.0,7.7
2024-04-17,Phoenix,79.2,31.5,0.0,7.0
2024-04-18,Phoenix,76.0,23.3,0.0,5.9
2024-04-19,Phoenix,81.2,22.3,0.0,6.3
2024-04-20,Phoenix,80.6,10.0,0.0,6.3
2024-04-21,Phoenix,70.9,33.4,0.0,10.1
2024-04-22,Phoenix,78.8,19.2,0.45,8.0
2024-04-23,Phoenix,83.7,20.9,0.0,17.5
2024-04-24,Phoenix,81.5,29.8,0.0,7.0
2024-04-25,Phoenix,82.8,23.6,0.0,9.3
2024-04-26,Phoenix,77.7,30.0,0.0,7.1
2024-04-27,Phoenix,82.7,26.8,0.0,7.0
2024-04-28,Phoenix,81.6,23.6,0.0,12.7
2024-04-29,Phoenix,81.5,24.5,0.0,11.0
2024-04-30,Phoenix,79.8,13.0,0.0,2.7
2024-05-01,Phoenix,87.4,20.8,0.0,4.9
2024-05-02,Phoenix,85.3,30.7,0.0,7.6
2024-05-03,Phoenix,85.3,14.8,0.0,6.4
2024-05-04,Phoenix,93.9,16.3,0.0,3.5
2024-05-05,Phoenix,87.2,15.0,0.0,8.3
2024-05-06,Phoenix,90.9,23.2,0.0,2.4
2024-05-07,Phoenix,87.2,33.2,0.0,8.4
2024-05-08,Phoenix,84.8,26.4,0.0,10.2
2024-05-09,Phoenix,82.0,10.0,0.0,10.6
2024-05-10,Phoenix,88.3,27.2,0.0,7.6
2024-05-11,Phoenix,75.6,18.5,0.0,12.5
2024-05-12,Phoenix,89.2,26.1,0.0,9.0
2024-05-13,Phoenix,89.9,20.8,0.0,10.5
2024-05-14,Phoenix,87.9,15.1,0.0,5.8
2024-05-15,Phoenix,88.8,21.4,0.0,12.6
2024-05-16,Phoenix,84.0,18.5,0.0,8.0
2024-05-17,Phoenix,96.3,24.5,0.0,12.7
2024-05-18,Phoenix,88.9,14.9,0.0,12.1
2024-05-19,Phoenix,86.5,13.0,0.0,8.8
2024-05-20,Phoenix,93.7,27.9,0.0,9.2
2024-05-21,Phoenix,92.1,30.9,0.0,7.5
2024-05-22,Phoenix,90.4,26.6,0.0,5.5
2024-05-23,Phoenix,90.3,16.8,0.0,9.8
2024-05-24,Phoenix,92.7,16.1,0.0,9.6
2024-05-25,Phoenix,99.1,16.5,0.0,3.1
2024-05-26,Phoenix,95.6,29.1,0.0,7.8
2024-05-27,Phoenix,93.7,15.4,0.0,10.6
2024-05-28,Phoenix,98.0,29.1,0.0,12.4
2024-05-29,Phoenix,94.6,27.1,0.0,10.2
2024-05-30,Phoenix,96.7,31.9,0.0,3.4
2024-05-31,Phoenix,95.9,30.5,0.0,4.8
2024-06-01,Phoenix,98.2,26.3,0.0,7.0
2024-06-02,Phoenix,93.9,10.3,0.0,12.2
2024-06-03,Phoenix,91.0,26.9,0.0,6.2
2024-06-04,Phoenix,100.6,22.9,0.0,11.2
2024-06-05,Phoenix,103.6,19.0,0.0,6.1
2024-06-06,Phoenix,92.2,32.9,0.0,9.6
2024-06-07,Phoenix,98.2,20.8,0.0,5.2
2024-06-08,Phoenix,95.7,17.8,0.0,7.4
2024-06-09,Phoenix,102.0,31.0,0.0,4.6
2024-06-10,Phoenix,99.4,18.8,0.0,12.3
2024-06-11,Phoenix,113.5,17.4,0.0,5.9
2024-06-12,Phoenix,97.5,13.0,0.0,3.4
2024-06-13,Phoenix,106.0,15.4,0.0,3.1
2024-06-14,Phoenix,106.7,16.1,0.0,7.7
2024-06-15,Phoenix,102.0,27.0,0.0,6.6
2024-06-16,Phoenix,100.0,13.8,0.0,9.9
2024-06-17,Phoenix,100.5,10.0,0.0,7.3
2024-06-18,Phoenix,100.4,24.4,0.0,11.5
2024-06-19,Phoenix,105.6,16.9,0.0,6.8
2024-06-20,Phoenix,96.8,21.9,0.0,11.1
2024-06-21,Phoenix,100.3,32.3,0.0,5.1
2024-06-22,Phoenix,99.9,22.6,0.0,3.5
2024-06-23,Phoenix,93.6,34.1,0.0,5.5
2024-06-24,Phoenix,105.4,21.5,0.0,4.6
2024-06-25,Phoenix,106.5,30.1,0.0,4.3
2024-06-26,Phoenix,99.1,17.6,0.0,9.2
2024-06-27,Phoenix,106.7,22.9,0.0,7.2
2024-06-28,Phoenix,95.1,14.5,0.0,8.4
2024-06-29,Phoenix,102.5,15.5,0.0,9.6
2024-06-30,Phoenix,102.0,20.2,0.0,2.9
2024-07-01,Phoenix,103.1,11.4,0.0,9.7
2024-07-02,Phoenix,103.2,23.3,0.0,4.4
2024-07-03,Phoenix,102.6,19.6,0.0,6.3
2024-07-04,Phoenix,101.4,23.9,0.0,2.3
2024-07-05,Phoenix,102.7,11.5,0.0,10.0
2024-07-06,Phoenix,109.5,27.6,0.0,2.9
2024-07-07,Phoenix,100.8,35.6,0.0,4.4
2024-07-08,Phoenix,113.7,33.9,0.0,4.6
2024-07-09,Phoenix,100.7,37.2,0.0,7.6
2024-07-10,Phoenix,104.7,22.3,0.0,7.5
2024-07-11,Phoenix,106.3,19.2,0.0,10.4
2024-07-12,Phoenix,102.5,25.9,0.0,7.7
2024-07-13,Phoenix,110.1,20.1,0.0,10.9
2024-07-14,Phoenix,106.3,10.0,0.0,9.1
2024-07-15,Phoenix,103.0,28.6,0.0,5.2
2024-07-16,Phoenix,110.1,20.1,0.0,6.0
2024-07-17,Phoenix,99.4,10.3,0.0,12.5
2024-07-18,Phoenix,101.4,17.9,0.0,11.7
2024-07-19,Phoenix,106.5,20.3,0.0,10.5
2024-07-20,Phoenix,107.6,22.1,0.0,10.9
2024-07-21,Phoenix,105.4,22.2,0.0,9.4
2024-07-22,Phoenix,103.4,33.0,0.0,9.0
2024-07-23,Phoenix,102.8,11.7,0.0,8.1
2024-07-24,Phoenix,109.0,20.8,0.0,13.1
2024-07-25,Phoenix,105.0,15.0,0.0,6.6
2024-07-26,Phoenix,99.9,32.0,0.0,8.7
2024-07-27,Phoenix,99.6,17.5,0.0,2.9
2024-07-28,Phoenix,110.5,19.2,0.0,3.7
2024-07-29,Phoenix,100.4,30.4,0.0,13.4
2024-07-30,Phoenix,104.8,32.6,0.0,9.9
2024-07-31,Phoenix,109.6,33.8,0.0,7.4
2024-08-01,Phoenix,105.8,10.0,0.0,8.2
2024-08-02,Phoenix,,25.9,0.0,3.9
2024-08-03,Phoenix,98.6,24.2,0.0,6.7
2024-08-04,Phoenix,111.5,21.6,0.0,3.6
2024-08-05,Phoenix,98.3,22.5,0.0,7.1
2024-08-06,Phoenix,100.3,32.3,0.0,10.0
2024-08-07,Phoenix,104.3,30.3,0.0,9.4
2024-08-08,Phoenix,101.5,29.2,0.0,12.8
2024-08-09,Phoenix,105.0,23.7,0.0,8.9
2024-08-10,Phoenix,95.6,40.2,0.0,0.6
2024-08-11,Phoenix,101.1,18.8,0.0,13.9
2024-08-12,Phoenix,104.9,10.0,0.0,5.5
2024-08-13,Phoenix,104.8,19.9,0.0,8.5
2024-08-14,Phoenix,98.9,22.5,0.0,8.3
2024-08-15,Phoenix,96.7,32.4,0.0,8.7
2024-08-16,Phoenix,102.1,17.9,0.0,8.1
2024-08-17,Phoenix,95.0,25.9,0.0,8.2
2024-08-18,Phoenix,106.5,10.2,0.0,4.0
2024-08-19,Phoenix,101.2,30.7,0.0,15.8
2024-08-20,Phoenix,97.1,22.5,0.0,10.0
2024-08-21,Phoenix,95.3,19.8,0.0,8.2
2024-08-22,Phoenix,96.9,39.1,0.0,13.5
2024-08-23,Phoenix,92.5,30.6,0.0,4.8
2024-08-24,Phoenix,101.5,13.7,0.0,10.6
2024-08-25,Phoenix,95.4,21.1,0.0,6.3
2024-08-26,Phoenix,100.5,43.9,0.0,9.2
2024-08-27,Phoenix,100.9,37.8,0.0,9.3
2024-08-28,Phoenix,102.5,29.4,0.0,1.0
2024-08-29,Phoenix,99.0,10.0,0.0,3.7
2024-08-30,Phoenix,102.7,32.7,0.0,12.8
2024-08-31,Phoenix,103.5,16.9,0.0,7.2
2024-09-01,Phoenix,98.2,32.6,0.0,14.0
2024-09-02,Phoenix,98.1,16.2,0.0,11.9
2024-09-03,Phoenix,93.9,25.9,0.0,7.3
2024-09-04,Phoenix,91.6,16.9,0.0,7.1
2024-09-05,Phoenix,101.5,19.1,0.0,12.9
2024-09-06,Phoenix,98.1,27.0,0.0,14.3
2024-09-07,Phoenix,98.2,11.4,0.0,7.1
2024-09-08,Phoenix,92.1,41.0,0.0,12.6
2024-09-09,Phoenix,101.7,13.8,0.0,11.1
2024-09-10,Phoenix,93.0,13.3,0.0,11.6
2024-09-11,Phoenix,90.1,27.0,0.0,8.3
2024-09-12,Phoenix,90.7,32.3,0.0,6.0
2024-09-13,Phoenix,100.0,19.4,0.0,4.8
2024-09-14,Phoenix,87.6,13.4,0.0,4.1
2024-09-15,Phoenix,88.8,14.6,0.0,13.7
2024-09-16,Phoenix,104.9,13.8,0.0,8.0
2024-09-17,Phoenix,95.7,24.5,0.0,4.6
2024-09-18,Phoenix,87.8,21.4,0.0,11.0
2024-09-19,Phoenix,85.8,25.4,0.0,6.6
2024-09-20,Phoenix,82.8,24.9,0.0,6.0
2024-09-21,Phoenix,90.3,28.6,0.0,14.2
2024-09-22,Phoenix,92.8,18.7,0.0,4.0
2024-09-23,Phoenix,95.9,16.1,0.0,8.7
2024-09-24,Phoenix,80.2,23.3,0.0,6.2
2024-09-25,Phoenix,82.3,21.6,0.3,5.7
2024-09-26,Phoenix,87.3,24.0,0.0,3.6
2024-09-27,Phoenix,100.0,16.3,0.0,8.2
2024-09-28,Phoenix,91.0,27.1,0.0,5.4
2024-09-29,Phoenix,88.3,12.6,0.0,9.8
2024-09-30,Phoenix,80.7,18.5,0.0,7.9
2024-10-01,Phoenix,76.2,31.0,0.0,7.1
2024-10-02,Phoenix,85.5,12.9,0.0,5.4
2024-10-03,Phoenix,84.5,30.4,0.0,12.3
2024-10-04,Phoenix,83.3,10.7,0.0,10.2
2024-10-05,Phoenix,82.3,10.0,0.0,6.0
2024-10-06,Phoenix,80.2,10.0,0.0,3.9
2024-10-07,Phoenix,78.8,22.9,0.0,2.3
2024-10-08,Phoenix,89.0,27.8,0.0,11.4
2024-10-09,Phoenix,78.3,32.3,0.0,10.7
2024-10-10,Phoenix,80.6,31.7,0.0,11.1
2024-10-11,Phoenix,81.2,28.9,0.0,7.6
2024-10-12,Phoenix,84.1,15.3,0.0,10.4
2024-10-13,Phoenix,76.7,15.3,0.0,11.1
2024-10-14,Phoenix,84.5,28.3,0.0,7.8
2024-10-15,Phoenix,77.0,33.4,0.0,6.9
2024-10-16,Phoenix,78.4,13.8,0.0,5.1
2024-10-17,Phoenix,86.1,32.4,0.0,9.3
2024-10-18,Phoenix,73.9,10.0,0.0,9.7
2024-10-19,Phoenix,81.1,25.1,0.0,6.8
2024-10-20,Phoenix,81.9,21.2,0.0,7.1
2024-10-21,Phoenix,78.3,20.4,0.0,7.3
2024-10-22,Phoenix,76.0,22.3,0.0,10.4
2024-10-23,Phoenix,85.6,15.2,0.0,3.9
2024-10-24,Phoenix,75.5,25.6,0.0,4.7
2024-10-25,Phoenix,76.1,22.5,0.0,4.7
2024-10-26,Phoenix,73.2,29.5,0.0,7.6
2024-10-27,Phoenix,74.9,34.7,0.0,8.9
2024-10-28,Phoenix,78.2,23.0,0.0,4.8
2024-10-29,Phoenix,72.1,15.5,0.0,10.7
2024-10-30,Phoenix,63.5,12.9,0.0,12.4
2024-10-31,Phoenix,74.8,35.6,0.0,9.2
2024-11-01,Phoenix,67.2,34.6,0.0,11.4
2024-11-02,Phoenix,75.0,29.1,0.0,5.3
2024-11-03,Phoenix,71.2,22.5,0.0,5.3
2024-11-04,Phoenix,75.0,28.5,0.0,9.5
2024-11-05,Phoenix,66.1,32.4,0.0,7.9
2024-11-06,Phoenix,67.5,17.1,0.0,5.3
2024-11-07,Phoenix,68.0,22.2,0.0,12.3
2024-11-08,Phoenix,62.4,13.2,0.0,8.9
2024-11-09,Phoenix,73.7,21.0,0.0,10.1
2024-11-10,Phoenix,60.9,34.4,0.0,6.0
2024-11-11,Phoenix,72.8,30.6,0.0,13.0
2024-11-12,Phoenix,69.3,23.1,0.0,7.5
2024-11-13,Phoenix,66.1,10.0,0.0,11.1
2024-11-14,Phoenix,68.2,16.8,0.0,6.3
2024-11-15,Phoenix,67.6,22.8,0.0,8.5
2024-11-16,Phoenix,64.0,20.3,0.0,9.7
2024-11-17,Phoenix,66.8,22.3,0.0,14.0
2024-11-18,Phoenix,68.3,23.9,0.0,6.7
2024-11-19,Phoenix,60.4,17.7,0.0,8.6
2024-11-20,Phoenix,65.8,21.9,0.0,9.8
2024-11-21,Phoenix,52.1,20.8,0.0,3.8
2024-11-22,Phoenix,54.8,16.4,0.0,1.5
2024-11-23,Phoenix,65.7,36.8,0.0,5.0
2024-11-24,Phoenix,60.9,18.2,0.0,10.9
2024-11-25,Phoenix,58.6,10.0,0.0,13.1
2024-11-26,Phoenix,61.8,36.3,0.0,5.2
2024-11-27,Phoenix,59.9,15.2,0.0,4.3
2024-11-28,Phoenix,56.9,29.2,0.0,12.6
2024-11-29,Phoenix,53.6,16.6,0.0,6.3
2024-11-30,Phoenix,51.8,26.6,0.0,6.9
2024-12-01,Phoenix,63.7,21.6,0.0,12.4
2024-12-02,Phoenix,58.1,30.0,0.0,11.9
2024-12-03,Phoenix,64.1,20.3,0.0,10.8
2024-12-04,Phoenix,57.4,16.8,0.0,2.9
2024-12-05,Phoenix,60.7,24.1,0.0,4.2
2024-12-06,Phoenix,58.2,18.9,0.0,11.4
2024-12-07,Phoenix,,10.0,0.0,9.0
2024-12-08,Phoenix,58.6,17.2,0.0,5.7
2024-12-09,Phoenix,55.9,45.0,0.0,7.0
2024-12-10,Phoenix,52.1,10.0,0.0,11.3
2024-12-11,Phoenix,60.8,23.9,0.0,12.6
2024-12-12,Phoenix,64.2,20.1,0.0,8.0
2024-12-13,Phoenix,64.3,36.7,0.0,5.9
2024-12-14,Phoenix,54.1,13.1,0.0,7.2
2024-12-15,Phoenix,53.0,22.8,0.0,12.0
2024-12-16,Phoenix,53.6,27.5,0.0,12.0
2024-12-17,Phoenix,55.0,20.6,0.0,8.6
2024-12-18,Phoenix,55.4,15.9,0.0,6.4
2024-12-19,Phoenix,50.9,21.8,0.0,11.2
2024-12-20,Phoenix,48.5,19.5,0.0,12.9
2024-12-21,Phoenix,55.2,19.5,0.0,3.6
2024-12-22,Phoenix,38.9,29.4,0.0,7.3
2024-12-23,Phoenix,54.1,25.2,0.0,11.5
2024-12-24,Phoenix,50.1,26.4,0.0,8.2
2024-12-25,Phoenix,57.7,24.6,0.0,6.5
2024-12-26,Phoenix,58.7,29.7,0.0,8.6
2024-12-27,Phoenix,58.7,32.4,0.0,9.1
2024-12-28,Phoenix,52.1,19.7,0.0,4.6
2024-12-29,Phoenix,48.4,28.6,0.0,8.3
2024-12-30,Phoenix,49.7,11.6,0.0,9.1
2024-12-31,Phoenix,54.5,10.0,0.0,6.5
2020-01-01,Seattle,37.3,85.4,0.0,7.0
2020-01-02,Seattle,38.3,59.5,0.0,7.8
2020-01-03,Seattle,36.3,79.3,0.0,10.0
2020-01-04,Seattle,44.4,76.6,0.0,9.7
2020-01-05,Seattle,36.1,59.2,0.08,6.2
2020-01-06,Seattle,41.3,81.1,0.0,3.5
2020-01-07,Seattle,38.7,69.9,0.0,8.5
2020-01-08,Seattle,37.1,61.4,0.0,6.0
2020-01-09,Seattle,46.4,74.9,0.0,6.4
2020-01-10,Seattle,39.6,65.4,0.07,8.7
2020-01-11,Seattle,37.1,70.4,0.0,6.7
2020-01-12,Seattle,36.7,68.0,0.0,8.9
2020-01-13,Seattle,41.6,65.0,0.0,15.5
2020-01-14,Seattle,43.8,62.5,0.0,10.1
2020-01-15,Seattle,45.8,78.4,0.0,12.0
2020-01-16,Seattle,39.3,74.6,0.0,9.5
2020-01-17,Seattle,39.0,74.1,0.0,8.2
2020-01-18,Seattle,40.6,69.1,0.73,9.6
2020-01-19,Seattle,40.8,72.4,0.0,9.4
2020-01-20,Seattle,36.5,66.1,0.0,10.6
2020-01-21,Seattle,46.6,66.0,0.0,8.2
2020-01-22,Seattle,40.1,85.7,0.0,4.1
2020-01-23,Seattle,42.5,79.1,0.0,3.6
2020-01-24,Seattle,42.0,67.5,1.39,9.4
2020-01-25,Seattle,41.9,60.0,0.0,4.6
2020-01-26,Seattle,35.6,58.4,0.0,10.1
2020-01-27,Seattle,40.2,66.9,0.0,12.0
2020-01-28,Seattle,50.5,72.9,0.0,7.3
2020-01-29,Seattle,47.4,72.9,0.0,11.6
2020-01-30,Seattle,41.0,73.2,0.0,8.8
2020-01-31,Seattle,38.8,74.7,0.0,8.1
2020-02-01,Seattle,30.5,63.7,0.0,8.2
2020-02-02,Seattle,38.3,84.1,0.0,5.5
2020-02-03,Seattle,40.3,70.4,0.0,5.1
2020-02-04,Seattle,39.3,74.4,0.65,3.1
2020-02-05,Seattle,39.7,66.8,0.0,5.8
2020-02-06,Seattle,43.7,74.5,0.0,14.4
2020-02-07,Seattle,36.5,88.6,0.27,3.5
2020-02-08,Seattle,42.3,64.1,0.0,4.5
2020-02-09,Seattle,40.7,63.1,0.0,5.6
2020-02-10,Seattle,37.3,65.1,0.19,5.7
2020-02-11,Seattle,49.0,69.3,0.0,8.8
2020-02-12,Seattle,44.9,67.8,0.0,6.2
2020-02-13,Seattle,38.1,63.7,0.0,7.4
2020-02-14,Seattle,44.1,71.6,0.0,5.5
2020-02-15,Seattle,35.7,84.5,0.55,6.6
2020-02-16,Seattle,39.1,70.8,0.42,7.8
2020-02-17,Seattle,48.2,71.2,0.0,7.6
2020-02-18,Seattle,44.0,74.7,0.0,13.9
2020-02-19,Seattle,43.8,77.2,0.0,7.9
2020-02-20,Seattle,47.2,83.0,0.98,7.4
2020-02-21,Seattle,45.6,73.9,0.0,0.5
2020-02-22,Seattle,41.8,72.0,0.0,8.7
2020-02-23,Seattle,47.4,64.1,0.0,2.1
2020-02-24,Seattle,35.8,77.9,0.0,9.7
2020-02-25,Seattle,40.6,65.2,0.0,8.4
2020-02-26,Seattle,43.3,65.0,0.0,10.4
2020-02-27,Seattle,46.4,73.5,0.0,6.1
2020-02-28,Seattle,42.7,84.3,0.0,8.1
2020-02-29,Seattle,36.3,77.8,1.35,10.0
2020-03-01,Seattle,35.9,71.7,0.0,5.2
2020-03-02,Seattle,44.5,64.1,0.0,9.8
2020-03-03,Seattle,42.8,84.2,0.0,9.7
2020-03-04,Seattle,41.1,71.5,0.0,7.6
2020-03-05,Seattle,40.6,69.7,0.0,12.7
2020-03-06,Seattle,46.2,76.4,0.35,9.5
2020-03-07,Seattle,51.7,68.4,0.0,3.0
2020-03-08,Seattle,46.7,66.0,0.0,11.0
2020-03-09,Seattle,52.3,66.7,0.7,6.0
2020-03-10,Seattle,44.9,66.7,0.0,10.4
2020-03-11,Seattle,48.8,63.0,0.18,8.9
2020-03-12,Seattle,53.1,62.1,0.0,0.1
2020-03-13,Seattle,46.6,79.8,0.0,9.8
2020-03-14,Seattle,47.7,77.4,0.0,7.3
2020-03-15,Seattle,46.1,65.4,0.0,6.6
2020-03-16,Seattle,50.7,79.1,0.0,6.7
2020-03-17,Seattle,52.4,74.5,0.0,10.4
2020-03-18,Seattle,50.2,69.4,0.0,5.2
2020-03-19,Seattle,47.8,62.2,0.0,11.3
2020-03-20,Seattle,42.4,74.7,0.12,3.4
2020-03-21,Seattle,49.2,86.9,0.0,8.9
2020-03-22,Seattle,48.8,72.1,0.0,10.3
2020-03-23,Seattle,51.0,80.0,0.0,10.2
2020-03-24,Seattle,50.7,70.3,0.0,8.6
2020-03-25,Seattle,57.6,79.4,0.0,7.4
2020-03-26,Seattle,47.6,70.8,0.12,6.4
2020-03-27,Seattle,44.0,52.8,0.0,4.3
2020-03-28,Seattle,46.2,66.2,0.0,5.9
2020-03-29,Seattle,48.8,73.1,0.0,5.1
2020-03-30,Seattle,56.8,80.7,0.0,4.6
2020-03-31,Seattle,46.4,70.8,0.0,13.4
2020-04-01,Seattle,47.3,72.2,0.29,2.8
2020-04-02,Seattle,54.7,67.3,0.18,11.4
2020-04-03,Seattle,56.9,84.5,0.0,4.3
2020-04-04,Seattle,46.4,84.0,0.0,4.9
2020-04-05,Seattle,,66.6,0.81,4.9
2020-04-06,Seattle,50.5,59.9,0.0,4.7
2020-04-07,Seattle,57.3,57.5,0.0,10.8
2020-04-08,Seattle,55.3,76.8,0.0,9.8
2020-04-09,Seattle,51.5,73.1,0.0,7.3
2020-04-10,Seattle,58.6,65.7,0.17,16.1
2020-04-11,Seattle,56.1,74.2,0.0,7.9
2020-04-12,Seattle,55.4,62.2,0.0,8.2
2020-04-13,Seattle,48.9,78.4,0.0,5.9
2020-04-14,Seattle,53.0,68.9,0.0,5.6
2020-04-15,Seattle,65.6,63.3,0.0,6.4
2020-04-16,Seattle,55.6,69.1,1.43,10.6
2020-04-17,Seattle,53.1,68.8,0.0,9.7
2020-04-18,Seattle,56.0,74.9,0.0,11.9
2020-04-19,Seattle,58.5,81.3,0.0,5.8
2020-04-20,Seattle,62.3,80.9,0.0,9.8
2020-04-21,Seattle,61.4,73.3,0.0,8.9
2020-04-22,Seattle,55.9,70.5,0.0,9.3
2020-04-23,Seattle,65.0,67.5,0.0,5.4
2020-04-24,Seattle,63.2,57.9,0.0,4.9
2020-04-25,Seattle,57.9,71.8,0.0,9.6
2020-04-26,Seattle,59.6,65.2,0.0,10.6
2020-04-27,Seattle,63.2,81.7,0.0,6.1
2020-04-28,Seattle,65.6,70.4,0.0,9.8
2020-04-29,Seattle,54.2,78.0,0.0,11.6
2020-04-30,Seattle,61.7,68.1,0.0,6.9
2020-05-01,Seattle,61.5,66.6,0.0,3.7
2020-05-02,Seattle,59.4,76.8,0.0,4.1
2020-05-03,Seattle,59.7,74.2,0.0,6.0
2020-05-04,Seattle,67.3,74.6,0.0,6.7
2020-05-05,Seattle,65.3,71.2,0.0,7.9
2020-05-06,Seattle,72.7,78.3,0.0,8.0
2020-05-07,Seattle,60.9,77.2,0.0,7.2
2020-05-08,Seattle,64.4,54.6,0.0,10.0
2020-05-09,Seattle,65.5,69.9,0.0,5.7
2020-05-10,Seattle,68.4,80.1,0.0,11.8
2020-05-11,Seattle,70.8,63.8,0.0,10.8
2020-05-12,Seattle,65.4,58.5,0.0,10.6
2020-05-13,Seattle,60.3,70.9,0.0,6.0
2020-05-14,Seattle,62.3,76.2,0.0,7.7
2020-05-15,Seattle,66.4,68.3,0.0,10.2
2020-05-16,Seattle,71.1,82.3,0.84,7.4
2020-05-17,Seattle,59.8,86.7,0.0,5.9
2020-05-18,Seattle,61.3,56.6,0.0,5.8
2020-05-19,Seattle,70.3,68.9,0.0,5.9
2020-05-20,Seattle,61.3,53.7,0.0,4.5
2020-05-21,Seattle,62.4,77.3,0.56,16.6
2020-05-22,Seattle,72.8,66.6,1.0,2.1
2020-05-23,Seattle,66.9,68.2,0.0,5.1
2020-05-24,Seattle,66.9,81.2,0.0,9.8
2020-05-25,Seattle,74.6,61.4,0.0,6.0
2020-05-26,Seattle,63.9,59.4,0.0,6.9
2020-05-27,Seattle,63.3,53.8,0.0,9.2
2020-05-28,Seattle,76.5,82.2,0.84,11.1
2020-05-29,Seattle,70.5,80.3,0.0,7.2
2020-05-30,Seattle,72.7,69.6,0.0,10.8
2020-05-31,Seattle,68.5,61.8,0.0,2.9
2020-06-01,Seattle,69.7,78.7,0.0,6.2
2020-06-02,Seattle,67.2,94.0,0.0,9.5
2020-06-03,Seattle,72.0,70.1,0.0,13.9
2020-06-04,Seattle,74.5,62.4,0.0,5.1
2020-06-05,Seattle,71.9,81.9,0.0,4.6
2020-06-06,Seattle,76.0,62.9,0.0,9.0
2020-06-07,Seattle,74.4,69.1,0.0,8.2
2020-06-08,Seattle,66.9,50.9,0.0,5.8
2020-06-09,Seattle,71.2,69.6,0.0,4.3
2020-06-10,Seattle,70.0,61.8,0.52,6.5
2020-06-11,Seattle,75.6,82.1,0.0,9.6
2020-06-12,Seattle,74.5,64.2,0.46,7.0
2020-06-13,Seattle,73.2,78.2,0.0,11.5
2020-06-14,Seattle,77.3,71.2,0.0,7.6
2020-06-15,Seattle,64.6,73.0,0.0,9.8
2020-06-16,Seattle,70.4,76.2,0.0,8.8
2020-06-17,Seattle,71.0,71.6,0.0,6.8
2020-06-18,Seattle,74.6,66.8,0.27,10.5
2020-06-19,Seattle,76.1,65.5,0.0,4.3
2020-06-20,Seattle,73.8,76.1,1.0,6.3
2020-06-21,Seattle,68.0,56.8,0.0,6.8
2020-06-22,Seattle,,85.4,0.0,9.1
2020-06-23,Seattle,74.8,73.1,0.0,9.9
2020-06-24,Seattle,67.7,69.3,0.0,5.6
2020-06-25,Seattle,73.1,74.1,0.0,5.1
2020-06-26,Seattle,76.3,67.2,0.0,8.2
2020-06-27,Seattle,82.1,70.6,0.0,3.4
2020-06-28,Seattle,69.9,62.9,0.0,11.0
2020-06-29,Seattle,78.5,75.0,0.0,7.3
2020-06-30,Seattle,70.2,71.4,1.34,4.5
2020-07-01,Seattle,69.4,73.5,0.0,4.4
2020-07-02,Seattle,69.8,83.9,0.0,8.9
2020-07-03,Seattle,78.0,65.6,0.0,8.9
2020-07-04,Seattle,76.0,71.0,0.0,5.7
2020-07-05,Seattle,74.0,58.8,0.0,7.7
2020-07-06,Seattle,77.6,76.4,0.91,4.6
2020-07-07,Seattle,75.8,71.9,0.0,7.2
2020-07-08,Seattle,76.2,72.1,0.19,12.4
2020-07-09,Seattle,74.4,70.7,0.0,14.4
2020-07-10,Seattle,71.1,67.4,0.0,7.4
2020-07-11,Seattle,83.4,92.0,0.0,9.3
2020-07-12,Seattle,82.2,72.3,0.0,9.2
2020-07-13,Seattle,83.0,74.4,0.0,2.8
2020-07-14,Seattle,73.5,62.9,0.0,4.6
2020-07-15,Seattle,72.9,79.1,0.52,1.1
2020-07-16,Seattle,74.1,71.0,0.43,9.3
2020-07-17,Seattle,80.8,75.6,0.0,13.8
2020-07-18,Seattle,76.0,79.2,0.0,11.2
2020-07-19,Seattle,73.6,71.2,0.0,8.1
2020-07-20,Seattle,77.6,66.6,0.0,7.7
2020-07-21,Seattle,72.7,53.4,0.0,6.9
2020-07-22,Seattle,69.9,68.9,0.0,11.2
2020-07-23,Seattle,76.5,66.5,0.0,8.6
2020-07-24,Seattle,73.6,62.9,0.0,8.2
2020-07-25,Seattle,75.9,83.6,0.0,4.7
2020-07-26,Seattle,63.8,79.9,0.0,9.8
2020-07-27,Seattle,71.8,57.4,0.0,7.6
2020-07-28,Seattle,75.6,73.2,0.66,9.2
2020-07-29,Seattle,68.9,65.5,0.0,11.0
2020-07-30,Seattle,69.0,74.9,0.0,3.1
2020-07-31,Seattle,75.8,65.6,0.0,7.1
2020-08-01,Seattle,78.7,67.7,0.8,6.7
2020-08-02,Seattle,71.5,79.7,0.56,6.4
2020-08-03,Seattle,74.2,78.6,0.0,4.6
2020-08-04,Seattle,74.3,84.1,0.0,5.8
2020-08-05,Seattle,68.2,70.3,0.0,4.7
2020-08-06,Seattle,80.5,60.4,0.0,10.5
2020-08-07,Seattle,74.3,79.4,0.0,9.1
2020-08-08,Seattle,74.2,79.4,0.0,8.9
2020-08-09,Seattle,76.6,77.0,0.88,2.2
2020-08-10,Seattle,67.7,66.0,0.0,13.8
2020-08-11,Seattle,78.8,63.4,0.4,6.8
2020-08-12,Seattle,79.3,76.3,0.0,13.2
2020-08-13,Seattle,75.0,64.9,0.0,10.2
2020-08-14,Seattle,76.4,69.5,0.0,7.3
2020-08-15,Seattle,72.7,95.3,0.0,14.1
2020-08-16,Seattle,77.9,89.0,0.0,9.7
2020-08-17,Seattle,70.1,78.3,0.0,7.3
2020-08-18,Seattle,73.6,66.7,0.0,6.8
2020-08-19,Seattle,73.7,66.2,0.0,11.1
2020-08-20,Seattle,73.2,77.7,0.0,6.4
2020-08-21,Seattle,78.0,84.0,0.0,6.9
2020-08-22,Seattle,82.9,67.9,0.0,6.2
2020-08-23,Seattle,72.4,68.3,0.0,5.7
2020-08-24,Seattle,74.8,72.7,0.0,5.9
2020-08-25,Seattle,68.9,60.9,0.15,13.3
2020-08-26,Seattle,77.0,61.1,0.0,11.0
2020-08-27,Seattle,69.8,62.6,0.0,8.7
2020-08-28,Seattle,86.1,76.4,0.0,6.4
2020-08-29,Seattle,64.2,74.2,0.0,6.3
2020-08-30,Seattle,81.2,81.1,0.0,6.9
2020-08-31,Seattle,75.8,58.1,0.59,13.4
2020-09-01,Seattle,66.1,59.9,0.0,8.9
2020-09-02,Seattle,81.4,75.6,0.0,10.2
2020-09-03,Seattle,66.5,65.0,0.0,8.6
2020-09-04,Seattle,69.1,65.6,0.0,5.3
2020-09-05,Seattle,64.4,80.1,0.0,8.3
2020-09-06,Seattle,69.4,67.6,0.05,4.8
2020-09-07,Seattle,69.6,68.5,0.0,11.6
2020-09-08,Seattle,73.3,70.0,0.0,5.8
2020-09-09,Seattle,80.3,70.5,0.0,6.3
2020-09-10,Seattle,66.8,77.5,0.0,10.4
2020-09-11,Seattle,56.5,62.3,0.0,5.9
2020-09-12,Seattle,71.5,70.5,0.0,7.3
2020-09-13,Seattle,65.9,81.3,0.0,0.1
2020-09-14,Seattle,76.3,89.1,0.0,7.0
2020-09-15,Seattle,67.7,61.1,0.0,9.8
2020-09-16,Seattle,64.2,74.6,0.0,6.1
2020-09-17,Seattle,62.8,70.5,0.0,9.7
2020-09-18,Seattle,69.9,71.2,0.0,8.0
2020-09-19,Seattle,65.5,65.7,0.0,11.3
2020-09-20,Seattle,73.1,78.0,0.0,5.8
2020-09-21,Seattle,65.3,77.6,0.0,7.3
2020-09-22,Seattle,72.3,92.2,0.0,3.6
2020-09-23,Seattle,59.5,61.4,0.0,7.7
2020-09-24,Seattle,57.6,58.0,0.15,6.7
2020-09-25,Seattle,68.8,88.4,0.0,10.9
2020-09-26,Seattle,62.7,71.6,0.0,6.1
2020-09-27,Seattle,63.4,68.3,0.36,6.7
2020-09-28,Seattle,59.7,73.5,0.0,6.0
2020-09-29,Seattle,59.1,60.8,0.42,8.1
2020-09-30,Seattle,66.5,75.0,0.0,14.0
2020-10-01,Seattle,63.3,71.4,0.0,0.0
2020-10-02,Seattle,58.3,80.6,0.84,7.9
2020-10-03,Seattle,66.3,78.9,0.0,11.5
2020-10-04,Seattle,67.8,79.5,0.0,6.5
2020-10-05,Seattle,61.7,73.5,0.0,9.6
2020-10-06,Seattle,66.4,84.8,0.72,11.5
2020-10-07,Seattle,57.1,76.6,0.0,7.2
2020-10-08,Seattle,63.9,67.7,0.0,6.0
2020-10-09,Seattle,61.7,65.5,0.0,10.8
2020-10-10,Seattle,57.1,66.4,0.0,9.5
2020-10-11,Seattle,69.6,76.7,0.0,7.8
2020-10-12,Seattle,61.1,61.3,0.0,9.8
2020-10-13,Seattle,57.1,73.2,0.0,10.9
2020-10-14,Seattle,59.5,65.3,0.0,7.8
2020-10-15,Seattle,55.2,62.0,0.88,8.9
2020-10-16,Seattle,53.6,63.3,0.08,9.6
2020-10-17,Seattle,56.5,71.8,0.0,6.6
2020-10-18,Seattle,56.5,78.1,0.0,11.6
2020-10-19,Seattle,54.3,66.6,0.42,4.9
2020-10-20,Seattle,63.2,55.4,0.0,7.6
2020-10-21,Seattle,53.8,97.2,0.0,10.3
2020-10-22,Seattle,52.8,80.9,0.0,4.8
2020-10-23,Seattle,51.3,79.5,0.0,10.6
2020-10-24,Seattle,50.6,85.0,0.29,8.6
2020-10-25,Seattle,60.7,72.7,0.0,12.0
2020-10-26,Seattle,56.9,70.9,0.0,9.8
2020-10-27,Seattle,58.5,82.8,0.0,7.5
2020-10-28,Seattle,59.7,82.8,0.0,8.7
2020-10-29,Seattle,53.3,76.9,0.0,8.8
2020-10-30,Seattle,61.1,79.1,0.0,14.1
2020-10-31,Seattle,51.4,62.1,0.23,8.3
2020-11-01,Seattle,49.0,69.9,0.0,7.6
2020-11-02,Seattle,55.3,85.6,0.0,7.4
2020-11-03,Seattle,53.9,78.4,0.0,8.6
2020-11-04,Seattle,53.6,60.3,0.0,4.6
2020-11-05,Seattle,57.3,67.8,0.0,6.9
2020-11-06,Seattle,52.9,84.3,0.0,5.0
2020-11-07,Seattle,53.5,75.6,0.0,5.4
2020-11-08,Seattle,57.9,73.5,0.61,10.4
2020-11-09,Seattle,52.7,73.7,0.36,8.1
2020-11-10,Seattle,53.5,71.3,0.0,5.8
2020-11-11,Seattle,44.6,67.8,0.0,7.5
2020-11-12,Seattle,67.4,65.3,0.0,7.3
2020-11-13,Seattle,43.2,80.1,0.46,8.2
2020-11-14,Seattle,47.7,73.9,0.0,3.5
2020-11-15,Seattle,47.3,77.7,0.0,4.7
2020-11-16,Seattle,59.0,76.4,0.0,3.7
2020-11-17,Seattle,46.6,83.3,0.0,5.3
2020-11-18,Seattle,51.0,75.6,0.67,5.8
2020-11-19,Seattle,46.2,78.6,0.0,4.9
2020-11-20,Seattle,43.8,73.3,0.0,10.3
2020-11-21,Seattle,50.8,64.4,0.0,13.5
2020-11-22,Seattle,44.7,70.2,0.57,10.5
2020-11-23,Seattle,48.6,76.7,0.0,6.3
2020-11-24,Seattle,50.3,77.4,0.0,8.6
2020-11-25,Seattle,55.8,83.6,0.0,7.8
2020-11-26,Seattle,41.3,68.3,0.0,6.2
2020-11-27,Seattle,46.0,73.8,0.0,12.0
2020-11-28,Seattle,46.0,71.0,0.0,14.0
2020-11-29,Seattle,46.2,85.0,0.0,3.6
2020-11-30,Seattle,57.6,75.0,0.0,12.3
2020-12-01,Seattle,45.0,75.2,0.0,6.2
2020-12-02,Seattle,34.2,71.7,0.0,7.2
2020-12-03,Seattle,44.4,70.2,0.0,8.8
2020-12-04,Seattle,44.6,60.4,0.0,12.6
2020-12-05,Seattle,43.8,61.9,0.0,8.8
2020-12-06,Seattle,41.5,73.4,0.0,9.2
2020-12-07,Seattle,38.5,72.4,0.0,10.6
2020-12-08,Seattle,54.0,73.5,0.0,11.0
2020-12-09,Seattle,45.5,79.5,0.0,9.5
2020-12-10,Seattle,43.0,72.7,0.0,11.1
2020-12-11,Seattle,53.3,69.2,1.12,6.2
2020-12-12,Seattle,39.6,70.3,0.0,2.8
2020-12-13,Seattle,46.0,74.0,0.35,13.5
2020-12-14,Seattle,37.5,69.0,0.48,4.9
2020-12-15,Seattle,46.4,80.5,0.26,6.4
2020-12-16,Seattle,37.7,71.9,0.0,7.0
2020-12-17,Seattle,44.8,74.0,0.0,6.5
2020-12-18,Seattle,51.3,65.5,0.0,5.8
2020-12-19,Seattle,42.8,80.5,0.66,9.4
2020-12-20,Seattle,32.3,83.5,0.0,9.4
2020-12-21,Seattle,42.2,61.1,0.0,9.9
2020-12-22,Seattle,44.1,75.2,0.0,9.7
2020-12-23,Seattle,45.8,71.1,0.0,6.7
2020-12-24,Seattle,48.3,74.3,0.0,6.7
2020-12-25,Seattle,48.4,75.6,0.75,11.4
2020-12-26,Seattle,40.8,54.1,0.0,6.4
2020-12-27,Seattle,38.3,78.1,0.0,6.4
2020-12-28,Seattle,36.1,80.9,0.0,10.8
2020-12-29,Seattle,38.6,81.8,0.0,7.9
2020-12-30,Seattle,43.1,64.4,0.69,6.5
2020-12-31,Seattle,34.8,71.8,0.0,6.5
2021-01-01,Seattle,36.7,67.7,0.0,11.4
2021-01-02,Seattle,43.3,56.7,0.0,9.8
2021-01-03,Seattle,37.7,67.0,0.0,8.7
2021-01-04,Seattle,42.2,63.3,0.0,4.5
2021-01-05,Seattle,36.8,74.7,0.0,8.7
2021-01-06,Seattle,41.7,58.9,0.0,7.4
2021-01-07,Seattle,36.9,64.2,0.0,5.3
2021-01-08,Seattle,31.7,67.8,0.0,6.2
2021-01-09,Seattle,44.6,78.2,0.0,10.1
2021-01-10,Seattle,37.1,94.2,0.0,11.7
2021-01-11,Seattle,39.0,74.4,1.23,4.8
2021-01-12,Seattle,37.0,63.7,0.0,5.2
2021-01-13,Seattle,42.5,66.6,0.0,10.1
2021-01-14,Seattle,41.6,77.3,0.0,6.8
2021-01-15,Seattle,42.5,61.2,0.0,9.7
2021-01-16,Seattle,37.5,80.8,0.0,6.7
2021-01-17,Seattle,39.8,74.2,0.0,9.7
2021-01-18,Seattle,41.9,71.0,0.0,3.9
2021-01-19,Seattle,47.0,58.5,0.0,9.6
2021-01-20,Seattle,41.4,79.4,0.0,1.7
2021-01-21,Seattle,35.5,65.9,0.0,10.8
2021-01-22,Seattle,41.2,73.2,0.0,7.9
2021-01-23,Seattle,39.3,70.7,0.17,9.3
2021-01-24,Seattle,31.1,59.3,0.0,8.7
2021-01-25,Seattle,31.8,70.2,0.0,2.9
2021-01-26,Seattle,39.8,62.3,0.0,12.1
2021-01-27,Seattle,40.3,66.8,0.0,9.0
2021-01-28,Seattle,38.9,75.5,0.0,10.3
2021-01-29,Seattle,44.3,77.6,0.0,5.6
2021-01-30,Seattle,36.1,71.9,0.0,8.7
2021-01-31,Seattle,34.2,64.9,0.0,4.1
2021-02-01,Seattle,36.8,66.8,0.0,8.4
2021-02-02,Seattle,37.8,66.7,0.0,5.2
2021-02-03,Seattle,40.4,54.9,0.0,23.0
2021-02-04,Seattle,37.1,72.6,0.0,9.8
2021-02-05,Seattle,31.2,58.7,0.0,12.0
2021-02-06,Seattle,29.3,72.6,0.0,7.3
2021-02-07,Seattle,41.5,60.3,0.21,9.2
2021-02-08,Seattle,36.0,62.3,0.0,10.7
2021-02-09,Seattle,32.2,77.3,0.0,4.8
2021-02-10,Seattle,44.1,72.2,0.0,6.0
2021-02-11,Seattle,48.4,56.9,0.0,10.9
2021-02-12,Seattle,41.1,67.5,0.0,7.3
2021-02-13,Seattle,42.9,74.1,0.0,5.8
2021-02-14,Seattle,43.1,67.0,0.0,6.1
2021-02-15,Seattle,31.5,69.3,0.0,4.3
2021-02-16,Seattle,46.1,74.0,0.0,2.1
2021-02-17,Seattle,47.8,72.4,0.0,2.9
2021-02-18,Seattle,50.7,64.1,0.0,8.1
2021-02-19,Seattle,40.6,72.2,0.0,10.0
2021-02-20,Seattle,37.6,69.7,0.0,15.6
2021-02-21,Seattle,49.0,85.8,0.0,7.9
2021-02-22,Seattle,45.3,71.2,0.0,4.2
2021-02-23,Seattle,47.2,73.1,0.0,7.9
2021-02-24,Seattle,40.5,74.1,0.0,10.1
2021-02-25,Seattle,44.8,69.4,1.25,11.1
2021-02-26,Seattle,39.0,66.2,0.09,10.8
2021-02-27,Seattle,43.9,75.7,0.0,9.7
2021-02-28,Seattle,42.6,75.7,0.0,8.3
2021-03-01,Seattle,54.9,88.7,0.0,10.2
2021-03-02,Seattle,47.0,77.9,0.0,4.4
2021-03-03,Seattle,35.1,78.1,0.0,2.0
2021-03-04,Seattle,45.0,77.7,1.21,14.3
2021-03-05,Seattle,46.9,66.5,0.8,7.9
2021-03-06,Seattle,43.3,61.9,0.0,9.6
2021-03-07,Seattle,40.7,64.0,0.0,0.0
2021-03-08,Seattle,48.8,77.5,0.0,12.6
2021-03-09,Seattle,41.8,83.4,0.0,11.5
2021-03-10,Seattle,48.9,77.9,0.0,3.3
2021-03-11,Seattle,41.9,70.7,0.0,7.0
2021-03-12,Seattle,44.4,85.4,0.0,8.8
2021-03-13,Seattle,51.4,68.5,0.0,4.2
2021-03-14,Seattle,49.5,62.8,0.0,9.5
2021-03-15,Seattle,47.7,74.0,0.0,11.1
2021-03-16,Seattle,47.7,82.3,0.0,9.0
2021-03-17,Seattle,48.5,65.2,0.0,3.3
2021-03-18,Seattle,44.8,58.4,0.0,4.9
2021-03-19,Seattle,41.8,72.3,0.0,7.6
2021-03-20,Seattle,51.4,78.2,0.0,7.3
2021-03-21,Seattle,56.0,48.3,0.0,7.3
2021-03-22,Seattle,52.1,79.8,0.0,7.2
2021-03-23,Seattle,50.8,61.1,0.0,2.6
2021-03-24,Seattle,44.5,77.8,0.0,10.4
2021-03-25,Seattle,54.2,56.0,0.0,9.9
2021-03-26,Seattle,52.7,60.2,0.0,9.6
2021-03-27,Seattle,54.2,76.9,0.0,9.3
2021-03-28,Seattle,55.7,81.7,0.0,7.1
2021-03-29,Seattle,58.5,71.9,0.0,6.2
2021-03-30,Seattle,46.6,91.2,0.0,4.9
2021-03-31,Seattle,46.1,63.8,0.0,12.6
2021-04-01,Seattle,52.9,63.7,0.0,7.9
2021-04-02,Seattle,48.4,69.6,0.0,3.0
2021-04-03,Seattle,47.9,69.2,0.0,7.9
2021-04-04,Seattle,58.6,74.3,0.0,1.7
2021-04-05,Seattle,48.9,66.1,0.0,8.7
2021-04-06,Seattle,53.7,76.5,0.0,8.4
2021-04-07,Seattle,46.7,76.3,0.0,6.4
2021-04-08,Seattle,54.6,84.9,0.0,5.2
2021-04-09,Seattle,59.9,68.1,0.0,9.7
2021-04-10,Seattle,60.4,74.7,0.0,7.8
2021-04-11,Seattle,59.9,76.8,0.0,2.2
2021-04-12,Seattle,55.2,71.9,0.0,11.6
2021-04-13,Seattle,60.8,70.3,0.0,5.2
2021-04-14,Seattle,58.1,55.5,0.0,4.0
2021-04-15,Seattle,54.5,72.7,0.26,12.1
2021-04-16,Seattle,58.5,76.8,0.0,11.2
2021-04-17,Seattle,61.1,71.5,0.0,6.7
2021-04-18,Seattle,51.4,65.7,0.0,4.2
2021-04-19,Seattle,52.9,58.6,0.0,5.3
2021-04-20,Seattle,57.4,75.6,0.58,6.7
2021-04-21,Seattle,52.8,72.3,0.0,11.6
2021-04-22,Seattle,53.1,83.1,0.0,11.9
2021-04-23,Seattle,57.0,60.4,0.65,8.5
2021-04-24,Seattle,63.7,68.2,0.0,10.0
2021-04-25,Seattle,63.9,61.4,0.0,7.4
2021-04-26,Seattle,61.3,80.2,0.0,5.4
2021-04-27,Seattle,61.0,81.9,0.0,3.5
2021-04-28,Seattle,69.9,87.4,0.0,9.0
2021-04-29,Seattle,58.3,76.2,0.0,10.7
2021-04-30,Seattle,62.2,78.3,0.0,6.5
2021-05-01,Seattle,58.7,75.5,0.43,11.6
2021-05-02,Seattle,55.9,76.6,0.0,6.8
2021-05-03,Seattle,67.3,72.4,0.0,8.3
2021-05-04,Seattle,60.9,77.0,0.0,7.3
2021-05-05,Seattle,65.7,89.1,0.0,11.7
2021-05-06,Seattle,61.8,73.7,0.0,9.5
2021-05-07,Seattle,68.8,72.2,0.0,7.8
2021-05-08,Seattle,59.0,73.6,0.0,8.2
2021-05-09,Seattle,69.0,70.8,0.0,4.4
2021-05-10,Seattle,68.1,74.0,0.32,1.3
2021-05-11,Seattle,56.3,70.5,0.0,6.4
2021-05-12,Seattle,62.3,81.2,0.0,7.4
2021-05-13,Seattle,69.5,80.4,0.0,9.6
2021-05-14,Seattle,72.6,89.3,0.0,7.5
2021-05-15,Seattle,68.7,71.8,0.0,6.6
2021-05-16,Seattle,64.0,74.3,0.0,0.0
2021-05-17,Seattle,61.7,74.0,0.0,9.6
2021-05-18,Seattle,68.9,73.6,0.0,8.6
2021-05-19,Seattle,64.7,81.0,0.0,10.4
2021-05-20,Seattle,65.2,59.0,0.0,8.1
2021-05-21,Seattle,66.1,75.7,0.0,11.4
2021-05-22,Seattle,71.4,88.0,0.0,6.3
2021-05-23,Seattle,75.8,82.9,1.0,7.9
2021-05-24,Seattle,72.6,82.0,0.0,8.7
2021-05-25,Seattle,68.2,78.7,0.0,10.0
2021-05-26,Seattle,64.4,67.2,0.86,9.2
2021-05-27,Seattle,71.7,66.0,0.0,9.4
2021-05-28,Seattle,76.4,66.1,0.0,8.8
2021-05-29,Seattle,73.7,62.9,0.72,7.4
2021-05-30,Seattle,70.4,79.6,0.0,10.7
2021-05-31,Seattle,67.5,83.7,0.0,3.0
2021-06-01,Seattle,71.5,75.5,0.0,6.1
2021-06-02,Seattle,75.3,78.4,0.0,12.8
2021-06-03,Seattle,71.4,74.3,1.17,6.0
2021-06-04,Seattle,70.1,76.6,0.0,7.8
2021-06-05,Seattle,67.7,55.1,0.0,12.2
2021-06-06,Seattle,82.7,74.5,0.0,7.6
2021-06-07,Seattle,67.2,68.6,0.0,5.5
2021-06-08,Seattle,67.0,71.7,0.23,11.6
2021-06-09,Seattle,72.4,73.8,0.0,7.1
2021-06-10,Seattle,70.9,66.3,0.0,7.3
2021-06-11,Seattle,76.6,63.4,0.0,2.1
2021-06-12,Seattle,77.0,66.0,0.0,7.6
2021-06-13,Seattle,67.0,60.4,0.0,10.0
2021-06-14,Seattle,69.2,62.8,0.0,6.7
2021-06-15,Seattle,68.8,63.9,0.0,4.2
2021-06-16,Seattle,76.5,60.5,0.0,6.6
2021-06-17,Seattle,75.1,76.2,0.0,6.2
2021-06-18,Seattle,71.6,64.8,0.0,7.2
2021-06-19,Seattle,74.4,57.1,0.0,6.4
2021-06-20,Seattle,68.5,68.8,0.0,13.0
2021-06-21,Seattle,70.4,63.1,0.0,8.9
2021-06-22,Seattle,68.1,83.7,0.0,2.8
2021-06-23,Seattle,74.7,73.1,0.0,8.2
2021-06-24,Seattle,74.8,60.2,0.0,7.9
2021-06-25,Seattle,69.9,76.5,0.0,11.6
2021-06-26,Seattle,76.3,72.7,0.0,7.5
2021-06-27,Seattle,79.3,70.1,0.0,7.4
2021-06-28,Seattle,70.1,84.6,0.0,13.6
2021-06-29,Seattle,73.3,64.2,0.0,4.8
2021-06-30,Seattle,77.2,80.3,0.0,10.4
2021-07-01,Seattle,75.0,68.7,0.0,8.2
2021-07-02,Seattle,68.9,71.9,0.0,6.5
2021-07-03,Seattle,73.2,66.0,0.25,6.1
2021-07-04,Seattle,73.2,66.5,0.0,12.1
2021-07-05,Seattle,74.6,68.5,0.0,9.4
2021-07-06,Seattle,74.9,56.8,0.0,9.8
2021-07-07,Seattle,82.6,74.8,0.0,10.7
2021-07-08,Seattle,74.7,72.9,0.0,9.0
2021-07-09,Seattle,67.9,60.0,0.0,4.8
2021-07-10,Seattle,76.1,77.3,0.0,3.3
2021-07-11,Seattle,83.6,83.7,0.0,12.6
2021-07-12,Seattle,75.1,66.7,0.0,8.6
2021-07-13,Seattle,73.9,65.7,0.22,8.2
2021-07-14,Seattle,74.5,80.9,0.0,13.4
2021-07-15,Seattle,78.6,75.2,0.0,4.8
2021-07-16,Seattle,74.6,70.9,0.0,0.4
2021-07-17,Seattle,69.2,78.5,0.0,2.6
2021-07-18,Seattle,73.0,74.2,0.0,6.4
2021-07-19,Seattle,75.7,83.4,0.0,8.4
2021-07-20,Seattle,78.4,71.9,0.0,12.2
2021-07-21,Seattle,73.4,75.4,0.0,10.5
2021-07-22,Seattle,74.7,80.8,1.13,0.3
2021-07-23,Seattle,76.2,52.4,0.0,16.4
2021-07-24,Seattle,72.5,81.1,0.0,6.8
2021-07-25,Seattle,75.5,68.0,0.24,11.7
2021-07-26,Seattle,78.0,76.0,0.45,9.6
2021-07-27,Seattle,70.5,85.3,0.0,8.0
2021-07-28,Seattle,77.2,69.6,0.0,7.3
2021-07-29,Seattle,70.9,68.4,0.0,4.7
2021-07-30,Seattle,70.9,71.6,0.0,4.1
2021-07-31,Seattle,72.7,60.4,0.0,7.5
2021-08-01,Seattle,81.8,89.6,0.0,3.8
2021-08-02,Seattle,67.9,71.7,0.0,12.9
2021-08-03,Seattle,73.4,85.2,0.0,8.3
2021-08-04,Seattle,75.3,69.3,0.0,14.3
2021-08-05,Seattle,80.6,72.3,0.71,6.7
2021-08-06,Seattle,84.0,79.6,0.0,6.2
2021-08-07,Seattle,73.3,63.2,0.0,9.8
2021-08-08,Seattle,77.5,71.2,0.0,7.2
2021-08-09,Seattle,74.6,79.3,0.0,10.9
2021-08-10,Seattle,74.4,70.3,0.15,12.3
2021-08-11,Seattle,76.0,68.1,0.0,11.3
2021-08-12,Seattle,67.5,80.9,0.0,12.1
2021-08-13,Seattle,74.3,83.2,0.91,10.5
2021-08-14,Seattle,76.4,84.5,0.0,6.4
2021-08-15,Seattle,70.4,66.6,0.77,11.4
2021-08-16,Seattle,76.2,67.4,0.0,10.1
2021-08-17,Seattle,66.2,68.2,0.0,6.1
2021-08-18,Seattle,74.3,77.7,0.0,6.5
2021-08-19,Seattle,79.7,62.4,0.0,7.7
2021-08-20,Seattle,72.6,62.9,0.0,11.3
2021-08-21,Seattle,69.0,66.3,0.0,8.4
2021-08-22,Seattle,66.8,64.5,0.0,8.0
2021-08-23,Seattle,74.8,79.1,0.0,7.5
2021-08-24,Seattle,77.1,78.5,0.0,6.9
2021-08-25,Seattle,72.5,68.1,0.0,4.5
2021-08-26,Seattle,70.4,70.4,0.0,10.4
2021-08-27,Seattle,63.7,51.7,0.0,4.9
2021-08-28,Seattle,72.7,68.3,0.0,8.2
2021-08-29,Seattle,68.9,82.0,0.0,6.8
2021-08-30,Seattle,68.9,67.9,0.0,10.3
2021-08-31,Seattle,78.8,63.3,0.0,7.0
2021-09-01,Seattle,63.3,83.0,0.0,5.0
2021-09-02,Seattle,63.6,63.1,1.87,11.0
2021-09-03,Seattle,72.0,84.4,0.0,5.5
2021-09-04,Seattle,69.0,95.1,0.0,8.5
2021-09-05,Seattle,68.2,71.1,0.0,11.8
2021-09-06,Seattle,71.5,82.0,0.0,5.8
2021-09-07,Seattle,71.2,58.6,0.0,7.7
2021-09-08,Seattle,65.4,58.3,0.0,6.7
2021-09-09,Seattle,66.9,65.6,0.37,8.4
2021-09-10,Seattle,69.6,78.6,0.0,7.8
2021-09-11,Seattle,69.9,72.0,0.0,10.8
2021-09-12,Seattle,71.0,70.5,0.0,6.1
2021-09-13,Seattle,66.0,61.7,0.0,11.8
2021-09-14,Seattle,69.9,71.0,0.0,12.8
2021-09-15,Seattle,,66.9,0.0,8.8
2021-09-16,Seattle,68.1,64.6,0.29,5.6
2021-09-17,Seattle,67.1,63.9,0.57,7.9
2021-09-18,Seattle,66.3,73.5,0.0,7.6
2021-09-19,Seattle,64.3,66.2,0.0,13.3
2021-09-20,Seattle,62.6,71.9,0.0,7.7
2021-09-21,Seattle,65.2,57.8,0.05,12.1
2021-09-22,Seattle,68.3,76.0,0.0,8.3
2021-09-23,Seattle,62.0,73.9,0.0,8.1
2021-09-24,Seattle,65.3,70.1,0.0,6.9
2021-09-25,Seattle,64.5,73.3,2.01,7.2
2021-09-26,Seattle,73.1,79.5,0.0,10.7
2021-09-27,Seattle,68.1,60.4,0.0,5.8
2021-09-28,Seattle,67.7,72.5,1.24,10.9
2021-09-29,Seattle,68.4,61.6,0.0,12.3
2021-09-30,Seattle,61.5,72.7,0.0,6.2
2021-10-01,Seattle,69.9,69.9,0.0,11.6
2021-10-02,Seattle,64.1,71.8,0.0,11.1
2021-10-03,Seattle,62.9,78.8,0.0,10.6
2021-10-04,Seattle,57.3,78.5,0.0,6.1
2021-10-05,Seattle,60.7,80.7,0.0,7.6
2021-10-06,Seattle,54.2,68.8,0.0,7.6
2021-10-07,Seattle,60.8,77.6,0.38,14.3
2021-10-08,Seattle,59.0,76.1,0.0,8.0
2021-10-09,Seattle,59.5,69.0,0.0,7.5
2021-10-10,Seattle,54.7,72.9,0.0,4.6
2021-10-11,Seattle,63.8,70.9,0.0,5.1
2021-10-12,Seattle,63.0,83.2,0.0,5.9
2021-10-13,Seattle,67.7,78.5,0.0,9.1
2021-10-14,Seattle,67.2,69.3,0.0,3.7
2021-10-15,Seattle,60.1,68.8,0.0,6.0
2021-10-16,Seattle,63.7,79.7,0.0,2.4
2021-10-17,Seattle,60.0,82.7,0.0,12.2
2021-10-18,Seattle,56.6,74.5,0.0,8.3
2021-10-19,Seattle,56.9,77.3,0.57,8.9
2021-10-20,Seattle,60.8,82.4,0.0,4.7
2021-10-21,Seattle,76.0,70.6,0.0,11.5
2021-10-22,Seattle,62.5,72.7,0.0,12.5
2021-10-23,Seattle,58.1,75.9,1.19,8.2
2021-10-24,Seattle,58.8,68.6,0.0,6.6
2021-10-25,Seattle,58.5,85.6,0.21,9.7
2021-10-26,Seattle,55.6,68.5,0.0,10.2
2021-10-27,Seattle,59.1,72.5,0.0,10.6
2021-10-28,Seattle,54.7,87.3,0.0,10.0
2021-10-29,Seattle,50.6,57.1,0.0,10.9
2021-10-30,Seattle,57.0,73.7,0.0,5.9
2021-10-31,Seattle,57.3,66.7,0.0,10.7
2021-11-01,Seattle,53.5,72.0,0.0,6.6
2021-11-02,Seattle,55.3,62.4,0.0,0.5
2021-11-03,Seattle,57.9,69.0,0.0,6.6
2021-11-04,Seattle,53.1,72.2,0.0,6.3
2021-11-05,Seattle,51.0,73.9,0.58,8.7
2021-11-06,Seattle,49.5,79.2,0.0,10.5
2021-11-07,Seattle,51.3,53.4,0.0,8.6
2021-11-08,Seattle,59.0,71.0,0.0,14.0
2021-11-09,Seattle,50.9,70.6,0.0,6.4
2021-11-10,Seattle,53.1,71.5,0.0,2.0
2021-11-11,Seattle,49.8,72.3,0.0,8.8
2021-11-12,Seattle,49.1,65.4,0.0,6.4
2021-11-13,Seattle,46.7,59.6,0.0,4.7
2021-11-14,Seattle,50.8,73.7,0.2,7.1
2021-11-15,Seattle,47.8,64.0,0.0,5.6
2021-11-16,Seattle,55.6,75.2,0.0,5.9
2021-11-17,Seattle,49.1,64.5,0.0,12.6
2021-11-18,Seattle,,77.5,0.0,8.4
2021-11-19,Seattle,48.2,71.6,1.03,7.2
2021-11-20,Seattle,50.4,72.1,0.0,12.8
2021-11-21,Seattle,55.2,70.0,0.0,7.1
2021-11-22,Seattle,43.5,68.7,0.0,4.3
2021-11-23,Seattle,49.2,70.1,0.0,4.0
2021-11-24,Seattle,40.7,81.5,0.0,7.8
2021-11-25,Seattle,53.0,59.7,0.0,3.1
2021-11-26,Seattle,46.7,66.8,0.0,4.5
2021-11-27,Seattle,40.2,80.5,0.21,6.9
2021-11-28,Seattle,41.0,78.6,0.48,11.4
2021-11-29,Seattle,50.1,82.7,0.0,11.9
2021-11-30,Seattle,38.8,71.5,0.0,10.0
2021-12-01,Seattle,47.3,61.5,0.0,8.0
2021-12-02,Seattle,43.9,63.1,0.0,6.3
2021-12-03,Seattle,44.7,69.6,0.21,9.2
2021-12-04,Seattle,42.3,78.1,0.0,13.3
2021-12-05,Seattle,40.8,70.0,0.0,8.4
2021-12-06,Seattle,42.7,69.3,0.0,6.6
2021-12-07,Seattle,47.3,75.2,0.0,7.5
2021-12-08,Seattle,43.2,72.2,0.04,7.2
2021-12-09,Seattle,46.2,68.5,0.61,9.6
2021-12-10,Seattle,43.0,64.0,0.0,5.7
2021-12-11,Seattle,46.6,79.6,0.0,9.2
2021-12-12,Seattle,45.6,80.4,0.0,9.7
2021-12-13,Seattle,41.1,63.5,0.0,9.0
2021-12-14,Seattle,39.0,68.8,0.0,4.7
2021-12-15,Seattle,47.5,77.3,0.0,7.6
2021-12-16,Seattle,39.3,62.9,0.0,6.4
2021-12-17,Seattle,45.1,74.9,0.0,7.8
2021-12-18,Seattle,42.8,69.4,0.0,6.0
2021-12-19,Seattle,40.4,62.3,0.0,11.7
2021-12-20,Seattle,44.3,86.2,0.0,8.6
2021-12-21,Seattle,48.3,69.3,0.0,3.1
2021-12-22,Seattle,44.9,76.2,0.0,4.0
2021-12-23,Seattle,42.5,63.0,0.0,11.6
2021-12-24,Seattle,49.1,84.4,0.0,7.5
2021-12-25,Seattle,34.1,87.6,0.0,6.8
2021-12-26,Seattle,36.5,60.0,0.0,11.4
2021-12-27,Seattle,39.3,70.7,0.0,7.5
2021-12-28,Seattle,,82.6,0.0,4.4
2021-12-29,Seattle,45.4,68.3,0.0,4.6
2021-12-30,Seattle,33.3,75.3,0.0,9.9
2021-12-31,Seattle,39.0,58.6,0.0,14.1
2022-01-01,Seattle,34.9,65.7,0.58,10.5
2022-01-02,Seattle,40.6,74.4,0.0,6.9
2022-01-03,Seattle,44.7,67.3,0.0,7.3
2022-01-04,Seattle,45.0,69.1,0.0,8.1
2022-01-05,Seattle,41.7,59.9,0.0,1.9
2022-01-06,Seattle,38.5,77.2,1.98,8.1
2022-01-07,Seattle,39.9,61.3,0.0,9.8
2022-01-08,Seattle,43.4,84.3,0.37,13.3
2022-01-09,Seattle,,66.5,0.0,11.3
2022-01-10,Seattle,34.9,78.4,0.0,13.8
2022-01-11,Seattle,47.3,77.6,0.0,13.0
2022-01-12,Seattle,41.2,64.1,0.0,12.2
2022-01-13,Seattle,43.8,67.4,0.0,8.1
2022-01-14,Seattle,40.9,68.3,0.29,9.0
2022-01-15,Seattle,46.4,68.9,0.0,3.0
2022-01-16,Seattle,41.5,61.6,0.0,8.4
2022-01-17,Seattle,37.1,76.3,0.0,9.7
2022-01-18,Seattle,42.0,66.5,0.0,7.1
2022-01-19,Seattle,45.1,71.1,0.0,3.4
2022-01-20,Seattle,40.0,80.1,0.55,12.7
2022-01-21,Seattle,30.7,76.6,0.0,9.2
2022-01-22,Seattle,39.5,67.0,0.0,13.2
2022-01-23,Seattle,40.5,80.3,0.0,10.2
2022-01-24,Seattle,39.9,77.3,0.0,12.1
2022-01-25,Seattle,37.9,66.4,0.0,11.5
2022-01-26,Seattle,46.1,67.9,0.0,6.0
2022-01-27,Seattle,29.5,80.0,0.0,6.5
2022-01-28,Seattle,40.7,78.2,0.46,6.7
2022-01-29,Seattle,40.8,60.0,0.0,5.1
2022-01-30,Seattle,49.8,64.0,0.0,13.3
2022-01-31,Seattle,40.3,77.6,0.0,8.1
2022-02-01,Seattle,42.5,62.6,0.0,9.4
2022-02-02,Seattle,41.1,78.4,0.0,4.0
2022-02-03,Seattle,41.0,87.5,0.0,10.5
2022-02-04,Seattle,48.6,75.0,1.18,6.8
2022-02-05,Seattle,35.8,64.6,0.0,11.8
2022-02-06,Seattle,37.9,73.4,0.0,5.9
2022-02-07,Seattle,44.4,80.3,0.0,12.0
2022-02-08,Seattle,42.2,72.8,0.0,10.8
2022-02-09,Seattle,39.9,75.9,0.0,6.6
2022-02-10,Seattle,41.0,65.6,0.0,12.3
2022-02-11,Seattle,45.5,66.2,0.0,11.4
2022-02-12,Seattle,43.7,79.2,0.54,9.5
2022-02-13,Seattle,38.5,66.3,0.0,5.0
2022-02-14,Seattle,42.9,51.3,0.0,10.4
2022-02-15,Seattle,41.7,69.5,0.0,8.2
2022-02-16,Seattle,44.2,74.5,0.0,8.1
2022-02-17,Seattle,40.8,80.5,0.0,8.2
2022-02-18,Seattle,37.0,85.2,0.0,7.9
2022-02-19,Seattle,45.6,72.7,0.0,5.4
2022-02-20,Seattle,45.2,77.3,0.0,3.5
2022-02-21,Seattle,49.2,73.0,0.0,2.8
2022-02-22,Seattle,37.1,74.8,0.0,8.9
2022-02-23,Seattle,42.9,70.5,0.0,0.7
2022-02-24,Seattle,42.4,75.1,0.0,10.2
2022-02-25,Seattle,41.8,66.2,0.0,9.5
2022-02-26,Seattle,36.8,87.8,0.0,7.1
2022-02-27,Seattle,39.2,52.9,0.0,11.1
2022-02-28,Seattle,45.4,76.6,0.0,7.2
2022-03-01,Seattle,42.1,74.6,0.0,9.3
2022-03-02,Seattle,40.8,75.0,0.0,2.1
2022-03-03,Seattle,51.2,62.5,0.0,1.3
2022-03-04,Seattle,55.7,58.6,0.0,7.3
2022-03-05,Seattle,44.9,76.8,0.42,9.3
2022-03-06,Seattle,38.7,82.7,0.0,10.9
2022-03-07,Seattle,47.4,73.8,0.16,7.5
2022-03-08,Seattle,36.5,78.4,0.0,8.7
2022-03-09,Seattle,40.0,68.3,0.0,10.4
2022-03-10,Seattle,48.2,74.7,0.03,7.6
2022-03-11,Seattle,40.3,81.8,0.0,9.8
2022-03-12,Seattle,45.5,69.5,0.0,4.6
2022-03-13,Seattle,40.4,81.5,0.0,3.0
2022-03-14,Seattle,47.6,58.9,0.0,6.4
2022-03-15,Seattle,52.6,67.1,0.0,10.3
2022-03-16,Seattle,45.0,76.4,1.26,5.9
2022-03-17,Seattle,48.0,87.2,0.0,10.0
2022-03-18,Seattle,44.7,72.1,0.0,4.9
2022-03-19,Seattle,45.2,63.7,0.0,6.3
2022-03-20,Seattle,45.1,87.0,0.0,8.7
2022-03-21,Seattle,52.7,71.0,1.02,6.0
2022-03-22,Seattle,43.0,77.3,0.0,6.5
2022-03-23,Seattle,48.2,69.3,0.0,0.2
2022-03-24,Seattle,51.8,73.1,0.0,10.5
2022-03-25,Seattle,54.3,67.5,0.0,7.6
2022-03-26,Seattle,52.5,90.1,0.0,5.2
2022-03-27,Seattle,50.5,81.5,0.22,13.5
2022-03-28,Seattle,48.5,86.1,0.0,5.6
2022-03-29,Seattle,55.5,65.7,0.0,6.5
2022-03-30,Seattle,47.7,57.4,0.0,5.1
2022-03-31,Seattle,48.1,69.7,1.5,11.3
2022-04-01,Seattle,58.3,92.1,0.0,12.3
2022-04-02,Seattle,54.1,69.4,0.0,12.0
2022-04-03,Seattle,54.6,80.4,0.92,12.0
2022-04-04,Seattle,55.8,63.8,0.0,6.2
2022-04-05,Seattle,53.0,65.4,0.0,13.0
2022-04-06,Seattle,47.2,71.4,0.0,7.4
2022-04-07,Seattle,55.1,88.9,0.0,3.4
2022-04-08,Seattle,54.2,80.8,0.0,6.7
2022-04-09,Seattle,50.7,55.6,0.0,9.0
2022-04-10,Seattle,50.0,77.3,0.0,6.1
2022-04-11,Seattle,55.0,62.8,0.0,8.4
2022-04-12,Seattle,49.4,66.5,0.0,9.6
2022-04-13,Seattle,55.2,76.1,0.0,9.2
2022-04-14,Seattle,55.0,83.2,1.4,10.0
2022-04-15,Seattle,55.9,82.8,0.0,7.5
2022-04-16,Seattle,58.6,74.7,0.0,5.8
2022-04-17,Seattle,,74.8,0.0,3.6
2022-04-18,Seattle,54.2,82.8,0.0,7.7
2022-04-19,Seattle,61.6,59.4,0.81,6.4
2022-04-20,Seattle,57.0,86.6,0.0,7.6
2022-04-21,Seattle,66.2,66.1,0.0,1.8
2022-04-22,Seattle,56.0,74.1,0.0,3.4
2022-04-23,Seattle,51.7,68.0,0.0,9.5
2022-04-24,Seattle,63.0,62.8,0.0,3.1
2022-04-25,Seattle,61.5,75.7,0.77,7.4
2022-04-26,Seattle,65.3,73.9,0.61,5.5
2022-04-27,Seattle,61.6,71.2,0.0,5.3
2022-04-28,Seattle,71.0,70.8,0.0,8.3
2022-04-29,Seattle,59.9,84.2,0.0,8.1
2022-04-30,Seattle,65.8,89.5,0.0,9.6
2022-05-01,Seattle,59.0,82.0,0.0,4.7
2022-05-02,Seattle,63.9,74.2,0.0,5.3
2022-05-03,Seattle,65.0,58.9,0.0,11.4
2022-05-04,Seattle,66.0,77.0,0.0,7.3
2022-05-05,Seattle,66.1,77.4,0.0,9.1
2022-05-06,Seattle,48.3,78.2,0.41,6.5
2022-05-07,Seattle,62.9,62.9,0.0,9.4
2022-05-08,Seattle,60.9,78.8,0.0,0.5
2022-05-09,Seattle,62.1,84.5,0.0,11.5
2022-05-10,Seattle,62.8,64.1,0.0,6.6
2022-05-11,Seattle,68.8,77.5,0.0,4.3
2022-05-12,Seattle,65.6,65.5,0.27,4.8
2022-05-13,Seattle,62.7,71.2,0.47,7.2
2022-05-14,Seattle,58.6,64.4,0.03,7.7
2022-05-15,Seattle,72.4,69.2,0.3,8.4
2022-05-16,Seattle,62.9,69.3,0.0,4.4
2022-05-17,Seattle,65.5,75.3,0.33,10.6
2022-05-18,Seattle,76.0,79.1,0.0,6.4
2022-05-19,Seattle,63.8,81.7,0.0,6.3
2022-05-20,Seattle,65.6,66.8,0.0,7.3
2022-05-21,Seattle,68.2,74.9,0.0,10.0
2022-05-22,Seattle,60.2,63.2,0.0,7.9
2022-05-23,Seattle,59.9,71.1,0.0,6.4
2022-05-24,Seattle,65.8,72.3,0.3,7.0
2022-05-25,Seattle,66.2,64.6,0.0,11.7
2022-05-26,Seattle,69.1,76.5,0.0,11.2
2022-05-27,Seattle,64.3,70.8,0.0,9.1
2022-05-28,Seattle,70.9,73.2,0.0,8.4
2022-05-29,Seattle,59.5,81.8,0.0,14.9
2022-05-30,Seattle,69.1,68.6,0.0,9.4
2022-05-31,Seattle,71.3,78.8,0.0,8.5
2022-06-01,Seattle,71.4,83.5,0.2,7.4
2022-06-02,Seattle,69.4,83.1,0.0,9.1
2022-06-03,Seattle,67.4,70.5,0.64,0.0
2022-06-04,Seattle,69.7,64.2,0.0,11.1
2022-06-05,Seattle,76.4,66.3,0.0,4.2
2022-06-06,Seattle,68.3,59.3,0.0,5.8
2022-06-07,Seattle,75.6,77.5,0.51,3.8
2022-06-08,Seattle,76.6,78.0,0.0,5.8
2022-06-09,Seattle,63.8,72.9,0.0,7.0
2022-06-10,Seattle,71.3,61.0,0.0,10.7
2022-06-11,Seattle,67.6,69.1,0.0,11.9
2022-06-12,Seattle,65.5,83.0,1.09,13.8
2022-06-13,Seattle,76.0,76.9,0.0,8.3
2022-06-14,Seattle,74.7,78.3,0.0,7.3
2022-06-15,Seattle,74.0,98.5,0.0,10.3
2022-06-16,Seattle,68.1,74.6,1.22,5.4
2022-06-17,Seattle,74.1,54.7,0.0,5.1
2022-06-18,Seattle,67.4,63.2,0.0,6.9
2022-06-19,Seattle,73.8,74.4,0.0,7.9
2022-06-20,Seattle,70.6,72.1,0.0,1.8
2022-06-21,Seattle,78.5,70.6,0.0,11.2
2022-06-22,Seattle,72.3,70.8,0.0,8.7
2022-06-23,Seattle,75.1,65.7,0.0,10.4
2022-06-24,Seattle,75.2,75.0,0.0,3.3
2022-06-25,Seattle,74.0,83.2,0.38,6.0
2022-06-26,Seattle,74.9,85.9,0.0,5.9
2022-06-27,Seattle,75.9,85.6,0.0,7.4
2022-06-28,Seattle,70.7,64.4,0.29,7.9
2022-06-29,Seattle,76.6,71.8,0.0,10.6
2022-06-30,Seattle,78.8,69.5,0.11,8.3
2022-07-01,Seattle,76.8,76.7,0.0,5.8
2022-07-02,Seattle,73.5,71.3,0.16,14.6
2022-07-03,Seattle,76.0,70.2,0.0,7.2
2022-07-04,Seattle,73.7,83.6,0.0,5.3
2022-07-05,Seattle,74.8,72.8,0.0,2.3
2022-07-06,Seattle,70.1,73.0,0.0,8.3
2022-07-07,Seattle,81.7,75.3,0.0,10.1
2022-07-08,Seattle,84.3,77.4,0.0,4.6
2022-07-09,Seattle,72.5,77.5,0.0,9.9
2022-07-10,Seattle,79.3,84.4,0.0,8.3
2022-07-11,Seattle,82.3,61.7,0.0,2.7
2022-07-12,Seattle,71.5,74.6,0.0,9.9
2022-07-13,Seattle,66.1,71.2,0.0,7.2
2022-07-14,Seattle,82.7,69.6,0.0,4.6
2022-07-15,Seattle,75.9,78.1,0.0,10.9
2022-07-16,Seattle,73.6,82.4,0.0,10.8
2022-07-17,Seattle,76.2,67.3,0.0,4.6
2022-07-18,Seattle,74.3,85.5,0.0,8.9
2022-07-19,Seattle,89.3,60.5,0.0,8.6
2022-07-20,Seattle,73.6,76.7,0.0,7.8
2022-07-21,Seattle,77.5,64.9,0.0,6.5
2022-07-22,Seattle,81.8,66.9,0.0,7.6
2022-07-23,Seattle,81.8,72.5,0.0,10.8
2022-07-24,Seattle,80.9,68.8,0.0,9.2
2022-07-25,Seattle,74.0,49.1,0.0,2.2
2022-07-26,Seattle,75.2,76.9,0.0,1.6
2022-07-27,Seattle,66.1,78.2,0.0,2.4
2022-07-28,Seattle,75.5,70.7,0.0,3.9
2022-07-29,Seattle,75.9,70.1,0.0,5.7
2022-07-30,Seattle,79.1,69.0,0.0,6.6
2022-07-31,Seattle,83.8,58.3,0.0,7.8
2022-08-01,Seattle,78.8,57.5,0.0,7.9
2022-08-02,Seattle,80.4,78.4,0.0,7.9
2022-08-03,Seattle,75.4,80.5,0.0,11.4
2022-08-04,Seattle,81.2,76.8,0.0,3.0
2022-08-05,Seattle,75.4,75.0,0.0,9.0
2022-08-06,Seattle,80.4,78.3,0.0,9.0
2022-08-07,Seattle,78.8,77.7,0.0,4.2
2022-08-08,Seattle,76.8,65.7,0.0,9.6
2022-08-09,Seattle,68.0,73.8,0.0,9.1
2022-08-10,Seattle,79.8,69.6,0.0,7.9
2022-08-11,Seattle,76.5,69.7,0.0,0.7
2022-08-12,Seattle,77.8,81.1,0.0,10.9
2022-08-13,Seattle,75.9,84.6,0.0,8.7
2022-08-14,Seattle,76.6,53.2,0.23,9.2
2022-08-15,Seattle,80.1,70.0,1.12,0.0
2022-08-16,Seattle,72.0,69.5,0.0,6.4
2022-08-17,Seattle,76.1,81.3,0.0,3.7
2022-08-18,Seattle,70.4,60.4,0.0,11.9
2022-08-19,Seattle,76.3,48.1,0.69,4.7
2022-08-20,Seattle,74.7,78.6,0.0,12.4
2022-08-21,Seattle,70.6,79.7,0.0,10.9
2022-08-22,Seattle,73.7,57.7,0.0,8.7
2022-08-23,Seattle,70.5,71.0,0.0,11.4
2022-08-24,Seattle,71.2,84.2,0.0,5.2
2022-08-25,Seattle,74.3,63.4,0.0,5.7
2022-08-26,Seattle,73.7,72.8,0.0,10.8
2022-08-27,Seattle,63.7,76.1,0.0,5.2
2022-08-28,Seattle,73.8,60.6,0.0,4.0
2022-08-29,Seattle,70.6,67.5,0.0,7.0
2022-08-30,Seattle,69.9,58.5,0.0,5.4
2022-08-31,Seattle,66.5,70.7,0.0,13.6
2022-09-01,Seattle,71.2,65.7,0.0,10.3
2022-09-02,Seattle,68.8,73.7,0.52,6.3
2022-09-03,Seattle,76.7,77.1,0.0,5.0
2022-09-04,Seattle,62.8,83.1,0.0,9.0
2022-09-05,Seattle,66.2,90.7,0.0,11.6
2022-09-06,Seattle,65.6,73.7,0.0,8.9
2022-09-07,Seattle,71.2,69.5,0.0,5.1
2022-09-08,Seattle,75.1,69.0,0.53,3.7
2022-09-09,Seattle,71.8,64.3,0.0,6.9
2022-09-10,Seattle,64.4,75.6,0.0,8.9
2022-09-11,Seattle,67.2,68.0,0.0,6.6
2022-09-12,Seattle,65.2,76.1,0.0,11.0
2022-09-13,Seattle,70.9,64.5,0.0,9.6
2022-09-14,Seattle,66.3,68.3,0.34,8.7
2022-09-15,Seattle,61.7,75.5,0.0,9.5
2022-09-16,Seattle,70.5,71.0,0.0,3.8
2022-09-17,Seattle,73.3,56.6,0.0,6.5
2022-09-18,Seattle,66.5,71.9,0.0,4.9
2022-09-19,Seattle,67.6,65.6,0.0,9.2
2022-09-20,Seattle,60.0,81.5,0.0,4.9
2022-09-21,Seattle,57.2,79.8,0.0,8.2
2022-09-22,Seattle,57.9,53.7,0.0,7.5
2022-09-23,Seattle,65.8,78.4,0.0,9.8
2022-09-24,Seattle,64.3,75.1,0.0,4.4
2022-09-25,Seattle,67.9,60.1,0.32,9.4
2022-09-26,Seattle,64.2,79.0,0.0,4.8
2022-09-27,Seattle,69.3,61.8,0.0,5.1
2022-09-28,Seattle,68.5,81.2,0.0,7.6
2022-09-29,Seattle,62.8,66.8,0.64,11.6
2022-09-30,Seattle,59.4,59.9,0.0,5.5
2022-10-01,Seattle,,89.0,0.0,2.7
2022-10-02,Seattle,69.8,59.6,0.0,5.2
2022-10-03,Seattle,58.8,65.6,0.0,6.8
2022-10-04,Seattle,56.0,67.1,0.0,13.6
2022-10-05,Seattle,63.1,68.4,0.0,9.2
2022-10-06,Seattle,55.5,77.6,0.0,5.7
2022-10-07,Seattle,62.5,72.5,0.31,7.6
2022-10-08,Seattle,60.1,80.0,0.0,12.7
2022-10-09,Seattle,65.4,75.0,0.0,7.3
2022-10-10,Seattle,64.7,58.6,0.48,7.3
2022-10-11,Seattle,65.6,76.4,0.0,6.8
2022-10-12,Seattle,61.3,73.9,0.0,10.1
2022-10-13,Seattle,56.2,67.0,0.0,6.4
2022-10-14,Seattle,55.1,88.6,0.0,10.6
2022-10-15,Seattle,57.0,76.9,0.0,11.2
2022-10-16,Seattle,68.1,79.5,0.94,9.8
2022-10-17,Seattle,57.7,79.8,0.0,7.3
2022-10-18,Seattle,59.2,68.6,0.36,3.8
2022-10-19,Seattle,65.0,77.1,0.0,7.3
2022-10-20,Seattle,59.0,74.5,0.0,6.0
2022-10-21,Seattle,54.2,67.5,0.14,5.7
2022-10-22,Seattle,60.6,62.2,0.0,7.3
2022-10-23,Seattle,55.0,72.2,0.0,9.4
2022-10-24,Seattle,57.9,76.7,0.0,6.1
2022-10-25,Seattle,58.6,72.1,0.0,3.9
2022-10-26,Seattle,53.8,70.5,0.0,5.1
2022-10-27,Seattle,56.6,72.2,0.0,13.1
2022-10-28,Seattle,62.6,69.7,0.0,9.6
2022-10-29,Seattle,52.3,84.4,0.0,5.1
2022-10-30,Seattle,60.7,74.2,0.0,11.9
2022-10-31,Seattle,51.8,68.1,0.0,7.3
2022-11-01,Seattle,62.3,57.5,0.0,14.8
2022-11-02,Seattle,50.0,70.4,0.0,8.8
2022-11-03,Seattle,51.8,67.4,0.74,9.7
2022-11-04,Seattle,60.1,67.1,0.0,10.5
2022-11-05,Seattle,60.0,79.5,0.0,12.5
2022-11-06,Seattle,56.4,72.6,0.0,6.7
2022-11-07,Seattle,47.5,58.5,0.0,12.2
2022-11-08,Seattle,52.5,77.0,0.58,6.1
2022-11-09,Seattle,51.8,59.3,0.0,6.9
2022-11-10,Seattle,47.7,77.5,0.0,8.0
2022-11-11,Seattle,54.4,68.2,0.0,10.8
2022-11-12,Seattle,47.5,72.7,0.0,7.0
2022-11-13,Seattle,44.9,71.8,0.0,13.0
2022-11-14,Seattle,43.1,70.8,0.0,12.0
2022-11-15,Seattle,57.8,73.7,0.0,8.1
2022-11-16,Seattle,47.5,72.7,0.0,5.1
2022-11-17,Seattle,47.4,87.0,0.0,11.0
2022-11-18,Seattle,44.6,73.8,0.0,1.7
2022-11-19,Seattle,55.2,74.0,0.0,10.2
2022-11-20,Seattle,42.5,66.3,0.0,5.5
2022-11-21,Seattle,43.1,75.0,0.0,11.8
2022-11-22,Seattle,46.8,63.8,0.0,3.8
2022-11-23,Seattle,47.9,81.2,0.0,6.0
2022-11-24,Seattle,50.7,60.1,1.06,9.3
2022-11-25,Seattle,44.4,65.3,0.0,9.8
2022-11-26,Seattle,54.2,59.0,0.0,6.1
2022-11-27,Seattle,44.0,75.4,0.0,7.0
2022-11-28,Seattle,42.2,68.6,0.0,10.9
2022-11-29,Seattle,41.5,77.5,0.0,11.0
2022-11-30,Seattle,42.8,64.2,0.0,6.9
2022-12-01,Seattle,40.8,76.3,0.0,6.2
2022-12-02,Seattle,49.2,76.6,0.0,3.9
2022-12-03,Seattle,41.1,73.7,0.0,8.8
2022-12-04,Seattle,44.7,72.2,0.0,10.4
2022-12-05,Seattle,40.5,73.1,0.0,8.5
2022-12-06,Seattle,39.6,64.7,0.0,5.2
2022-12-07,Seattle,49.7,63.4,0.93,13.4
2022-12-08,Seattle,51.7,76.4,0.0,1.7
2022-12-09,Seattle,50.0,69.1,0.0,10.6
2022-12-10,Seattle,37.5,75.6,0.0,8.7
2022-12-11,Seattle,37.9,84.4,0.0,9.4
2022-12-12,Seattle,52.6,68.3,0.0,5.6
2022-12-13,Seattle,42.4,67.2,0.43,7.5
2022-12-14,Seattle,37.1,69.4,0.99,8.9
2022-12-15,Seattle,48.0,72.3,0.0,7.7
2022-12-16,Seattle,43.3,76.9,0.0,2.6
2022-12-17,Seattle,45.4,71.8,0.0,13.1
2022-12-18,Seattle,32.6,88.6,0.0,10.0
2022-12-19,Seattle,41.0,75.4,0.0,8.1
2022-12-20,Seattle,46.6,78.2,0.0,8.3
2022-12-21,Seattle,39.3,71.7,1.0,13.1
2022-12-22,Seattle,47.6,80.1,0.27,5.8
2022-12-23,Seattle,36.0,70.4,0.0,5.1
2022-12-24,Seattle,41.3,66.8,0.0,10.6
2022-12-25,Seattle,49.0,79.2,0.0,9.4
2022-12-26,Seattle,36.3,71.5,0.0,5.0
2022-12-27,Seattle,42.6,74.0,0.0,11.3
2022-12-28,Seattle,43.9,79.9,0.0,8.9
2022-12-29,Seattle,41.6,73.1,0.0,5.3
2022-12-30,Seattle,39.9,70.8,0.0,9.5
2022-12-31,Seattle,37.0,67.7,0.0,9.0
2023-01-01,Seattle,41.7,80.5,0.6,7.7
2023-01-02,Seattle,40.3,69.3,0.0,9.2
2023-01-03,Seattle,34.2,71.6,0.0,9.9
2023-01-04,Seattle,45.5,74.3,0.0,10.7
2023-01-05,Seattle,36.4,74.3,0.0,8.3
2023-01-06,Seattle,34.1,80.1,0.0,7.2
2023-01-07,Seattle,37.7,71.4,0.65,8.7
2023-01-08,Seattle,36.3,83.0,0.0,11.6
2023-01-09,Seattle,39.1,70.0,0.0,9.9
2023-01-10,Seattle,34.6,75.0,0.0,7.0
2023-01-11,Seattle,42.2,70.5,0.0,8.2
2023-01-12,Seattle,46.3,88.7,0.0,13.0
2023-01-13,Seattle,40.6,69.2,0.0,10.2
2023-01-14,Seattle,33.6,69.9,0.43,8.5
2023-01-15,Seattle,35.9,72.9,0.0,11.4
2023-01-16,Seattle,41.0,69.9,0.22,6.4
2023-01-17,Seattle,31.2,74.5,0.0,9.0
2023-01-18,Seattle,34.5,81.8,0.0,13.6
2023-01-19,Seattle,32.6,73.2,0.37,10.0
2023-01-20,Seattle,40.5,73.5,0.0,12.9
2023-01-21,Seattle,49.7,70.2,0.83,7.7
2023-01-22,Seattle,34.4,68.0,0.0,6.6
2023-01-23,Seattle,43.7,72.8,0.0,11.5
2023-01-24,Seattle,37.5,72.1,0.0,2.5
2023-01-25,Seattle,34.2,81.4,0.43,8.5
2023-01-26,Seattle,47.2,64.3,0.0,11.1
2023-01-27,Seattle,49.9,83.6,0.0,9.7
2023-01-28,Seattle,42.1,70.8,1.06,1.7
2023-01-29,Seattle,41.9,73.2,0.0,4.0
2023-01-30,Seattle,40.6,63.5,0.0,7.7
2023-01-31,Seattle,39.7,76.5,0.0,9.4
2023-02-01,Seattle,42.0,64.3,0.61,9.5
2023-02-02,Seattle,43.6,75.0,0.0,8.0
2023-02-03,Seattle,48.1,74.2,0.0,10.2
2023-02-04,Seattle,38.4,69.4,0.08,9.3
2023-02-05,Seattle,41.4,55.5,0.0,7.6
2023-02-06,Seattle,40.5,89.3,0.0,9.6
2023-02-07,Seattle,45.6,63.6,0.0,6.1
2023-02-08,Seattle,51.9,74.2,0.0,9.9
2023-02-09,Seattle,46.0,66.2,0.57,5.5
2023-02-10,Seattle,44.9,80.4,0.0,9.5
2023-02-11,Seattle,45.5,69.0,0.0,9.4
2023-02-12,Seattle,47.3,66.0,0.0,7.1
2023-02-13,Seattle,52.5,76.8,0.0,9.9
2023-02-14,Seattle,34.2,61.8,0.0,12.6
2023-02-15,Seattle,44.6,68.7,0.0,4.9
2023-02-16,Seattle,30.5,77.5,0.0,10.9
2023-02-17,Seattle,46.5,84.1,0.0,11.3
2023-02-18,Seattle,44.9,64.3,0.0,7.4
2023-02-19,Seattle,40.1,67.1,0.0,10.4
2023-02-20,Seattle,30.7,74.8,0.0,7.2
2023-02-21,Seattle,42.8,56.0,0.0,11.8
2023-02-22,Seattle,44.0,82.9,0.0,0.0
2023-02-23,Seattle,42.9,64.0,0.0,12.3
2023-02-24,Seattle,40.6,68.5,0.0,4.7
2023-02-25,Seattle,39.5,74.1,0.0,8.3
2023-02-26,Seattle,43.5,72.4,1.16,5.6
2023-02-27,Seattle,40.4,64.3,0.0,12.5
2023-02-28,Seattle,47.8,85.8,0.0,7.3
2023-03-01,Seattle,44.0,51.4,0.0,6.4
2023-03-02,Seattle,36.8,63.0,0.0,11.4
2023-03-03,Seattle,45.6,66.9,0.0,10.2
2023-03-04,Seattle,46.8,64.4,0.0,7.0
2023-03-05,Seattle,52.5,81.8,0.0,5.0
2023-03-06,Seattle,49.6,58.7,0.0,4.6
2023-03-07,Seattle,41.6,84.5,0.0,11.8
2023-03-08,Seattle,52.3,69.8,0.0,9.3
2023-03-09,Seattle,39.9,61.1,0.0,8.5
2023-03-10,Seattle,46.5,55.2,0.0,9.5
2023-03-11,Seattle,50.0,70.3,0.25,2.2
2023-03-12,Seattle,53.4,66.4,0.0,7.0
2023-03-13,Seattle,55.6,73.9,0.0,7.1
2023-03-14,Seattle,53.0,68.4,0.0,10.9
2023-03-15,Seattle,46.9,79.6,0.0,3.6
2023-03-16,Seattle,50.4,70.9,0.0,11.2
2023-03-17,Seattle,49.1,68.6,0.0,13.4
2023-03-18,Seattle,45.1,79.8,0.0,2.8
2023-03-19,Seattle,48.1,73.8,0.42,8.0
2023-03-20,Seattle,56.9,78.2,0.0,9.5
2023-03-21,Seattle,52.0,81.2,0.0,10.6
2023-03-22,Seattle,58.7,69.6,0.0,1.5
2023-03-23,Seattle,44.8,72.3,0.0,9.0
2023-03-24,Seattle,48.2,78.8,0.0,7.3
2023-03-25,Seattle,52.1,52.4,0.0,7.2
2023-03-26,Seattle,53.8,71.2,0.0,14.2
2023-03-27,Seattle,50.3,70.2,0.0,7.4
2023-03-28,Seattle,54.7,75.0,0.0,9.3
2023-03-29,Seattle,54.9,65.6,0.0,7.6
2023-03-30,Seattle,45.4,80.8,0.86,8.7
2023-03-31,Seattle,55.3,66.1,0.0,9.7
2023-04-01,Seattle,57.1,68.3,0.0,10.7
2023-04-02,Seattle,53.8,66.7,0.0,5.7
2023-04-03,Seattle,44.5,81.8,0.0,8.5
2023-04-04,Seattle,51.9,55.3,0.0,8.6
2023-04-05,Seattle,55.4,86.3,0.0,3.1
2023-04-06,Seattle,49.8,83.8,0.0,5.1
2023-04-07,Seattle,58.1,67.5,0.17,10.7
2023-04-08,Seattle,57.6,80.2,0.0,6.6
2023-04-09,Seattle,55.2,73.0,0.0,15.8
2023-04-10,Seattle,55.0,85.2,0.0,10.9
2023-04-11,Seattle,56.1,79.6,0.0,9.4
2023-04-12,Seattle,55.5,89.5,1.06,12.5
2023-04-13,Seattle,50.1,59.5,0.0,10.3
2023-04-14,Seattle,54.2,73.5,0.0,8.6
2023-04-15,Seattle,56.8,58.2,0.0,3.8
2023-04-16,Seattle,63.1,67.9,0.0,10.0
2023-04-17,Seattle,60.2,90.0,0.0,12.2
2023-04-18,Seattle,64.0,75.7,0.0,6.2
2023-04-19,Seattle,51.4,79.9,0.0,2.5
2023-04-20,Seattle,56.4,76.1,0.21,4.8
2023-04-21,Seattle,67.6,75.6,0.0,13.3
2023-04-22,Seattle,55.3,67.8,0.0,8.2
2023-04-23,Seattle,55.5,66.3,0.0,12.4
2023-04-24,Seattle,,67.6,0.0,8.1
2023-04-25,Seattle,68.6,50.2,0.0,6.5
2023-04-26,Seattle,56.8,71.3,0.0,14.4
2023-04-27,Seattle,62.7,73.9,0.0,6.9
2023-04-28,Seattle,62.2,67.0,0.0,7.3
2023-04-29,Seattle,52.1,71.0,0.0,9.4
2023-04-30,Seattle,61.0,76.2,0.0,7.1
2023-05-01,Seattle,58.9,79.1,0.0,10.3
2023-05-02,Seattle,64.7,62.4,0.0,9.3
2023-05-03,Seattle,69.8,65.6,0.0,9.5
2023-05-04,Seattle,60.7,78.0,0.0,6.2
2023-05-05,Seattle,61.0,76.7,0.0,3.0
2023-05-06,Seattle,,82.8,0.0,5.5
2023-05-07,Seattle,60.0,82.4,0.0,5.8
2023-05-08,Seattle,57.4,91.3,0.39,8.9
2023-05-09,Seattle,70.0,69.7,0.0,5.6
2023-05-10,Seattle,63.8,84.6,0.0,3.6
2023-05-11,Seattle,65.6,64.6,0.0,4.6
2023-05-12,Seattle,74.7,91.2,0.0,9.2
2023-05-13,Seattle,58.6,75.6,0.0,10.1
2023-05-14,Seattle,64.3,76.3,0.0,6.5
2023-05-15,Seattle,59.9,79.9,0.0,6.8
2023-05-16,Seattle,67.3,61.2,0.81,9.8
2023-05-17,Seattle,63.6,63.4,0.14,8.5
2023-05-18,Seattle,61.1,72.9,0.0,11.6
2023-05-19,Seattle,69.9,74.8,0.0,7.5
2023-05-20,Seattle,66.9,88.7,0.0,5.5
2023-05-21,Seattle,61.5,64.4,0.0,11.3
2023-05-22,Seattle,62.1,84.3,0.0,7.1
2023-05-23,Seattle,68.6,69.9,0.0,5.6
2023-05-24,Seattle,,69.8,0.18,10.7
2023-05-25,Seattle,69.2,70.7,0.0,12.3
2023-05-26,Seattle,74.5,69.6,0.0,8.5
2023-05-27,Seattle,71.7,75.9,0.0,5.0
2023-05-28,Seattle,66.1,68.8,0.0,12.6
2023-05-29,Seattle,70.4,60.7,0.0,9.1
2023-05-30,Seattle,63.8,69.9,0.0,8.7
2023-05-31,Seattle,70.3,75.7,0.0,6.8
2023-06-01,Seattle,68.4,60.8,0.23,11.4
2023-06-02,Seattle,65.5,76.7,0.0,4.7
2023-06-03,Seattle,73.2,81.4,0.47,4.4
2023-06-04,Seattle,61.7,83.8,0.0,13.7
2023-06-05,Seattle,65.5,74.7,0.0,5.4
2023-06-06,Seattle,66.2,57.6,0.0,10.9
2023-06-07,Seattle,,77.2,0.0,12.1
2023-06-08,Seattle,77.3,79.7,0.0,8.6
2023-06-09,Seattle,75.0,66.4,0.03,5.4
2023-06-10,Seattle,72.3,71.4,0.0,9.9
2023-06-11,Seattle,72.3,75.9,0.0,12.2
2023-06-12,Seattle,72.2,86.3,0.0,9.0
2023-06-13,Seattle,78.6,70.0,1.78,5.8
2023-06-14,Seattle,64.4,79.1,0.0,8.9
2023-06-15,Seattle,76.3,74.5,0.0,3.8
2023-06-16,Seattle,70.7,73.6,1.53,5.1
2023-06-17,Seattle,75.4,82.6,0.5,7.2
2023-06-18,Seattle,75.6,65.3,0.0,8.2
2023-06-19,Seattle,76.8,73.8,0.0,4.4
2023-06-20,Seattle,80.7,72.2,0.0,8.7
2023-06-21,Seattle,67.6,59.9,0.53,9.6
2023-06-22,Seattle,78.4,81.9,0.0,7.4
2023-06-23,Seattle,73.8,78.6,0.0,1.5
2023-06-24,Seattle,72.1,72.3,0.0,8.3
2023-06-25,Seattle,83.5,69.9,0.0,13.4
2023-06-26,Seattle,77.6,72.0,0.0,9.4
2023-06-27,Seattle,72.7,77.7,0.0,8.0
2023-06-28,Seattle,79.0,72.4,0.0,6.9
2023-06-29,Seattle,74.6,66.7,0.0,9.7
2023-06-30,Seattle,73.0,67.9,0.0,8.6
2023-07-01,Seattle,72.3,71.9,0.0,10.1
2023-07-02,Seattle,76.5,64.5,0.1,4.7
2023-07-03,Seattle,72.4,74.7,0.0,8.4
2023-07-04,Seattle,76.0,65.7,0.0,6.6
2023-07-05,Seattle,79.4,64.4,0.0,9.1
2023-07-06,Seattle,76.0,97.5,0.0,2.2
2023-07-07,Seattle,84.4,87.5,0.0,6.8
2023-07-08,Seattle,75.7,73.2,0.0,9.6
2023-07-09,Seattle,81.7,78.8,0.0,10.1
2023-07-10,Seattle,80.1,80.2,0.0,7.9
2023-07-11,Seattle,82.6,71.4,0.0,1.5
2023-07-12,Seattle,84.7,74.3,0.0,9.9
2023-07-13,Seattle,67.9,69.9,0.0,12.8
2023-07-14,Seattle,77.1,82.0,0.0,5.5
2023-07-15,Seattle,75.4,82.2,0.33,6.7
2023-07-16,Seattle,76.5,84.5,0.0,10.4
2023-07-17,Seattle,74.2,74.1,0.0,10.5
2023-07-18,Seattle,73.5,89.3,0.0,11.3
2023-07-19,Seattle,71.0,71.4,0.0,11.0
2023-07-20,Seattle,76.4,88.4,0.58,3.4
2023-07-21,Seattle,80.2,68.3,0.0,6.6
2023-07-22,Seattle,73.8,61.6,0.0,9.9
2023-07-23,Seattle,74.5,88.2,0.0,7.7
2023-07-24,Seattle,72.8,77.3,0.0,9.1
2023-07-25,Seattle,71.5,76.2,0.58,7.6
2023-07-26,Seattle,74.9,69.1,0.0,6.7
2023-07-27,Seattle,77.4,65.2,0.0,7.3
2023-07-28,Seattle,81.5,66.0,0.0,4.6
2023-07-29,Seattle,70.4,73.1,0.0,5.8
2023-07-30,Seattle,75.6,70.8,0.0,7.8
2023-07-31,Seattle,81.0,56.5,0.0,7.9
2023-08-01,Seattle,70.3,85.6,0.96,9.7
2023-08-02,Seattle,81.3,68.6,0.0,7.1
2023-08-03,Seattle,73.5,81.9,0.0,13.0
2023-08-04,Seattle,78.6,66.4,0.82,11.7
2023-08-05,Seattle,74.4,73.2,0.0,6.5
2023-08-06,Seattle,77.3,79.8,0.0,8.6
2023-08-07,Seattle,82.4,78.7,0.88,11.6
2023-08-08,Seattle,74.5,69.9,0.0,6.1
2023-08-09,Seattle,79.5,76.1,0.0,5.8
2023-08-10,Seattle,76.1,77.4,0.0,11.9
2023-08-11,Seattle,71.2,70.8,0.25,10.1
2023-08-12,Seattle,74.0,63.1,0.0,11.2
2023-08-13,Seattle,73.6,67.0,0.0,8.9
2023-08-14,Seattle,68.0,69.0,0.0,7.2
2023-08-15,Seattle,76.3,72.2,0.0,4.0
2023-08-16,Seattle,77.1,84.7,0.0,8.4
2023-08-17,Seattle,77.7,79.3,1.08,11.7
2023-08-18,Seattle,80.3,65.5,0.0,11.7
2023-08-19,Seattle,78.0,86.7,0.0,11.2
2023-08-20,Seattle,70.8,71.4,0.0,10.4
2023-08-21,Seattle,71.6,77.4,0.0,14.6
2023-08-22,Seattle,77.0,64.5,0.0,3.3
2023-08-23,Seattle,74.8,68.4,0.0,8.7
2023-08-24,Seattle,72.8,80.3,0.0,5.2
2023-08-25,Seattle,68.8,65.0,0.0,12.7
2023-08-26,Seattle,70.1,72.4,0.0,6.3
2023-08-27,Seattle,75.0,75.8,0.0,11.0
2023-08-28,Seattle,63.4,63.8,0.0,6.7
2023-08-29,Seattle,61.4,57.8,0.0,9.3
2023-08-30,Seattle,74.9,79.3,0.0,7.7
2023-08-31,Seattle,69.2,94.9,0.0,8.0
2023-09-01,Seattle,73.5,75.7,0.41,9.0
2023-09-02,Seattle,78.2,77.2,1.79,10.8
2023-09-03,Seattle,66.4,64.9,0.0,7.7
2023-09-04,Seattle,63.2,83.8,0.0,10.7
2023-09-05,Seattle,69.3,69.0,0.28,11.1
2023-09-06,Seattle,67.2,81.3,0.0,6.7
2023-09-07,Seattle,69.9,76.9,0.0,13.7
2023-09-08,Seattle,72.2,77.1,0.0,10.2
2023-09-09,Seattle,71.1,76.7,0.0,6.7
2023-09-10,Seattle,69.5,76.5,0.0,9.8
2023-09-11,Seattle,73.9,74.3,0.0,11.1
2023-09-12,Seattle,71.9,79.8,0.0,9.8
2023-09-13,Seattle,67.8,66.2,0.0,8.6
2023-09-14,Seattle,71.2,70.1,0.0,0.0
2023-09-15,Seattle,61.1,83.7,0.0,5.1
2023-09-16,Seattle,72.6,73.4,0.0,10.0
2023-09-17,Seattle,67.7,69.4,0.0,5.0
2023-09-18,Seattle,61.9,80.3,0.0,9.5
2023-09-19,Seattle,65.2,78.7,0.0,10.7
2023-09-20,Seattle,71.5,61.6,0.0,7.7
2023-09-21,Seattle,63.1,77.8,0.0,2.7
2023-09-22,Seattle,68.1,73.1,0.0,5.8
2023-09-23,Seattle,69.9,77.7,0.79,10.1
2023-09-24,Seattle,65.8,72.1,0.0,11.8
2023-09-25,Seattle,61.5,75.7,0.0,1.8
2023-09-26,Seattle,64.8,57.4,0.6,8.2
2023-09-27,Seattle,58.5,64.8,0.0,3.6
2023-09-28,Seattle,62.3,77.9,0.0,8.3
2023-09-29,Seattle,59.3,93.0,0.0,7.5
2023-09-30,Seattle,63.8,74.9,0.0,15.1
2023-10-01,Seattle,58.0,66.5,0.0,6.4
2023-10-02,Seattle,63.7,73.1,0.0,11.1
2023-10-03,Seattle,68.2,64.9,0.0,11.0
2023-10-04,Seattle,68.2,82.0,0.0,7.4
2023-10-05,Seattle,56.9,72.4,0.0,8.4
2023-10-06,Seattle,59.2,80.4,0.0,8.0
2023-10-07,Seattle,65.7,70.8,0.0,5.8
2023-10-08,Seattle,64.7,81.1,0.0,5.5
2023-10-09,Seattle,58.5,59.0,0.0,6.8
2023-10-10,Seattle,58.8,72.2,0.0,4.6
2023-10-11,Seattle,61.0,76.3,0.53,6.5
2023-10-12,Seattle,52.1,69.9,0.0,7.4
2023-10-13,Seattle,62.4,74.9,0.0,8.5
2023-10-14,Seattle,64.6,74.7,0.0,9.3
2023-10-15,Seattle,57.7,80.4,0.0,7.4
2023-10-16,Seattle,52.7,77.0,0.0,5.7
2023-10-17,Seattle,65.2,75.1,1.72,9.3
2023-10-18,Seattle,59.5,79.0,0.0,10.4
2023-10-19,Seattle,61.4,61.2,0.0,6.5
2023-10-20,Seattle,51.9,66.0,0.0,5.1
2023-10-21,Seattle,51.6,60.9,0.0,6.7
2023-10-22,Seattle,59.1,76.4,0.0,7.5
2023-10-23,Seattle,61.6,75.3,0.0,11.4
2023-10-24,Seattle,51.6,83.1,0.0,10.1
2023-10-25,Seattle,55.9,74.8,0.52,8.0
2023-10-26,Seattle,48.9,66.9,0.65,13.7
2023-10-27,Seattle,52.6,73.1,0.16,7.9
2023-10-28,Seattle,54.3,57.0,0.0,12.2
2023-10-29,Seattle,,68.7,0.16,11.7
2023-10-30,Seattle,45.3,53.2,0.0,11.5
2023-10-31,Seattle,60.4,74.6,0.0,9.0
2023-11-01,Seattle,53.4,69.8,0.0,8.4
2023-11-02,Seattle,59.7,70.9,0.0,8.0
2023-11-03,Seattle,56.7,64.5,0.0,10.6
2023-11-04,Seattle,57.1,66.6,0.0,5.6
2023-11-05,Seattle,62.1,77.5,0.0,7.2
2023-11-06,Seattle,49.2,60.5,0.0,13.0
2023-11-07,Seattle,53.0,76.0,0.0,9.9
2023-11-08,Seattle,47.7,65.5,0.81,10.9
2023-11-09,Seattle,51.4,58.6,0.0,4.3
2023-11-10,Seattle,54.8,81.8,0.0,6.7
2023-11-11,Seattle,56.3,82.6,0.0,9.0
2023-11-12,Seattle,49.2,67.7,0.0,7.9
2023-11-13,Seattle,45.3,67.6,0.55,4.3
2023-11-14,Seattle,50.7,70.0,0.0,10.3
2023-11-15,Seattle,46.3,65.5,0.0,11.2
2023-11-16,Seattle,47.2,66.9,0.25,7.1
2023-11-17,Seattle,52.6,75.6,0.0,10.4
2023-11-18,Seattle,,88.6,0.0,14.1
2023-11-19,Seattle,52.8,69.2,0.0,12.6
2023-11-20,Seattle,47.2,80.2,0.0,7.3
2023-11-21,Seattle,53.0,74.8,0.0,4.7
2023-11-22,Seattle,48.3,58.6,1.04,8.7
2023-11-23,Seattle,46.7,71.8,0.0,15.0
2023-11-24,Seattle,42.8,70.8,0.15,12.0
2023-11-25,Seattle,38.1,83.7,0.0,8.0
2023-11-26,Seattle,,84.0,0.0,12.7
2023-11-27,Seattle,47.9,75.0,0.0,11.5
2023-11-28,Seattle,42.6,81.7,0.0,2.3
2023-11-29,Seattle,39.1,70.8,0.0,11.2
2023-11-30,Seattle,44.4,81.0,0.0,8.4
2023-12-01,Seattle,47.3,72.8,0.0,5.4
2023-12-02,Seattle,47.6,80.8,0.0,8.3
2023-12-03,Seattle,45.4,81.6,0.0,9.2
2023-12-04,Seattle,45.1,77.7,0.0,5.6
2023-12-05,Seattle,42.7,66.1,0.0,7.6
2023-12-06,Seattle,47.8,68.6,0.0,7.0
2023-12-07,Seattle,43.9,78.0,0.63,10.4
2023-12-08,Seattle,44.1,79.1,0.78,7.1
2023-12-09,Seattle,49.0,73.3,0.5,2.9
2023-12-10,Seattle,47.6,69.5,0.9,6.7
2023-12-11,Seattle,43.1,73.5,0.0,5.2
2023-12-12,Seattle,42.2,69.8,0.0,4.1
2023-12-13,Seattle,42.0,69.8,0.0,11.5
2023-12-14,Seattle,34.2,87.7,0.36,10.4
2023-12-15,Seattle,48.1,68.2,0.0,5.1
2023-12-16,Seattle,39.9,76.1,0.32,4.2
2023-12-17,Seattle,46.7,73.2,0.0,7.7
2023-12-18,Seattle,42.8,62.2,0.0,4.0
2023-12-19,Seattle,48.8,61.9,0.0,7.3
2023-12-20,Seattle,44.7,71.4,0.56,8.2
2023-12-21,Seattle,46.3,56.4,0.29,8.9
2023-12-22,Seattle,39.4,86.6,0.0,9.0
2023-12-23,Seattle,36.1,69.1,0.0,5.7
2023-12-24,Seattle,42.4,68.5,0.0,8.2
2023-12-25,Seattle,33.0,81.8,0.0,11.8
2023-12-26,Seattle,39.4,70.9,0.0,1.7
2023-12-27,Seattle,36.0,77.2,0.0,9.0
2023-12-28,Seattle,37.5,67.4,0.0,4.5
2023-12-29,Seattle,43.8,72.4,0.0,12.2
2023-12-30,Seattle,43.4,79.7,0.0,10.5
2023-12-31,Seattle,40.2,65.1,1.16,10.4
2024-01-01,Seattle,42.3,76.2,0.48,5.4
2024-01-02,Seattle,38.3,52.7,0.0,8.8
2024-01-03,Seattle,51.6,82.1,0.0,9.1
2024-01-04,Seattle,41.9,67.5,0.02,0.9
2024-01-05,Seattle,37.8,71.3,0.0,8.4
2024-01-06,Seattle,44.4,71.2,0.0,9.8
2024-01-07,Seattle,45.9,64.2,0.0,3.8
2024-01-08,Seattle,36.8,63.6,0.0,9.8
2024-01-09,Seattle,33.9,76.2,0.0,8.3
2024-01-10,Seattle,34.7,76.5,0.0,12.1
2024-01-11,Seattle,37.1,64.9,0.0,6.8
2024-01-12,Seattle,39.9,76.3,0.79,8.5
2024-01-13,Seattle,32.8,76.5,0.0,9.0
2024-01-14,Seattle,38.2,69.0,0.0,0.0
2024-01-15,Seattle,39.1,61.7,0.0,6.9
2024-01-16,Seattle,41.5,71.7,0.0,8.3
2024-01-17,Seattle,42.8,74.9,0.0,0.9
2024-01-18,Seattle,41.8,71.5,0.0,10.0
2024-01-19,Seattle,48.1,67.3,0.0,8.3
2024-01-20,Seattle,44.9,75.7,0.0,8.2
2024-01-21,Seattle,41.0,82.1,0.0,10.2
2024-01-22,Seattle,35.7,65.8,0.0,6.8
2024-01-23,Seattle,37.0,69.6,0.0,8.1
2024-01-24,Seattle,33.6,93.9,0.0,10.6
2024-01-25,Seattle,40.8,74.3,0.0,8.2
2024-01-26,Seattle,41.6,61.9,0.0,2.5
2024-01-27,Seattle,44.2,68.2,0.0,8.2
2024-01-28,Seattle,41.4,65.9,0.0,8.2
2024-01-29,Seattle,45.0,75.0,0.0,10.7
2024-01-30,Seattle,45.2,74.5,0.0,7.0
2024-01-31,Seattle,35.8,66.9,0.0,5.1
2024-02-01,Seattle,38.1,86.9,0.0,5.1
2024-02-02,Seattle,40.5,72.7,0.0,12.3
2024-02-03,Seattle,37.4,68.4,0.0,8.9
2024-02-04,Seattle,39.6,62.2,0.0,12.2
2024-02-05,Seattle,42.1,64.8,0.0,12.6
2024-02-06,Seattle,40.3,62.0,0.0,5.8
2024-02-07,Seattle,41.0,70.5,0.0,5.5
2024-02-08,Seattle,36.8,64.9,0.0,7.6
2024-02-09,Seattle,43.5,78.3,0.0,9.8
2024-02-10,Seattle,43.3,67.3,0.0,3.8
2024-02-11,Seattle,38.0,78.7,0.0,9.4
2024-02-12,Seattle,35.7,75.9,0.0,9.2
2024-02-13,Seattle,47.2,77.2,0.0,4.6
2024-02-14,Seattle,49.7,79.2,0.0,4.7
2024-02-15,Seattle,43.0,87.9,0.0,9.3
2024-02-16,Seattle,40.5,65.2,0.0,14.2
2024-02-17,Seattle,46.9,78.8,0.0,7.1
2024-02-18,Seattle,44.5,75.2,0.95,9.0
2024-02-19,Seattle,41.6,80.5,0.0,6.2
2024-02-20,Seattle,47.1,72.9,0.35,8.7
2024-02-21,Seattle,39.2,81.4,0.48,6.1
2024-02-22,Seattle,39.9,61.7,0.0,7.2
2024-02-23,Seattle,44.9,64.0,0.0,15.3
2024-02-24,Seattle,43.9,67.4,0.0,8.3
2024-02-25,Seattle,46.5,71.4,0.0,3.3
2024-02-26,Seattle,49.1,72.4,0.0,9.9
2024-02-27,Seattle,37.0,66.1,0.0,11.4
2024-02-28,Seattle,44.3,64.1,0.0,10.0
2024-02-29,Seattle,52.9,66.8,0.0,7.5
2024-03-01,Seattle,41.9,58.3,0.0,5.2
2024-03-02,Seattle,41.6,69.7,0.0,5.3
2024-03-03,Seattle,34.9,71.5,0.0,7.4
2024-03-04,Seattle,45.7,75.5,0.0,6.9
2024-03-05,Seattle,48.0,73.3,0.0,6.3
2024-03-06,Seattle,48.2,86.3,0.35,11.6
2024-03-07,Seattle,41.2,78.5,0.0,10.8
2024-03-08,Seattle,46.1,77.9,0.0,11.8
2024-03-09,Seattle,47.3,74.9,0.0,5.6
2024-03-10,Seattle,46.8,76.3,0.0,5.2
2024-03-11,Seattle,41.9,70.2,0.0,8.2
2024-03-12,Seattle,47.4,72.8,0.0,9.2
2024-03-13,Seattle,43.6,87.4,0.0,8.2
2024-03-14,Seattle,39.1,71.4,0.0,9.0
2024-03-15,Seattle,50.9,61.3,0.0,12.8
2024-03-16,Seattle,48.7,77.6,0.0,7.3
2024-03-17,Seattle,51.0,79.0,0.0,10.4
2024-03-18,Seattle,46.2,73.2,0.0,9.6
2024-03-19,Seattle,51.7,57.0,0.0,8.3
2024-03-20,Seattle,53.7,82.3,0.0,10.3
2024-03-21,Seattle,57.3,73.8,0.0,5.7
2024-03-22,Seattle,53.3,69.5,0.0,5.1
2024-03-23,Seattle,51.7,81.5,0.0,9.3
2024-03-24,Seattle,44.0,55.8,0.0,3.1
2024-03-25,Seattle,50.0,72.9,0.0,9.5
2024-03-26,Seattle,44.4,67.7,0.0,4.6
2024-03-27,Seattle,47.4,83.9,0.0,12.6
2024-03-28,Seattle,60.1,73.9,0.56,6.8
2024-03-29,Seattle,47.0,65.1,0.0,12.4
2024-03-30,Seattle,41.4,81.1,0.0,7.4
2024-03-31,Seattle,55.9,52.3,0.0,7.2
2024-04-01,Seattle,49.5,76.1,0.62,10.6
2024-04-02,Seattle,56.3,61.9,0.0,8.9
2024-04-03,Seattle,47.8,68.3,0.0,7.8
2024-04-04,Seattle,51.5,70.1,0.0,6.8
2024-04-05,Seattle,59.1,79.3,0.92,6.8
2024-04-06,Seattle,48.1,89.6,0.0,15.1
2024-04-07,Seattle,53.5,57.8,0.0,3.0
2024-04-08,Seattle,55.9,75.6,0.0,4.4
2024-04-09,Seattle,51.7,89.6,0.0,11.5
2024-04-10,Seattle,56.3,67.4,0.0,11.3
2024-04-11,Seattle,55.6,66.9,0.0,5.2
2024-04-12,Seattle,58.2,73.9,0.0,2.7
2024-04-13,Seattle,64.4,78.6,0.0,11.8
2024-04-14,Seattle,68.5,77.3,0.0,4.9
2024-04-15,Seattle,58.8,69.1,0.0,6.5
2024-04-16,Seattle,56.6,65.6,0.0,8.3
2024-04-17,Seattle,59.4,82.5,0.0,4.8
2024-04-18,Seattle,56.6,65.8,0.0,10.8
2024-04-19,Seattle,50.9,56.7,0.0,8.1
2024-04-20,Seattle,58.1,60.4,0.0,5.4
2024-04-21,Seattle,63.5,67.4,0.0,5.6
2024-04-22,Seattle,52.3,83.9,0.8,11.9
2024-04-23,Seattle,54.8,62.5,0.0,7.2
2024-04-24,Seattle,56.9,84.2,0.0,9.8
2024-04-25,Seattle,61.5,82.5,0.0,8.0
2024-04-26,Seattle,70.9,73.8,0.0,2.7
2024-04-27,Seattle,56.8,51.6,0.0,10.2
2024-04-28,Seattle,61.2,62.5,0.0,11.2
2024-04-29,Seattle,61.1,66.9,0.15,13.5
2024-04-30,Seattle,60.0,85.8,0.0,2.3
2024-05-01,Seattle,61.5,67.4,0.0,0.0
2024-05-02,Seattle,59.9,65.8,0.0,9.9
2024-05-03,Seattle,74.6,73.5,0.0,6.2
2024-05-04,Seattle,66.0,60.7,0.0,3.7
2024-05-05,Seattle,60.8,71.8,0.0,8.3
2024-05-06,Seattle,68.5,65.6,0.0,6.7
2024-05-07,Seattle,64.6,93.5,0.0,4.2
2024-05-08,Seattle,64.0,64.7,0.0,7.8
2024-05-09,Seattle,63.3,87.4,0.0,9.7
2024-05-10,Seattle,63.2,62.9,0.0,8.5
2024-05-11,Seattle,59.2,74.1,0.0,8.5
2024-05-12,Seattle,57.4,76.0,0.0,9.3
2024-05-13,Seattle,66.9,73.1,0.0,2.9
2024-05-14,Seattle,64.6,72.6,0.0,7.8
2024-05-15,Seattle,69.7,78.9,0.0,8.7
2024-05-16,Seattle,62.1,75.3,0.0,6.9
2024-05-17,Seattle,61.4,70.6,0.93,5.5
2024-05-18,Seattle,70.1,66.6,0.89,5.8
2024-05-19,Seattle,65.6,70.7,0.0,7.1
2024-05-20,Seattle,71.0,70.6,0.0,10.7
2024-05-21,Seattle,67.6,70.4,0.0,12.6
2024-05-22,Seattle,76.1,72.6,0.0,12.0
2024-05-23,Seattle,71.3,60.7,0.0,3.3
2024-05-24,Seattle,70.0,63.8,0.0,5.2
2024-05-25,Seattle,72.0,78.7,0.0,10.0
2024-05-26,Seattle,67.5,54.0,0.0,11.9
2024-05-27,Seattle,61.6,81.6,0.0,5.1
2024-05-28,Seattle,70.8,67.5,0.0,8.5
2024-05-29,Seattle,78.2,85.4,0.0,4.6
2024-05-30,Seattle,59.4,81.8,0.0,8.8
2024-05-31,Seattle,72.0,69.4,0.0,6.1
2024-06-01,Seattle,63.2,70.2,0.0,8.5
2024-06-02,Seattle,70.3,84.7,0.0,4.4
2024-06-03,Seattle,70.9,82.2,0.37,3.1
2024-06-04,Seattle,74.2,79.8,0.0,17.3
2024-06-05,Seattle,72.0,81.2,0.0,8.2
2024-06-06,Seattle,77.4,63.3,0.69,14.4
2024-06-07,Seattle,76.7,73.6,0.0,12.5
2024-06-08,Seattle,70.8,65.8,0.0,3.1
2024-06-09,Seattle,76.8,63.1,0.0,9.1
2024-06-10,Seattle,70.6,73.3,0.0,4.1
2024-06-11,Seattle,70.0,68.7,0.0,7.1
2024-06-12,Seattle,67.0,70.7,0.0,2.3
2024-06-13,Seattle,78.5,68.0,0.0,3.3
2024-06-14,Seattle,71.4,62.0,0.83,5.4
2024-06-15,Seattle,62.1,85.6,0.0,6.4
2024-06-16,Seattle,75.6,73.2,0.0,8.1
2024-06-17,Seattle,71.3,60.5,0.0,4.9
2024-06-18,Seattle,72.1,73.5,0.0,8.4
2024-06-19,Seattle,72.6,84.2,0.0,11.4
2024-06-20,Seattle,72.2,79.7,0.0,8.8
2024-06-21,Seattle,86.2,67.9,0.0,7.8
2024-06-22,Seattle,81.5,68.0,0.33,9.0
2024-06-23,Seattle,77.3,64.3,0.41,3.7
2024-06-24,Seattle,75.4,66.1,0.0,10.9
2024-06-25,Seattle,79.5,66.7,0.0,4.4
2024-06-26,Seattle,75.7,60.3,0.0,12.7
2024-06-27,Seattle,78.4,68.4,0.0,10.3
2024-06-28,Seattle,77.3,74.8,0.0,9.7
2024-06-29,Seattle,75.5,68.7,0.28,9.8
2024-06-30,Seattle,79.2,73.7,0.0,8.0
2024-07-01,Seattle,73.2,85.0,0.0,5.6
2024-07-02,Seattle,75.5,86.7,0.0,5.2
2024-07-03,Seattle,70.9,71.5,0.0,13.3
2024-07-04,Seattle,71.5,79.0,0.0,8.3
2024-07-05,Seattle,64.1,70.7,0.0,4.7
2024-07-06,Seattle,77.6,68.1,0.0,9.6
2024-07-07,Seattle,78.9,63.1,0.0,9.0
2024-07-08,Seattle,80.5,72.7,0.0,7.0
2024-07-09,Seattle,70.8,80.7,0.33,5.3
2024-07-10,Seattle,77.7,61.8,0.86,10.2
2024-07-11,Seattle,75.8,69.7,1.0,10.8
2024-07-12,Seattle,79.2,69.3,0.0,9.0
2024-07-13,Seattle,73.0,74.0,0.0,8.2
2024-07-14,Seattle,74.4,74.1,0.0,5.7
2024-07-15,Seattle,69.0,76.3,0.0,9.4
2024-07-16,Seattle,72.7,87.2,0.26,6.1
2024-07-17,Seattle,76.0,65.0,0.0,4.2
2024-07-18,Seattle,76.8,64.6,0.0,11.4
2024-07-19,Seattle,68.4,74.0,0.0,4.9
2024-07-20,Seattle,73.7,83.6,0.27,2.3
2024-07-21,Seattle,76.7,60.3,0.0,11.9
2024-07-22,Seattle,82.3,74.7,0.0,2.8
2024-07-23,Seattle,72.2,70.4,0.0,6.8
2024-07-24,Seattle,78.1,78.8,0.13,4.7
2024-07-25,Seattle,73.4,77.0,0.0,5.8
2024-07-26,Seattle,73.9,72.4,0.0,14.7
2024-07-27,Seattle,71.9,75.9,0.0,7.7
2024-07-28,Seattle,71.1,66.7,0.0,9.1
2024-07-29,Seattle,73.6,78.4,0.08,10.4
2024-07-30,Seattle,80.4,83.1,0.0,6.1
2024-07-31,Seattle,72.2,72.8,0.0,11.2
2024-08-01,Seattle,71.5,68.7,0.0,9.1
2024-08-02,Seattle,76.4,70.8,0.0,10.3
2024-08-03,Seattle,75.5,78.3,0.0,5.8
2024-08-04,Seattle,75.0,71.7,0.0,9.3
2024-08-05,Seattle,76.4,62.4,0.0,8.0
2024-08-06,Seattle,70.6,79.6,0.0,11.4
2024-08-07,Seattle,71.0,64.1,0.0,6.4
2024-08-08,Seattle,79.4,75.4,0.0,14.1
2024-08-09,Seattle,74.2,57.1,0.0,9.0
2024-08-10,Seattle,77.4,72.9,0.0,7.6
2024-08-11,Seattle,80.2,71.5,0.0,7.3
2024-08-12,Seattle,78.3,56.3,0.0,8.0
2024-08-13,Seattle,68.2,74.7,0.25,6.1
2024-08-14,Seattle,73.7,63.2,0.0,10.0
2024-08-15,Seattle,78.8,72.7,2.12,8.0
2024-08-16,Seattle,76.3,68.7,0.0,13.8
2024-08-17,Seattle,74.7,60.2,0.0,6.7
2024-08-18,Seattle,66.3,63.6,0.9,7.6
2024-08-19,Seattle,70.8,64.3,0.0,6.7
2024-08-20,Seattle,73.7,79.9,0.74,13.6
2024-08-21,Seattle,66.8,78.7,0.0,3.7
2024-08-22,Seattle,76.6,89.6,0.0,8.3
2024-08-23,Seattle,72.4,67.9,0.0,8.9
2024-08-24,Seattle,63.8,67.6,0.0,4.6
2024-08-25,Seattle,70.0,73.1,0.0,15.9
2024-08-26,Seattle,71.1,69.2,0.0,5.2
2024-08-27,Seattle,71.6,67.3,0.0,8.1
2024-08-28,Seattle,78.4,72.4,0.0,13.1
2024-08-29,Seattle,74.4,77.6,0.07,6.9
2024-08-30,Seattle,65.4,55.1,0.0,8.4
2024-08-31,Seattle,64.7,67.4,0.0,7.0
2024-09-01,Seattle,70.0,60.8,0.0,7.8
2024-09-02,Seattle,71.5,70.8,0.0,11.2
2024-09-03,Seattle,75.2,75.5,0.0,6.7
2024-09-04,Seattle,78.3,80.9,0.0,0.0
2024-09-05,Seattle,78.3,68.5,0.0,7.9
2024-09-06,Seattle,68.1,72.9,0.0,8.2
2024-09-07,Seattle,74.0,58.5,0.0,8.6
2024-09-08,Seattle,71.5,65.1,0.0,7.5
2024-09-09,Seattle,64.4,73.7,0.0,5.4
2024-09-10,Seattle,60.6,61.1,0.0,7.3
2024-09-11,Seattle,69.5,81.9,0.51,13.3
2024-09-12,Seattle,61.9,76.2,0.0,7.9
2024-09-13,Seattle,64.5,64.8,0.0,10.0
2024-09-14,Seattle,65.0,60.1,0.0,4.9
2024-09-15,Seattle,68.8,66.2,0.0,7.1
2024-09-16,Seattle,73.3,64.8,0.0,5.0
2024-09-17,Seattle,67.4,62.3,0.0,11.9
2024-09-18,Seattle,64.6,60.7,0.0,3.3
2024-09-19,Seattle,57.5,70.2,0.0,9.1
2024-09-20,Seattle,68.6,77.9,0.0,9.0
2024-09-21,Seattle,66.4,66.3,0.59,8.8
2024-09-22,Seattle,63.5,75.6,0.0,1.0
2024-09-23,Seattle,70.9,69.4,0.0,1.9
2024-09-24,Seattle,60.0,76.9,0.0,8.4
2024-09-25,Seattle,62.0,65.7,0.0,5.2
2024-09-26,Seattle,63.7,74.2,0.0,6.1
2024-09-27,Seattle,62.0,73.0,1.04,6.7
2024-09-28,Seattle,66.7,82.9,0.41,4.8
2024-09-29,Seattle,66.0,76.5,0.0,4.3
2024-09-30,Seattle,68.4,74.0,0.0,8.0
2024-10-01,Seattle,65.6,60.2,0.0,2.3
2024-10-02,Seattle,62.6,67.8,0.0,6.5
2024-10-03,Seattle,61.3,65.6,0.0,6.0
2024-10-04,Seattle,64.5,65.4,0.0,7.9
2024-10-05,Seattle,61.3,72.1,0.0,15.2
2024-10-06,Seattle,62.1,73.9,0.0,5.1
2024-10-07,Seattle,63.9,74.2,0.0,9.2
2024-10-08,Seattle,61.9,82.1,0.0,8.7
2024-10-09,Seattle,62.4,75.9,0.0,9.7
2024-10-10,Seattle,57.1,62.2,0.0,7.4
2024-10-11,Seattle,66.4,73.6,0.0,12.3
2024-10-12,Seattle,55.1,76.7,0.0,10.1
2024-10-13,Seattle,61.7,82.1,0.58,10.1
2024-10-14,Seattle,57.2,70.8,0.0,3.8
2024-10-15,Seattle,64.0,70.8,0.0,8.3
2024-10-16,Seattle,62.8,80.6,0.0,6.5
2024-10-17,Seattle,58.5,73.4,0.0,5.4
2024-10-18,Seattle,65.2,59.2,0.0,6.1
2024-10-19,Seattle,57.0,57.5,0.0,7.8
2024-10-20,Seattle,61.5,86.7,0.39,9.4
2024-10-21,Seattle,54.0,58.3,0.0,10.9
2024-10-22,Seattle,58.8,70.7,0.59,10.8
2024-10-23,Seattle,52.5,79.1,0.0,8.9
2024-10-24,Seattle,56.4,57.9,0.0,8.2
2024-10-25,Seattle,55.8,63.3,0.0,7.0
2024-10-26,Seattle,59.7,62.0,0.0,7.3
2024-10-27,Seattle,52.4,86.4,0.0,5.7
2024-10-28,Seattle,68.9,88.1,0.0,6.7
2024-10-29,Seattle,48.6,66.1,0.0,9.1
2024-10-30,Seattle,55.5,76.6,0.0,12.6
2024-10-31,Seattle,55.5,74.5,0.0,7.6
2024-11-01,Seattle,56.3,69.8,0.0,5.6
2024-11-02,Seattle,51.3,59.0,0.0,10.9
2024-11-03,Seattle,54.4,90.5,0.0,2.0
2024-11-04,Seattle,50.5,57.5,0.0,11.1
2024-11-05,Seattle,61.1,73.7,0.0,3.7
2024-11-06,Seattle,49.5,66.8,0.49,10.0
2024-11-07,Seattle,51.4,80.1,0.21,6.6
2024-11-08,Seattle,48.8,78.8,0.0,9.0
2024-11-09,Seattle,47.9,64.2,0.0,14.2
2024-11-10,Seattle,44.9,65.7,0.0,5.5
2024-11-11,Seattle,54.0,59.6,0.0,5.0
2024-11-12,Seattle,47.6,73.6,0.0,8.2
2024-11-13,Seattle,46.8,77.7,0.0,12.6
2024-11-14,Seattle,45.8,68.5,0.43,8.5
2024-11-15,Seattle,51.2,70.0,0.0,8.1
2024-11-16,Seattle,49.7,87.3,0.0,8.5
2024-11-17,Seattle,49.4,79.5,0.0,5.0
2024-11-18,Seattle,45.6,82.8,0.0,8.5
2024-11-19,Seattle,50.7,54.1,0.0,6.8
2024-11-20,Seattle,45.5,76.4,0.7,12.0
2024-11-21,Seattle,48.5,74.0,0.0,10.4
2024-11-22,Seattle,47.3,62.0,1.07,4.0
2024-11-23,Seattle,40.1,63.6,0.0,7.2
2024-11-24,Seattle,,70.3,0.0,9.6
2024-11-25,Seattle,49.8,61.3,0.54,5.1
2024-11-26,Seattle,47.8,65.6,0.0,4.8
2024-11-27,Seattle,48.2,68.3,0.97,6.6
2024-11-28,Seattle,55.7,76.6,0.0,9.0
2024-11-29,Seattle,51.4,66.3,0.0,11.1
2024-11-30,Seattle,47.6,68.4,1.07,8.7
2024-12-01,Seattle,42.6,80.2,0.0,15.4
2024-12-02,Seattle,43.1,57.9,0.0,6.0
2024-12-03,Seattle,37.2,73.8,0.0,10.2
2024-12-04,Seattle,43.5,75.1,0.0,4.7
2024-12-05,Seattle,47.9,75.3,0.0,12.8
2024-12-06,Seattle,47.5,68.0,0.0,12.1
2024-12-07,Seattle,47.3,63.5,0.0,10.1
2024-12-08,Seattle,42.0,84.2,0.0,2.8
2024-12-09,Seattle,46.6,65.1,0.0,10.1
2024-12-10,Seattle,47.6,63.1,0.0,5.5
2024-12-11,Seattle,33.7,72.2,0.0,9.4
2024-12-12,Seattle,44.9,66.1,0.0,3.6
2024-12-13,Seattle,52.7,80.4,0.0,8.8
2024-12-14,Seattle,41.8,69.9,0.19,6.9
2024-12-15,Seattle,31.6,81.4,0.0,5.7
2024-12-16,Seattle,39.2,75.6,0.0,9.8
2024-12-17,Seattle,34.5,68.9,0.08,7.8
2024-12-18,Seattle,39.6,80.9,0.0,7.4
2024-12-19,Seattle,36.8,66.8,0.0,10.2
2024-12-20,Seattle,46.4,69.4,0.0,13.7
2024-12-21,Seattle,45.5,76.2,0.32,8.8
2024-12-22,Seattle,43.4,73.8,0.0,2.6
2024-12-23,Seattle,47.3,66.6,0.0,3.3
2024-12-24,Seattle,39.1,59.7,1.09,8.2
2024-12-25,Seattle,41.8,71.9,0.0,11.1
2024-12-26,Seattle,51.3,66.2,0.0,8.4
2024-12-27,Seattle,43.9,72.2,0.0,9.5
2024-12-28,Seattle,43.8,68.6,0.0,7.8
2024-12-29,Seattle,37.6,66.3,0.0,10.9
2024-12-30,Seattle,39.1,69.9,0.54,9.8
2024-12-31,Seattle,36.3,71.4,0.0,4.9
2020-01-01,Atlanta,43.2,59.2,1.03,4.8
2020-01-02,Atlanta,34.1,63.4,0.0,14.1
2020-01-03,Atlanta,42.9,73.3,0.0,17.1
2020-01-04,Atlanta,39.5,58.5,0.0,14.0
2020-01-05,Atlanta,41.4,71.1,0.0,3.4
2020-01-06,Atlanta,42.1,67.0,0.0,3.9
2020-01-07,Atlanta,41.8,68.8,0.0,4.8
2020-01-08,Atlanta,46.8,64.3,0.81,10.3
2020-01-09,Atlanta,40.5,61.2,0.0,14.3
2020-01-10,Atlanta,41.1,58.2,0.0,10.7
2020-01-11,Atlanta,46.2,70.9,0.0,8.6
2020-01-12,Atlanta,48.7,65.4,0.0,5.2
2020-01-13,Atlanta,40.0,57.4,0.0,7.1
2020-01-14,Atlanta,37.8,67.8,0.0,8.3
2020-01-15,Atlanta,38.0,93.4,0.0,10.6
2020-01-16,Atlanta,42.1,64.4,0.0,6.5
2020-01-17,Atlanta,,79.2,0.0,9.2
2020-01-18,Atlanta,32.1,45.3,0.0,8.8
2020-01-19,Atlanta,45.1,63.8,0.0,8.3
2020-01-20,Atlanta,43.7,73.6,0.4,6.8
2020-01-21,Atlanta,45.2,66.1,0.0,8.4
2020-01-22,Atlanta,46.1,60.9,0.0,7.7
2020-01-23,Atlanta,40.9,65.8,0.0,5.7
2020-01-24,Atlanta,41.3,73.9,0.0,10.7
2020-01-25,Atlanta,44.7,83.1,0.0,12.7
2020-01-26,Atlanta,34.7,74.5,0.0,8.5
2020-01-27,Atlanta,38.7,62.0,0.0,7.9
2020-01-28,Atlanta,40.1,64.1,0.0,10.3
2020-01-29,Atlanta,44.5,64.2,0.0,8.6
2020-01-30,Atlanta,38.0,59.1,0.0,11.4
2020-01-31,Atlanta,37.4,64.8,0.0,8.3
2020-02-01,Atlanta,38.7,63.8,0.0,9.8
2020-02-02,Atlanta,42.9,56.4,0.0,13.2
2020-02-03,Atlanta,40.6,72.7,0.0,11.8
2020-02-04,Atlanta,34.4,69.4,0.0,7.5
2020-02-05,Atlanta,35.5,60.9,0.0,11.2
2020-02-06,Atlanta,41.8,67.2,0.0,4.8
2020-02-07,Atlanta,42.1,58.3,0.0,7.4
2020-02-08,Atlanta,41.6,61.6,0.0,10.5
2020-02-09,Atlanta,39.5,71.5,0.0,12.6
2020-02-10,Atlanta,45.4,69.8,0.0,5.7
2020-02-11,Atlanta,43.6,61.9,0.0,7.9
2020-02-12,Atlanta,43.7,68.5,0.83,8.0
2020-02-13,Atlanta,44.0,65.4,0.0,7.7
2020-02-14,Atlanta,49.7,58.0,0.21,4.4
2020-02-15,Atlanta,38.1,64.7,0.0,9.5
2020-02-16,Atlanta,41.0,69.5,0.0,4.2
2020-02-17,Atlanta,41.6,68.4,0.0,11.4
2020-02-18,Atlanta,49.0,52.5,0.0,12.0
2020-02-19,Atlanta,41.9,67.3,0.0,6.1
2020-02-20,Atlanta,40.2,66.2,0.58,4.2
2020-02-21,Atlanta,43.5,50.8,0.0,7.9
2020-02-22,Atlanta,44.7,59.5,0.0,6.4
2020-02-23,Atlanta,49.9,69.9,0.0,7.4
2020-02-24,Atlanta,43.0,77.1,0.0,8.3
2020-02-25,Atlanta,41.9,52.9,0.0,5.2
2020-02-26,Atlanta,41.1,73.8,0.0,13.0
2020-02-27,Atlanta,44.0,51.0,0.0,6.1
2020-02-28,Atlanta,57.3,77.2,0.0,10.8
2020-02-29,Atlanta,47.8,64.1,0.0,5.3
2020-03-01,Atlanta,49.0,60.3,0.0,8.2
2020-03-02,Atlanta,46.6,68.8,0.0,9.4
2020-03-03,Atlanta,47.5,58.3,0.0,8.4
2020-03-04,Atlanta,50.8,70.1,0.0,7.2
2020-03-05,Atlanta,50.1,65.0,0.0,6.5
2020-03-06,Atlanta,49.4,35.5,0.0,6.8
2020-03-07,Atlanta,48.2,59.5,0.0,6.0
2020-03-08,Atlanta,46.9,67.5,0.5,9.0
2020-03-09,Atlanta,50.7,74.5,0.0,13.5
2020-03-10,Atlanta,49.5,68.7,0.0,9.1
2020-03-11,Atlanta,59.1,74.4,0.0,9.8
2020-03-12,Atlanta,54.5,58.8,0.0,11.2
2020-03-13,Atlanta,47.1,71.8,0.0,6.6
2020-03-14,Atlanta,45.2,72.0,0.0,2.6
2020-03-15,Atlanta,49.0,53.0,1.41,8.0
2020-03-16,Atlanta,46.3,74.8,0.0,10.6
2020-03-17,Atlanta,49.5,68.6,0.39,14.0
2020-03-18,Atlanta,47.6,63.7,0.0,5.1
2020-03-19,Atlanta,50.8,63.6,0.0,11.3
2020-03-20,Atlanta,51.2,57.7,0.0,8.8
2020-03-21,Atlanta,53.7,71.0,0.0,6.8
2020-03-22,Atlanta,52.5,68.4,0.0,4.9
2020-03-23,Atlanta,49.7,70.7,0.06,6.2
2020-03-24,Atlanta,59.7,66.6,0.0,9.7
2020-03-25,Atlanta,56.4,67.6,0.0,11.7
2020-03-26,Atlanta,52.5,63.6,0.0,0.0
2020-03-27,Atlanta,51.4,74.6,0.0,9.5
2020-03-28,Atlanta,49.2,70.9,0.0,6.3
2020-03-29,Atlanta,49.2,67.4,0.0,6.6
2020-03-30,Atlanta,61.3,64.9,0.0,9.2
2020-03-31,Atlanta,61.2,51.9,0.0,13.8
2020-04-01,Atlanta,54.8,50.1,0.0,5.8
2020-04-02,Atlanta,63.9,63.1,0.0,7.7
2020-04-03,Atlanta,61.0,76.1,0.0,3.3
2020-04-04,Atlanta,59.5,60.4,0.0,9.3
2020-04-05,Atlanta,62.9,60.7,0.85,5.9
2020-04-06,Atlanta,62.2,58.2,0.0,12.7
2020-04-07,Atlanta,60.6,55.7,0.0,9.1
2020-04-08,Atlanta,59.2,58.7,0.0,7.2
2020-04-09,Atlanta,60.2,68.2,0.0,7.2
2020-04-10,Atlanta,53.9,62.1,0.0,9.1
2020-04-11,Atlanta,58.0,61.7,0.0,10.1
2020-04-12,Atlanta,70.1,61.0,0.0,4.5
2020-04-13,Atlanta,58.7,67.9,0.0,7.6
2020-04-14,Atlanta,54.5,69.1,0.0,8.0
2020-04-15,Atlanta,67.3,51.0,0.0,8.6
2020-04-16,Atlanta,64.8,59.9,0.0,11.9
2020-04-17,Atlanta,65.5,65.3,0.21,3.7
2020-04-18,Atlanta,63.9,69.5,0.0,10.9
2020-04-19,Atlanta,69.1,67.0,0.0,9.1
2020-04-20,Atlanta,72.3,72.6,0.0,6.5
2020-04-21,Atlanta,63.5,54.7,0.0,10.4
2020-04-22,Atlanta,69.1,69.3,0.3,6.9
2020-04-23,Atlanta,71.8,82.4,0.0,2.6
2020-04-24,Atlanta,64.5,66.4,2.37,0.0
2020-04-25,Atlanta,74.4,66.7,0.22,4.4
2020-04-26,Atlanta,73.0,70.2,0.0,6.4
2020-04-27,Atlanta,62.8,61.6,0.0,8.5
2020-04-28,Atlanta,76.0,58.4,0.0,9.8
2020-04-29,Atlanta,63.9,66.5,0.0,7.2
2020-04-30,Atlanta,66.6,52.8,0.0,3.8
2020-05-01,Atlanta,73.2,69.2,0.0,6.9
2020-05-02,Atlanta,75.2,70.5,0.0,7.3
2020-05-03,Atlanta,71.4,53.2,0.0,13.2
2020-05-04,Atlanta,68.5,67.3,0.0,9.7
2020-05-05,Atlanta,70.6,64.3,0.0,3.0
2020-05-06,Atlanta,70.5,77.8,0.0,7.1
2020-05-07,Atlanta,76.4,76.5,0.0,10.1
2020-05-08,Atlanta,71.2,72.7,0.67,8.1
2020-05-09,Atlanta,70.5,75.7,0.0,3.1
2020-05-10,Atlanta,67.2,63.1,0.0,10.5
2020-05-11,Atlanta,71.6,68.1,0.0,9.1
2020-05-12,Atlanta,74.1,64.0,0.26,7.5
2020-05-13,Atlanta,69.9,58.0,0.0,5.6
2020-05-14,Atlanta,67.6,66.7,0.0,11.0
2020-05-15,Atlanta,80.2,65.3,0.0,2.6
2020-05-16,Atlanta,71.7,64.4,0.0,3.3
2020-05-17,Atlanta,70.7,65.5,0.0,5.8
2020-05-18,Atlanta,84.0,66.5,0.0,8.9
2020-05-19,Atlanta,81.2,73.1,0.0,3.9
2020-05-20,Atlanta,82.3,61.3,0.0,6.4
2020-05-21,Atlanta,80.4,55.8,0.0,7.0
2020-05-22,Atlanta,84.3,71.4,0.0,9.0
2020-05-23,Atlanta,82.8,72.9,0.0,7.2
2020-05-24,Atlanta,77.6,68.9,0.0,7.2
2020-05-25,Atlanta,74.7,56.9,0.0,5.9
2020-05-26,Atlanta,74.1,64.9,0.0,11.3
2020-05-27,Atlanta,79.6,68.3,0.0,10.0
2020-05-28,Atlanta,75.6,57.5,0.18,9.9
2020-05-29,Atlanta,77.3,59.9,0.62,5.7
2020-05-30,Atlanta,80.5,64.8,0.0,6.5
2020-05-31,Atlanta,87.8,75.5,0.0,9.4
2020-06-01,Atlanta,75.1,67.8,0.0,6.2
2020-06-02,Atlanta,82.3,61.4,0.51,5.2
2020-06-03,Atlanta,76.8,64.4,0.0,8.9
2020-06-04,Atlanta,80.3,60.7,0.0,4.1
2020-06-05,Atlanta,87.3,62.7,0.0,7.4
2020-06-06,Atlanta,79.6,71.8,0.0,10.7
2020-06-07,Atlanta,82.5,50.6,0.0,8.4
2020-06-08,Atlanta,84.6,76.5,0.0,4.9
2020-06-09,Atlanta,87.4,83.5,0.0,9.4
2020-06-10,Atlanta,82.0,67.3,1.37,6.2
2020-06-11,Atlanta,90.4,59.4,0.0,10.5
2020-06-12,Atlanta,83.0,75.3,0.62,9.5
2020-06-13,Atlanta,87.5,68.2,0.0,7.0
2020-06-14,Atlanta,84.7,61.8,1.07,5.8
2020-06-15,Atlanta,89.1,58.2,0.0,5.5
2020-06-16,Atlanta,95.1,62.8,0.0,15.8
2020-06-17,Atlanta,85.0,67.5,0.0,1.1
2020-06-18,Atlanta,86.4,73.2,0.0,2.7
2020-06-19,Atlanta,84.7,68.3,1.0,11.3
2020-06-20,Atlanta,84.3,69.6,0.0,10.7
2020-06-21,Atlanta,83.9,63.3,0.44,9.1
2020-06-22,Atlanta,87.2,72.8,0.32,2.0
2020-06-23,Atlanta,84.0,64.3,0.0,9.6
2020-06-24,Atlanta,84.3,80.7,0.0,5.1
2020-06-25,Atlanta,73.6,60.8,0.0,7.7
2020-06-26,Atlanta,94.2,69.2,0.0,9.2
2020-06-27,Atlanta,95.6,83.5,0.0,9.5
2020-06-28,Atlanta,91.3,74.3,0.0,6.0
2020-06-29,Atlanta,84.6,72.0,0.0,11.9
2020-06-30,Atlanta,82.9,68.4,0.0,10.4
2020-07-01,Atlanta,81.7,66.4,0.0,5.1
2020-07-02,Atlanta,91.8,64.6,0.0,6.6
2020-07-03,Atlanta,94.7,61.5,0.27,5.7
2020-07-04,Atlanta,89.9,53.7,0.0,7.8
2020-07-05,Atlanta,93.1,71.1,0.0,9.9
2020-07-06,Atlanta,91.3,53.7,0.0,2.4
2020-07-07,Atlanta,86.0,71.2,0.0,2.0
2020-07-08,Atlanta,94.1,63.5,0.0,5.5
2020-07-09,Atlanta,93.9,58.4,0.0,12.1
2020-07-10,Atlanta,85.2,77.2,0.0,8.7
2020-07-11,Atlanta,93.4,54.4,0.0,12.7
2020-07-12,Atlanta,89.1,60.7,0.0,7.5
2020-07-13,Atlanta,88.7,61.4,0.0,5.5
2020-07-14,Atlanta,91.7,67.2,0.0,3.0
2020-07-15,Atlanta,91.5,61.1,0.0,5.5
2020-07-16,Atlanta,94.0,77.7,1.17,6.1
2020-07-17,Atlanta,86.2,55.0,0.0,0.7
2020-07-18,Atlanta,92.5,98.7,0.0,5.5
2020-07-19,Atlanta,84.8,57.5,0.0,5.5
2020-07-20,Atlanta,89.2,89.6,0.34,8.1
2020-07-21,Atlanta,89.5,74.7,0.7,7.9
2020-07-22,Atlanta,94.3,65.1,0.0,9.0
2020-07-23,Atlanta,90.0,67.8,0.0,3.1
2020-07-24,Atlanta,88.7,63.0,0.0,4.6
2020-07-25,Atlanta,96.3,68.8,0.0,10.8
2020-07-26,Atlanta,87.9,60.1,0.0,7.2
2020-07-27,Atlanta,87.7,71.7,0.0,10.5
2020-07-28,Atlanta,81.3,67.5,0.0,7.6
2020-07-29,Atlanta,88.7,58.1,0.0,8.6
2020-07-30,Atlanta,85.4,69.4,0.0,9.6
2020-07-31,Atlanta,88.4,68.9,0.37,6.3
2020-08-01,Atlanta,90.5,60.3,0.02,6.0
2020-08-02,Atlanta,84.4,62.6,0.0,6.0
2020-08-03,Atlanta,85.5,70.1,0.62,7.8
2020-08-04,Atlanta,81.9,74.7,0.0,9.7
2020-08-05,Atlanta,86.7,64.9,0.0,6.8
2020-08-06,Atlanta,84.6,73.4,0.0,11.5
2020-08-07,Atlanta,98.4,75.3,0.0,13.2
2020-08-08,Atlanta,95.3,76.4,0.0,5.4
2020-08-09,Atlanta,94.5,69.3,0.0,11.6
2020-08-10,Atlanta,82.5,58.8,0.0,7.9
2020-08-11,Atlanta,87.3,73.1,0.0,9.1
2020-08-12,Atlanta,82.5,64.5,1.59,7.6
2020-08-13,Atlanta,96.1,70.1,0.0,11.7
2020-08-14,Atlanta,91.3,61.0,0.86,9.0
2020-08-15,Atlanta,82.7,61.2,0.0,7.0
2020-08-16,Atlanta,88.9,60.4,0.0,6.7
2020-08-17,Atlanta,80.3,55.4,0.0,4.4
2020-08-18,Atlanta,86.2,61.3,0.0,6.3
2020-08-19,Atlanta,85.8,57.7,1.1,11.7
2020-08-20,Atlanta,89.7,70.5,0.0,11.2
2020-08-21,Atlanta,90.6,57.5,0.0,6.1
2020-08-22,Atlanta,86.0,60.6,0.0,4.7
2020-08-23,Atlanta,84.7,66.0,0.0,10.9
2020-08-24,Atlanta,70.9,80.5,0.0,9.3
2020-08-25,Atlanta,92.2,60.5,0.0,2.1
2020-08-26,Atlanta,82.0,54.9,0.0,16.6
2020-08-27,Atlanta,85.1,55.5,0.0,8.0
2020-08-28,Atlanta,94.6,59.1,1.23,13.1
2020-08-29,Atlanta,78.7,60.7,0.0,8.5
2020-08-30,Atlanta,83.9,84.4,0.09,4.9
2020-08-31,Atlanta,85.8,73.7,0.0,8.6
2020-09-01,Atlanta,88.2,63.5,0.31,3.6
2020-09-02,Atlanta,83.0,80.8,0.0,7.6
2020-09-03,Atlanta,88.0,61.1,0.0,4.7
2020-09-04,Atlanta,80.5,62.7,0.17,7.4
2020-09-05,Atlanta,84.5,62.2,0.0,8.7
2020-09-06,Atlanta,83.6,74.2,0.0,8.9
2020-09-07,Atlanta,81.0,65.4,0.59,3.6
2020-09-08,Atlanta,82.5,78.1,0.34,6.1
2020-09-09,Atlanta,76.8,69.5,0.0,2.1
2020-09-10,Atlanta,79.1,73.3,0.0,9.9
2020-09-11,Atlanta,74.3,51.5,0.0,8.6
2020-09-12,Atlanta,77.7,52.4,0.0,4.5
2020-09-13,Atlanta,84.5,52.7,0.29,12.2
2020-09-14,Atlanta,80.9,62.6,0.0,9.4
2020-09-15,Atlanta,80.1,53.7,0.0,7.7
2020-09-16,Atlanta,71.1,75.9,0.0,6.6
2020-09-17,Atlanta,79.4,64.4,0.0,6.1
2020-09-18,Atlanta,77.3,70.9,0.0,5.6
2020-09-19,Atlanta,79.6,62.1,0.0,11.5
2020-09-20,Atlanta,83.0,72.6,0.0,8.8
2020-09-21,Atlanta,74.6,50.3,0.0,4.9
2020-09-22,Atlanta,74.6,65.6,0.0,11.9
2020-09-23,Atlanta,79.8,70.0,0.0,7.7
2020-09-24,Atlanta,72.6,70.7,0.0,5.2
2020-09-25,Atlanta,75.3,63.5,0.0,13.9
2020-09-26,Atlanta,65.5,52.3,0.0,4.7
2020-09-27,Atlanta,72.7,74.1,0.37,5.5
2020-09-28,Atlanta,79.6,62.9,0.0,8.0
2020-09-29,Atlanta,74.8,63.6,0.0,9.0
2020-09-30,Atlanta,76.9,83.8,0.0,5.7
2020-10-01,Atlanta,76.8,66.8,0.22,1.4
2020-10-02,Atlanta,78.1,61.8,0.0,8.1
2020-10-03,Atlanta,70.1,61.4,0.0,4.9
2020-10-04,Atlanta,75.5,71.2,0.0,6.9
2020-10-05,Atlanta,80.9,59.4,0.0,5.6
2020-10-06,Atlanta,70.3,70.1,0.76,4.7
2020-10-07,Atlanta,64.0,74.8,0.0,7.2
2020-10-08,Atlanta,66.9,65.3,0.0,6.1
2020-10-09,Atlanta,71.2,73.9,0.0,5.5
2020-10-10,Atlanta,61.2,65.4,0.0,10.9
2020-10-11,Atlanta,64.8,60.5,0.0,5.0
2020-10-12,Atlanta,66.4,52.7,0.0,7.2
2020-10-13,Atlanta,67.9,68.2,0.0,7.9
2020-10-14,Atlanta,75.1,68.4,0.0,2.9
2020-10-15,Atlanta,69.7,73.9,0.0,4.6
2020-10-16,Atlanta,61.1,73.1,0.0,7.9
2020-10-17,Atlanta,83.1,82.5,0.24,7.8
2020-10-18,Atlanta,65.2,61.4,0.0,5.6
2020-10-19,Atlanta,57.3,68.8,0.0,7.9
2020-10-20,Atlanta,59.7,60.5,0.0,8.8
2020-10-21,Atlanta,59.3,73.4,0.0,9.8
2020-10-22,Atlanta,57.5,58.6,0.0,10.0
2020-10-23,Atlanta,65.4,73.3,0.0,11.6
2020-10-24,Atlanta,50.7,60.1,0.0,8.3
2020-10-25,Atlanta,66.7,72.1,0.66,3.8
2020-10-26,Atlanta,65.5,75.7,0.0,7.1
2020-10-27,Atlanta,59.4,53.6,0.32,4.2
2020-10-28,Atlanta,65.1,55.2,0.0,10.5
2020-10-29,Atlanta,55.6,67.9,0.0,12.1
2020-10-30,Atlanta,56.3,67.0,0.0,8.0
2020-10-31,Atlanta,62.2,63.7,0.0,11.5
2020-11-01,Atlanta,58.4,62.2,0.0,11.3
2020-11-02,Atlanta,56.1,59.2,0.0,8.9
2020-11-03,Atlanta,58.0,68.6,0.0,9.6
2020-11-04,Atlanta,64.0,58.3,0.0,10.8
2020-11-05,Atlanta,63.4,68.9,0.0,3.8
2020-11-06,Atlanta,59.1,61.4,0.0,8.7
2020-11-07,Atlanta,55.2,62.6,0.0,9.7
2020-11-08,Atlanta,58.8,75.7,0.0,3.7
2020-11-09,Atlanta,52.1,73.6,0.0,13.7
2020-11-10,Atlanta,60.9,58.0,0.0,11.3
2020-11-11,Atlanta,59.5,59.0,0.0,11.3
2020-11-12,Atlanta,63.5,72.2,0.0,9.2
2020-11-13,Atlanta,50.8,54.5,0.0,5.2
2020-11-14,Atlanta,49.9,77.6,0.0,4.2
2020-11-15,Atlanta,56.1,67.1,0.0,7.7
2020-11-16,Atlanta,52.0,61.4,0.0,10.1
2020-11-17,Atlanta,57.4,66.1,0.0,9.6
2020-11-18,Atlanta,58.5,76.9,0.0,13.1
2020-11-19,Atlanta,59.8,49.0,0.0,7.1
2020-11-20,Atlanta,52.0,74.2,0.0,6.9
2020-11-21,Atlanta,55.4,75.6,0.0,8.0
2020-11-22,Atlanta,48.7,63.4,0.0,4.5
2020-11-23,Atlanta,51.7,65.4,0.0,12.5
2020-11-24,Atlanta,50.1,67.1,0.0,7.2
2020-11-25,Atlanta,49.5,71.9,0.0,8.8
2020-11-26,Atlanta,57.9,60.2,0.0,10.4
2020-11-27,Atlanta,43.3,65.9,0.21,5.7
2020-11-28,Atlanta,49.0,65.2,0.0,8.8
2020-11-29,Atlanta,48.9,71.4,0.0,8.0
2020-11-30,Atlanta,51.2,87.4,0.0,10.9
2020-12-01,Atlanta,43.1,60.1,0.0,8.0
2020-12-02,Atlanta,46.4,66.6,0.0,0.0
2020-12-03,Atlanta,44.7,59.9,0.0,5.2
2020-12-04,Atlanta,37.0,62.1,0.0,3.5
2020-12-05,Atlanta,52.0,57.4,0.0,13.8
2020-12-06,Atlanta,39.9,53.8,0.0,12.2
2020-12-07,Atlanta,39.0,75.5,0.38,1.5
2020-12-08,Atlanta,50.2,68.8,0.53,5.0
2020-12-09,Atlanta,44.2,66.7,0.0,3.8
2020-12-10,Atlanta,44.1,59.0,0.0,8.6
2020-12-11,Atlanta,43.9,65.4,0.0,5.1
2020-12-12,Atlanta,49.7,56.7,0.0,7.2
2020-12-13,Atlanta,42.1,65.8,0.0,3.9
2020-12-14,Atlanta,47.1,68.7,0.0,9.3
2020-12-15,Atlanta,39.0,61.7,0.0,3.0
2020-12-16,Atlanta,45.4,59.9,0.0,15.5
2020-12-17,Atlanta,47.7,62.1,0.0,12.5
2020-12-18,Atlanta,49.8,72.5,0.0,15.4
2020-12-19,Atlanta,36.3,67.6,0.0,9.8
2020-12-20,Atlanta,41.7,53.1,0.0,12.7
2020-12-21,Atlanta,50.0,71.8,0.0,10.7
2020-12-22,Atlanta,46.8,70.3,0.0,5.0
2020-12-23,Atlanta,41.6,67.5,1.46,6.9
2020-12-24,Atlanta,42.3,79.2,0.0,9.3
2020-12-25,Atlanta,43.4,66.2,0.0,11.5
2020-12-26,Atlanta,40.2,69.4,0.0,8.0
2020-12-27,Atlanta,44.2,69.8,0.0,9.7
2020-12-28,Atlanta,43.8,73.0,0.76,7.0
2020-12-29,Atlanta,36.4,64.2,0.0,6.8
2020-12-30,Atlanta,39.1,60.8,0.0,3.6
2020-12-31,Atlanta,39.1,73.8,0.0,9.3
2021-01-01,Atlanta,40.0,73.4,0.0,6.5
2021-01-02,Atlanta,42.2,76.2,0.0,4.1
2021-01-03,Atlanta,41.7,69.3,0.0,6.2
2021-01-04,Atlanta,37.6,52.8,0.0,8.9
2021-01-05,Atlanta,46.7,67.3,0.0,10.0
2021-01-06,Atlanta,40.6,66.3,0.0,7.4
2021-01-07,Atlanta,47.1,75.8,0.0,11.2
2021-01-08,Atlanta,46.9,74.5,0.0,12.5
2021-01-09,Atlanta,35.6,70.9,0.0,7.1
2021-01-10,Atlanta,38.1,49.4,0.0,10.9
2021-01-11,Atlanta,38.3,59.4,0.0,6.0
2021-01-12,Atlanta,41.6,63.1,0.0,4.1
2021-01-13,Atlanta,43.4,63.3,0.0,5.2
2021-01-14,Atlanta,40.7,67.3,0.0,5.4
2021-01-15,Atlanta,37.6,77.8,0.0,6.7
2021-01-16,Atlanta,47.5,72.2,0.0,13.9
2021-01-17,Atlanta,38.0,58.6,0.0,6.4
2021-01-18,Atlanta,43.3,59.4,0.0,6.9
2021-01-19,Atlanta,39.8,58.6,0.23,8.5
2021-01-20,Atlanta,39.7,65.1,0.0,4.0
2021-01-21,Atlanta,43.1,72.4,0.89,8.4
2021-01-22,Atlanta,47.0,73.7,0.0,10.0
2021-01-23,Atlanta,41.4,63.0,0.0,12.4
2021-01-24,Atlanta,37.9,65.8,0.0,11.9
2021-01-25,Atlanta,46.8,79.4,0.0,9.1
2021-01-26,Atlanta,42.4,54.1,0.0,7.3
2021-01-27,Atlanta,41.0,71.1,0.0,7.5
2021-01-28,Atlanta,44.9,70.2,0.0,9.2
2021-01-29,Atlanta,41.8,63.6,0.0,7.9
2021-01-30,Atlanta,51.5,65.9,0.0,7.7
2021-01-31,Atlanta,40.6,69.4,0.0,5.2
2021-02-01,Atlanta,45.8,63.6,0.0,10.0
2021-02-02,Atlanta,42.7,60.9,0.0,8.9
2021-02-03,Atlanta,42.8,60.3,0.0,5.7
2021-02-04,Atlanta,39.3,80.9,0.17,12.5
2021-02-05,Atlanta,39.5,62.5,0.0,8.6
2021-02-06,Atlanta,43.5,67.6,0.0,3.7
2021-02-07,Atlanta,37.5,72.3,0.0,10.8
2021-02-08,Atlanta,38.9,64.3,0.91,6.0
2021-02-09,Atlanta,41.7,66.3,0.0,6.8
2021-02-10,Atlanta,47.4,70.0,0.0,7.4
2021-02-11,Atlanta,42.3,59.2,0.0,10.6
2021-02-12,Atlanta,42.4,53.7,0.65,7.8
2021-02-13,Atlanta,37.6,60.2,0.0,9.9
2021-02-14,Atlanta,50.1,79.8,0.0,3.3
2021-02-15,Atlanta,47.7,61.4,0.92,4.7
2021-02-16,Atlanta,48.4,67.0,1.02,8.1
2021-02-17,Atlanta,36.6,55.4,0.63,5.8
2021-02-18,Atlanta,44.9,76.7,0.0,7.4
2021-02-19,Atlanta,39.3,63.6,0.0,10.2
2021-02-20,Atlanta,47.2,62.4,0.65,5.6
2021-02-21,Atlanta,45.4,64.9,0.0,5.8
2021-02-22,Atlanta,46.6,86.1,0.0,8.3
2021-02-23,Atlanta,41.2,69.5,0.0,1.6
2021-02-24,Atlanta,40.0,64.7,0.0,11.0
2021-02-25,Atlanta,42.1,42.9,0.0,8.4
2021-02-26,Atlanta,46.6,76.8,0.0,8.3
2021-02-27,Atlanta,44.4,60.4,0.11,6.4
2021-02-28,Atlanta,46.9,59.2,0.0,10.1
2021-03-01,Atlanta,41.4,59.9,0.0,7.5
2021-03-02,Atlanta,46.3,77.7,0.0,11.7
2021-03-03,Atlanta,52.9,65.7,0.0,2.9
2021-03-04,Atlanta,48.4,53.8,0.35,8.2
2021-03-05,Atlanta,49.0,64.4,0.0,8.1
2021-03-06,Atlanta,49.3,59.3,0.0,8.9
2021-03-07,Atlanta,,68.9,0.3,12.2
2021-03-08,Atlanta,55.5,62.9,0.0,3.9
2021-03-09,Atlanta,50.1,53.4,0.0,3.8
2021-03-10,Atlanta,49.6,65.3,0.0,6.9
2021-03-11,Atlanta,52.2,65.5,0.0,2.3
2021-03-12,Atlanta,53.7,56.0,0.0,14.9
2021-03-13,Atlanta,44.2,50.3,0.0,10.8
2021-03-14,Atlanta,50.4,68.3,0.0,9.6
2021-03-15,Atlanta,60.5,63.8,0.45,10.3
2021-03-16,Atlanta,58.3,64.3,0.0,11.8
2021-03-17,Atlanta,50.7,72.0,0.0,6.2
2021-03-18,Atlanta,54.8,50.5,0.0,6.9
2021-03-19,Atlanta,50.5,66.5,0.0,9.0
2021-03-20,Atlanta,53.9,71.3,0.0,6.5
2021-03-21,Atlanta,50.6,64.5,0.0,5.2
2021-03-22,Atlanta,50.9,54.7,0.0,6.4
2021-03-23,Atlanta,50.8,60.7,0.29,9.1
2021-03-24,Atlanta,61.4,62.4,0.0,10.7
2021-03-25,Atlanta,52.0,53.4,0.0,4.2
2021-03-26,Atlanta,59.7,69.0,0.0,7.4
2021-03-27,Atlanta,53.0,66.0,0.0,7.8
2021-03-28,Atlanta,52.9,60.9,0.0,3.8
2021-03-29,Atlanta,57.5,73.9,0.0,9.3
2021-03-30,Atlanta,50.3,61.8,0.0,7.7
2021-03-31,Atlanta,59.6,77.8,0.0,5.2
2021-04-01,Atlanta,56.4,63.8,0.0,6.6
2021-04-02,Atlanta,54.9,58.4,0.0,9.6
2021-04-03,Atlanta,54.3,58.6,0.0,10.9
2021-04-04,Atlanta,67.1,66.7,0.0,9.0
2021-04-05,Atlanta,58.5,57.4,0.0,13.7
2021-04-06,Atlanta,58.7,67.2,0.0,11.3
2021-04-07,Atlanta,63.4,62.8,0.0,9.7
2021-04-08,Atlanta,56.1,62.6,0.24,5.9
2021-04-09,Atlanta,65.4,65.7,0.78,11.4
2021-04-10,Atlanta,60.6,74.0,0.0,5.7
2021-04-11,Atlanta,54.9,61.7,0.0,10.2
2021-04-12,Atlanta,59.2,67.5,0.0,0.7
2021-04-13,Atlanta,57.1,69.6,0.0,6.5
2021-04-14,Atlanta,62.8,56.3,0.42,3.8
2021-04-15,Atlanta,59.3,70.2,0.0,7.1
2021-04-16,Atlanta,59.2,72.5,0.0,3.4
2021-04-17,Atlanta,65.0,73.7,0.0,8.1
2021-04-18,Atlanta,64.3,57.1,0.0,9.4
2021-04-19,Atlanta,70.0,57.7,0.0,6.0
2021-04-20,Atlanta,70.2,65.6,0.0,7.0
2021-04-21,Atlanta,65.7,65.1,0.0,8.7
2021-04-22,Atlanta,68.1,66.2,0.0,7.9
2021-04-23,Atlanta,60.0,63.1,0.0,12.0
2021-04-24,Atlanta,69.9,67.5,0.0,5.9
2021-04-25,Atlanta,69.0,45.6,0.0,9.6
2021-04-26,Atlanta,71.9,71.3,0.0,8.8
2021-04-27,Atlanta,66.6,77.8,0.69,3.2
2021-04-28,Atlanta,67.1,61.6,0.0,8.3
2021-04-29,Atlanta,67.5,67.6,0.0,7.7
2021-04-30,Atlanta,75.7,79.4,0.0,6.5
2021-05-01,Atlanta,71.0,66.3,0.0,13.3
2021-05-02,Atlanta,63.4,68.4,0.0,11.9
2021-05-03,Atlanta,73.4,80.7,0.0,5.7
2021-05-04,Atlanta,68.9,82.3,0.0,9.9
2021-05-05,Atlanta,76.3,57.5,0.0,10.2
2021-05-06,Atlanta,74.2,62.7,0.0,8.4
2021-05-07,Atlanta,77.8,73.1,0.0,4.7
2021-05-08,Atlanta,77.3,70.0,0.0,5.1
2021-05-09,Atlanta,77.2,71.6,0.0,9.6
2021-05-10,Atlanta,78.5,45.0,0.0,9.5
2021-05-11,Atlanta,77.5,50.4,0.0,7.1
2021-05-12,Atlanta,71.1,80.3,0.0,11.9
2021-05-13,Atlanta,69.5,72.2,0.0,12.5
2021-05-14,Atlanta,71.3,68.8,0.19,12.4
2021-05-15,Atlanta,78.7,56.1,0.0,12.5
2021-05-16,Atlanta,65.8,62.7,0.0,8.0
2021-05-17,Atlanta,76.1,70.6,0.0,4.0
2021-05-18,Atlanta,75.4,54.9,0.0,7.0
2021-05-19,Atlanta,82.5,60.4,0.0,7.7
2021-05-20,Atlanta,76.8,69.0,0.0,6.1
2021-05-21,Atlanta,76.1,70.7,0.17,6.9
2021-05-22,Atlanta,84.0,61.8,0.0,4.5
2021-05-23,Atlanta,78.0,73.9,0.0,10.1
2021-05-24,Atlanta,77.7,73.6,0.0,12.9
2021-05-25,Atlanta,77.0,51.7,0.0,15.1
2021-05-26,Atlanta,80.8,79.1,0.0,8.7
2021-05-27,Atlanta,78.4,75.3,0.0,7.5
2021-05-28,Atlanta,78.7,67.7,0.0,7.9
2021-05-29,Atlanta,87.1,64.9,0.0,12.1
2021-05-30,Atlanta,81.1,72.3,0.0,12.0
2021-05-31,Atlanta,79.2,70.3,0.0,7.3
2021-06-01,Atlanta,77.1,63.8,0.46,11.6
2021-06-02,Atlanta,,78.9,0.0,8.5
2021-06-03,Atlanta,79.6,49.2,0.0,5.8
2021-06-04,Atlanta,80.8,60.7,0.0,7.5
2021-06-05,Atlanta,79.0,69.6,0.0,13.1
2021-06-06,Atlanta,84.0,65.6,0.52,10.2
2021-06-07,Atlanta,77.5,71.6,0.0,6.5
2021-06-08,Atlanta,85.5,54.8,0.0,10.8
2021-06-09,Atlanta,81.5,64.0,0.0,10.1
2021-06-10,Atlanta,87.5,75.2,0.0,7.1
2021-06-11,Atlanta,86.7,54.1,0.0,5.8
2021-06-12,Atlanta,85.2,64.1,0.0,4.7
2021-06-13,Atlanta,88.8,61.8,0.0,3.1
2021-06-14,Atlanta,92.3,68.9,0.24,6.0
2021-06-15,Atlanta,91.2,69.1,0.0,7.5
2021-06-16,Atlanta,79.9,66.8,0.0,11.8
2021-06-17,Atlanta,83.3,63.7,0.0,10.5
2021-06-18,Atlanta,84.1,66.5,0.0,8.6
2021-06-19,Atlanta,89.3,64.7,0.0,2.4
2021-06-20,Atlanta,84.3,65.7,0.0,8.9
2021-06-21,Atlanta,84.4,77.7,0.4,3.1
2021-06-22,Atlanta,83.8,56.4,0.0,10.6
2021-06-23,Atlanta,88.6,68.7,0.0,10.7
2021-06-24,Atlanta,90.3,58.5,0.0,8.2
2021-06-25,Atlanta,82.2,81.6,0.0,10.5
2021-06-26,Atlanta,85.5,66.7,0.04,11.0
2021-06-27,Atlanta,79.5,55.9,0.0,8.3
2021-06-28,Atlanta,77.4,64.1,0.0,7.6
2021-06-29,Atlanta,90.5,54.3,0.0,4.0
2021-06-30,Atlanta,89.9,60.9,0.0,6.9
2021-07-01,Atlanta,89.4,70.9,0.0,5.0
2021-07-02,Atlanta,95.9,76.9,0.0,5.0
2021-07-03,Atlanta,81.4,74.6,0.0,5.8
2021-07-04,Atlanta,79.7,65.2,0.0,2.1
2021-07-05,Atlanta,84.1,70.6,0.0,10.9
2021-07-06,Atlanta,79.7,72.5,0.0,8.7
2021-07-07,Atlanta,86.6,84.0,0.0,11.5
2021-07-08,Atlanta,92.1,61.2,0.0,10.4
2021-07-09,Atlanta,90.9,78.1,0.0,9.5
2021-07-10,Atlanta,94.2,57.3,0.0,10.4
2021-07-11,Atlanta,91.3,75.4,0.0,8.5
2021-07-12,Atlanta,87.9,61.0,0.0,11.9
2021-07-13,Atlanta,87.4,60.5,0.0,6.5
2021-07-14,Atlanta,91.8,63.7,0.0,7.9
2021-07-15,Atlanta,83.0,59.8,0.0,7.2
2021-07-16,Atlanta,75.6,69.4,0.0,14.1
2021-07-17,Atlanta,91.7,75.8,0.0,6.1
2021-07-18,Atlanta,91.0,49.1,0.0,11.9
2021-07-19,Atlanta,97.1,64.6,0.0,3.9
2021-07-20,Atlanta,93.1,57.3,0.0,8.3
2021-07-21,Atlanta,91.4,73.2,0.0,7.5
2021-07-22,Atlanta,88.6,77.4,0.0,4.9
2021-07-23,Atlanta,86.3,64.6,0.0,6.0
2021-07-24,Atlanta,88.7,60.4,0.0,9.5
2021-07-25,Atlanta,94.2,53.1,0.0,7.0
2021-07-26,Atlanta,92.0,81.6,0.0,5.1
2021-07-27,Atlanta,94.0,76.6,0.0,10.7
2021-07-28,Atlanta,90.3,50.2,0.0,7.9
2021-07-29,Atlanta,85.7,71.2,0.0,9.0
2021-07-30,Atlanta,94.9,57.1,0.0,11.3
2021-07-31,Atlanta,94.4,61.9,0.0,12.6
2021-08-01,Atlanta,90.3,56.0,0.0,1.1
2021-08-02,Atlanta,91.9,50.0,0.0,7.7
2021-08-03,Atlanta,91.6,65.6,0.0,3.0
2021-08-04,Atlanta,87.1,81.2,0.0,16.2
2021-08-05,Atlanta,87.9,58.6,0.0,8.5
2021-08-06,Atlanta,84.9,73.1,0.0,10.9
2021-08-07,Atlanta,87.7,74.4,0.0,6.1
2021-08-08,Atlanta,93.4,71.8,0.0,6.9
2021-08-09,Atlanta,92.4,82.0,0.0,11.3
2021-08-10,Atlanta,90.9,73.6,0.0,9.5
2021-08-11,Atlanta,92.6,80.4,0.0,13.0
2021-08-12,Atlanta,86.5,56.8,0.0,5.5
2021-08-13,Atlanta,82.7,72.0,0.0,7.3
2021-08-14,Atlanta,87.1,78.1,0.0,9.5
2021-08-15,Atlanta,87.2,59.8,0.0,10.0
2021-08-16,Atlanta,90.5,38.1,0.0,9.3
2021-08-17,Atlanta,89.5,55.9,0.0,4.0
2021-08-18,Atlanta,91.6,60.2,0.0,5.2
2021-08-19,Atlanta,77.7,70.5,0.22,9.0
2021-08-20,Atlanta,83.0,61.5,0.0,3.4
2021-08-21,Atlanta,86.0,66.0,0.34,5.3
2021-08-22,Atlanta,88.3,61.2,0.38,8.1
2021-08-23,Atlanta,95.3,65.0,0.0,5.7
2021-08-24,Atlanta,81.3,65.5,0.0,8.7
2021-08-25,Atlanta,82.2,60.9,0.0,7.7
2021-08-26,Atlanta,83.3,72.6,0.0,5.6
2021-08-27,Atlanta,81.6,77.0,0.0,5.7
2021-08-28,Atlanta,80.7,56.8,0.6,11.8
2021-08-29,Atlanta,84.6,67.7,0.34,9.2
2021-08-30,Atlanta,88.5,54.6,0.0,8.7
2021-08-31,Atlanta,84.4,52.0,0.0,8.2
2021-09-01,Atlanta,79.7,74.3,0.0,5.3
2021-09-02,Atlanta,82.4,82.1,0.0,6.3
2021-09-03,Atlanta,78.3,63.4,0.0,0.8
2021-09-04,Atlanta,87.1,80.7,0.0,6.1
2021-09-05,Atlanta,89.0,60.8,0.0,6.1
2021-09-06,Atlanta,74.9,64.1,0.0,9.6
2021-09-07,Atlanta,82.8,79.3,0.0,6.2
2021-09-08,Atlanta,77.9,58.7,0.0,10.4
2021-09-09,Atlanta,81.4,73.3,0.0,7.2
2021-09-10,Atlanta,80.4,63.2,0.0,8.4
2021-09-11,Atlanta,74.4,60.2,0.0,7.9
2021-09-12,Atlanta,85.5,61.9,0.0,10.1
2021-09-13,Atlanta,79.0,48.7,0.5,11.6
2021-09-14,Atlanta,77.3,76.1,0.0,5.0
2021-09-15,Atlanta,79.5,67.8,0.0,13.3
2021-09-16,Atlanta,74.8,64.8,0.0,5.4
2021-09-17,Atlanta,77.5,60.5,0.0,7.4
2021-09-18,Atlanta,69.7,68.5,0.0,6.4
2021-09-19,Atlanta,67.0,73.1,0.0,12.5
2021-09-20,Atlanta,72.8,63.8,0.0,4.8
2021-09-21,Atlanta,74.4,73.7,0.0,10.2
2021-09-22,Atlanta,68.5,68.2,0.0,1.4
2021-09-23,Atlanta,73.8,65.3,0.0,10.4
2021-09-24,Atlanta,73.3,73.3,0.0,7.4
2021-09-25,Atlanta,75.0,61.9,0.0,6.9
2021-09-26,Atlanta,77.6,56.0,0.0,5.9
2021-09-27,Atlanta,82.2,65.6,0.0,7.8
2021-09-28,Atlanta,76.0,66.3,0.0,6.9
2021-09-29,Atlanta,69.3,64.2,0.0,3.5
2021-09-30,Atlanta,76.3,75.5,0.0,5.6
2021-10-01,Atlanta,79.2,70.0,0.0,10.4
2021-10-02,Atlanta,67.4,65.1,0.0,6.8
2021-10-03,Atlanta,67.3,66.0,0.0,5.6
2021-10-04,Atlanta,65.2,66.6,0.0,8.1
2021-10-05,Atlanta,68.7,70.2,0.29,9.5
2021-10-06,Atlanta,72.5,66.4,0.0,10.0
2021-10-07,Atlanta,77.1,64.8,0.0,9.0
2021-10-08,Atlanta,74.0,55.3,0.0,11.6
2021-10-09,Atlanta,71.3,60.3,0.0,8.1
2021-10-10,Atlanta,69.3,68.2,0.0,7.3
2021-10-11,Atlanta,70.5,67.5,0.0,10.6
2021-10-12,Atlanta,70.3,54.1,0.0,5.9
2021-10-13,Atlanta,73.7,61.5,0.0,6.8
2021-10-14,Atlanta,67.3,58.6,0.0,3.2
2021-10-15,Atlanta,68.2,76.9,0.0,13.4
2021-10-16,Atlanta,64.7,68.0,0.51,14.3
2021-10-17,Atlanta,66.6,69.4,0.0,7.5
2021-10-18,Atlanta,64.5,65.5,0.0,10.3
2021-10-19,Atlanta,59.9,61.0,0.0,10.1
2021-10-20,Atlanta,68.8,62.4,0.0,8.6
2021-10-21,Atlanta,71.1,69.9,0.0,11.6
2021-10-22,Atlanta,63.8,63.9,0.0,4.2
2021-10-23,Atlanta,65.0,70.0,0.0,7.4
2021-10-24,Atlanta,67.0,67.1,0.67,1.7
2021-10-25,Atlanta,62.0,68.4,0.0,5.0
2021-10-26,Atlanta,63.1,68.8,0.0,3.1
2021-10-27,Atlanta,60.9,61.8,0.66,2.5
2021-10-28,Atlanta,58.9,63.5,0.0,6.5
2021-10-29,Atlanta,63.3,73.3,0.0,9.1
2021-10-30,Atlanta,62.9,80.6,0.0,6.0
2021-10-31,Atlanta,64.3,73.3,0.0,6.4
2021-11-01,Atlanta,59.7,43.7,0.0,5.8
2021-11-02,Atlanta,53.9,59.9,0.0,8.4
2021-11-03,Atlanta,63.9,66.9,0.0,6.2
2021-11-04,Atlanta,55.2,57.2,0.0,5.0
2021-11-05,Atlanta,54.7,56.8,0.0,10.8
2021-11-06,Atlanta,55.2,62.7,0.0,5.4
2021-11-07,Atlanta,49.4,68.8,0.0,4.2
2021-11-08,Atlanta,55.8,70.9,0.49,10.2
2021-11-09,Atlanta,59.2,63.1,0.0,2.9
2021-11-10,Atlanta,54.1,62.4,0.0,11.7
2021-11-11,Atlanta,61.6,59.3,0.0,4.9
2021-11-12,Atlanta,61.0,70.1,0.0,8.2
2021-11-13,Atlanta,58.8,69.5,0.0,5.0
2021-11-14,Atlanta,45.7,73.3,0.0,8.0
2021-11-15,Atlanta,60.5,67.0,0.0,6.4
2021-11-16,Atlanta,52.6,55.5,0.0,5.1
2021-11-17,Atlanta,60.8,63.2,0.0,3.2
2021-11-18,Atlanta,50.2,72.9,0.0,6.4
2021-11-19,Atlanta,51.9,52.1,0.18,9.4
2021-11-20,Atlanta,52.6,65.3,0.0,10.0
2021-11-21,Atlanta,47.6,68.3,0.0,5.8
2021-11-22,Atlanta,44.1,82.0,0.0,5.9
2021-11-23,Atlanta,40.3,61.2,0.0,7.5
2021-11-24,Atlanta,64.0,65.0,0.0,8.0
2021-11-25,Atlanta,42.8,79.5,0.0,8.0
2021-11-26,Atlanta,42.6,61.3,0.0,6.7
2021-11-27,Atlanta,52.2,74.6,0.0,6.9
2021-11-28,Atlanta,42.9,69.1,0.0,7.1
2021-11-29,Atlanta,41.8,64.2,0.0,0.8
2021-11-30,Atlanta,35.7,69.6,0.0,6.8
2021-12-01,Atlanta,49.7,64.8,0.0,10.3
2021-12-02,Atlanta,43.2,84.1,0.0,12.2
2021-12-03,Atlanta,50.6,49.5,0.0,11.5
2021-12-04,Atlanta,47.1,63.7,0.0,8.3
2021-12-05,Atlanta,47.5,64.0,0.0,4.4
2021-12-06,Atlanta,44.8,64.9,0.65,6.4
2021-12-07,Atlanta,45.3,74.6,0.0,5.7
2021-12-08,Atlanta,42.2,62.4,0.0,3.8
2021-12-09,Atlanta,42.3,69.9,0.0,5.2
2021-12-10,Atlanta,40.7,67.9,0.0,5.8
2021-12-11,Atlanta,52.2,72.7,0.0,3.8
2021-12-12,Atlanta,43.4,64.9,0.0,10.8
2021-12-13,Atlanta,34.7,68.6,0.0,9.8
2021-12-14,Atlanta,45.8,65.0,0.0,7.9
2021-12-15,Atlanta,40.8,58.1,0.0,9.1
2021-12-16,Atlanta,43.9,78.8,0.0,8.9
2021-12-17,Atlanta,42.7,59.9,0.0,5.8
2021-12-18,Atlanta,50.4,62.2,0.0,13.4
2021-12-19,Atlanta,41.7,59.1,0.0,5.7
2021-12-20,Atlanta,46.9,69.2,0.88,3.0
2021-12-21,Atlanta,46.2,62.2,0.0,8.5
2021-12-22,Atlanta,36.7,78.1,0.0,9.7
2021-12-23,Atlanta,43.5,70.3,0.0,7.1
2021-12-24,Atlanta,39.0,63.8,0.0,11.7
2021-12-25,Atlanta,36.8,58.7,1.15,8.5
2021-12-26,Atlanta,36.7,65.1,0.0,5.5
2021-12-27,Atlanta,45.6,70.2,0.0,6.2
2021-12-28,Atlanta,53.7,65.6,0.0,8.4
2021-12-29,Atlanta,38.0,64.9,0.0,8.2
2021-12-30,Atlanta,42.4,57.8,0.0,11.6
2021-12-31,Atlanta,42.7,83.9,0.0,10.5
2022-01-01,Atlanta,38.8,64.4,0.0,3.3
2022-01-02,Atlanta,47.4,55.0,0.0,7.5
2022-01-03,Atlanta,50.8,57.4,0.56,4.3
2022-01-04,Atlanta,38.1,63.2,0.0,12.4
2022-01-05,Atlanta,48.5,81.6,0.0,5.1
2022-01-06,Atlanta,38.1,64.6,0.0,8.6
2022-01-07,Atlanta,36.1,63.0,0.0,5.9
2022-01-08,Atlanta,39.8,72.8,0.0,2.1
2022-01-09,Atlanta,44.3,73.3,0.0,4.2
2022-01-10,Atlanta,39.8,71.3,0.0,7.3
2022-01-11,Atlanta,43.5,67.6,0.0,9.7
2022-01-12,Atlanta,41.2,57.2,0.0,9.6
2022-01-13,Atlanta,46.2,60.0,0.0,4.0
2022-01-14,Atlanta,42.5,53.3,0.0,8.9
2022-01-15,Atlanta,46.9,64.2,0.0,10.8
2022-01-16,Atlanta,36.2,62.6,0.0,9.5
2022-01-17,Atlanta,39.1,61.8,0.0,6.9
2022-01-18,Atlanta,40.0,68.2,0.0,8.1
2022-01-19,Atlanta,36.2,60.7,0.0,8.5
2022-01-20,Atlanta,35.5,63.3,0.0,12.2
2022-01-21,Atlanta,41.7,62.1,0.0,13.1
2022-01-22,Atlanta,43.0,65.7,0.0,9.9
2022-01-23,Atlanta,40.6,68.9,0.0,8.2
2022-01-24,Atlanta,44.9,55.2,0.0,7.9
2022-01-25,Atlanta,35.2,69.6,0.0,8.2
2022-01-26,Atlanta,38.4,68.1,0.0,8.6
2022-01-27,Atlanta,34.9,69.3,0.0,6.5
2022-01-28,Atlanta,40.9,67.1,0.0,13.9
2022-01-29,Atlanta,42.6,68.9,0.0,5.6
2022-01-30,Atlanta,46.5,62.7,0.0,11.9
2022-01-31,Atlanta,35.3,69.5,0.13,1.4
2022-02-01,Atlanta,42.3,75.2,0.0,7.2
2022-02-02,Atlanta,47.2,62.0,0.0,7.0
2022-02-03,Atlanta,36.4,62.3,0.0,8.7
2022-02-04,Atlanta,35.4,71.0,0.0,6.9
2022-02-05,Atlanta,34.5,61.6,0.0,12.2
2022-02-06,Atlanta,44.0,60.2,0.0,7.3
2022-02-07,Atlanta,38.1,69.4,0.0,4.9
2022-02-08,Atlanta,43.7,62.6,0.0,5.1
2022-02-09,Atlanta,40.7,75.8,0.0,6.6
2022-02-10,Atlanta,49.9,62.3,0.0,10.2
2022-02-11,Atlanta,45.5,59.4,0.52,10.7
2022-02-12,Atlanta,38.5,66.0,0.0,4.4
2022-02-13,Atlanta,41.0,69.5,0.0,5.6
2022-02-14,Atlanta,46.1,68.6,0.0,4.8
2022-02-15,Atlanta,37.9,70.3,0.0,7.1
2022-02-16,Atlanta,48.2,61.6,0.0,10.9
2022-02-17,Atlanta,42.0,75.1,0.0,8.5
2022-02-18,Atlanta,47.0,52.8,0.0,9.7
2022-02-19,Atlanta,42.7,59.8,0.0,10.2
2022-02-20,Atlanta,41.4,66.3,0.0,6.2
2022-02-21,Atlanta,40.9,60.4,0.0,4.2
2022-02-22,Atlanta,52.0,63.5,0.0,6.2
2022-02-23,Atlanta,43.1,58.1,0.0,10.5
2022-02-24,Atlanta,58.6,64.3,0.0,9.8
2022-02-25,Atlanta,45.7,69.7,0.0,8.2
2022-02-26,Atlanta,41.4,61.7,0.0,10.8
2022-02-27,Atlanta,38.4,59.0,0.0,8.4
2022-02-28,Atlanta,51.3,62.3,1.34,7.0
2022-03-01,Atlanta,45.2,74.8,0.0,3.3
2022-03-02,Atlanta,50.0,74.8,0.0,11.8
2022-03-03,Atlanta,57.1,62.2,0.0,7.7
2022-03-04,Atlanta,49.9,70.1,0.7,6.6
2022-03-05,Atlanta,48.7,65.9,0.0,7.7
2022-03-06,Atlanta,53.0,76.3,0.0,12.5
2022-03-07,Atlanta,51.5,67.5,0.0,11.0
2022-03-08,Atlanta,42.5,64.4,0.0,6.9
2022-03-09,Atlanta,54.5,78.8,0.0,9.4
2022-03-10,Atlanta,48.6,58.6,0.0,11.7
2022-03-11,Atlanta,56.1,68.6,0.0,9.0
2022-03-12,Atlanta,51.7,76.9,0.0,8.4
2022-03-13,Atlanta,55.2,71.3,0.0,1.7
2022-03-14,Atlanta,49.1,59.9,0.0,11.7
2022-03-15,Atlanta,43.7,59.5,0.0,4.9
2022-03-16,Atlanta,53.4,54.7,0.0,2.4
2022-03-17,Atlanta,55.6,77.9,0.0,2.6
2022-03-18,Atlanta,49.1,56.9,0.0,5.4
2022-03-19,Atlanta,51.0,71.7,0.0,9.5
2022-03-20,Atlanta,42.3,54.6,0.0,11.5
2022-03-21,Atlanta,52.0,86.5,0.0,9.0
2022-03-22,Atlanta,,55.2,0.0,13.2
2022-03-23,Atlanta,55.7,66.3,0.0,6.8
2022-03-24,Atlanta,55.3,75.7,0.0,7.3
2022-03-25,Atlanta,54.3,60.4,0.0,2.4
2022-03-26,Atlanta,60.5,70.5,0.0,6.3
2022-03-27,Atlanta,56.1,63.7,0.0,1.9
2022-03-28,Atlanta,56.2,69.1,0.0,4.0
2022-03-29,Atlanta,57.2,74.6,0.0,9.9
2022-03-30,Atlanta,53.5,62.6,0.0,2.9
2022-03-31,Atlanta,61.0,78.0,0.0,3.2
2022-04-01,Atlanta,52.8,68.8,0.0,2.7
2022-04-02,Atlanta,59.3,81.6,0.0,10.3
2022-04-03,Atlanta,,59.3,0.0,12.9
2022-04-04,Atlanta,53.6,60.9,0.0,7.8
2022-04-05,Atlanta,52.6,64.1,0.0,10.8
2022-04-06,Atlanta,54.3,56.3,0.0,4.5
2022-04-07,Atlanta,67.6,73.4,0.0,11.7
2022-04-08,Atlanta,57.1,65.4,0.0,5.9
2022-04-09,Atlanta,54.9,56.8,0.0,10.0
2022-04-10,Atlanta,62.4,59.4,0.0,7.9
2022-04-11,Atlanta,48.9,59.0,0.0,2.2
2022-04-12,Atlanta,,73.4,0.0,5.3
2022-04-13,Atlanta,68.4,69.7,0.0,8.5
2022-04-14,Atlanta,58.1,64.9,0.0,2.5
2022-04-15,Atlanta,61.7,63.1,0.0,8.9
2022-04-16,Atlanta,64.6,64.1,0.0,3.8
2022-04-17,Atlanta,65.0,80.2,0.0,9.6
2022-04-18,Atlanta,61.7,64.1,0.0,3.9
2022-04-19,Atlanta,67.0,72.9,0.0,9.3
2022-04-20,Atlanta,71.5,63.4,0.04,10.4
2022-04-21,Atlanta,,79.5,0.0,7.5
2022-04-22,Atlanta,63.7,56.2,0.67,7.8
2022-04-23,Atlanta,65.8,72.5,0.0,12.5
2022-04-24,Atlanta,69.9,59.9,0.0,5.7
2022-04-25,Atlanta,67.3,83.7,0.0,6.4
2022-04-26,Atlanta,67.0,71.6,0.0,9.9
2022-04-27,Atlanta,61.0,52.4,0.0,9.3
2022-04-28,Atlanta,63.3,58.5,0.0,7.3
2022-04-29,Atlanta,69.7,71.5,1.02,4.4
2022-04-30,Atlanta,67.0,71.3,0.0,10.9
2022-05-01,Atlanta,68.2,70.7,0.0,4.3
2022-05-02,Atlanta,69.8,67.3,0.0,14.8
2022-05-03,Atlanta,81.1,63.4,0.0,4.4
2022-05-04,Atlanta,68.7,74.7,0.0,4.7
2022-05-05,Atlanta,77.6,59.1,0.0,9.0
2022-05-06,Atlanta,77.7,66.4,0.0,9.6
2022-05-07,Atlanta,,61.0,0.0,5.1
2022-05-08,Atlanta,68.8,60.4,0.0,13.1
2022-05-09,Atlanta,73.6,62.3,0.0,9.0
2022-05-10,Atlanta,71.7,60.1,0.0,7.3
2022-05-11,Atlanta,82.9,70.4,0.0,9.2
2022-05-12,Atlanta,76.1,54.2,0.0,11.6
2022-05-13,Atlanta,73.7,69.4,0.0,12.8
2022-05-14,Atlanta,83.1,60.9,0.0,8.6
2022-05-15,Atlanta,73.8,66.2,1.4,4.2
2022-05-16,Atlanta,78.3,64.7,0.0,4.2
2022-05-17,Atlanta,79.4,62.0,0.0,3.8
2022-05-18,Atlanta,78.1,75.7,0.0,6.1
2022-05-19,Atlanta,76.5,63.0,0.0,8.1
2022-05-20,Atlanta,81.1,71.6,0.0,8.6
2022-05-21,Atlanta,74.9,71.7,0.0,11.4
2022-05-22,Atlanta,83.1,63.8,0.0,1.8
2022-05-23,Atlanta,77.2,55.9,1.67,8.0
2022-05-24,Atlanta,84.8,58.9,1.12,9.4
2022-05-25,Atlanta,83.9,76.2,0.0,0.0
2022-05-26,Atlanta,82.0,69.9,0.0,9.4
2022-05-27,Atlanta,79.5,67.1,0.0,16.2
2022-05-28,Atlanta,85.2,61.5,0.0,10.3
2022-05-29,Atlanta,83.1,79.9,0.0,8.9
2022-05-30,Atlanta,66.4,59.1,0.0,7.2
2022-05-31,Atlanta,77.5,67.1,0.0,8.7
2022-06-01,Atlanta,82.3,70.0,0.0,12.6
2022-06-02,Atlanta,83.1,55.6,0.26,7.0
2022-06-03,Atlanta,85.3,59.9,0.0,11.6
2022-06-04,Atlanta,89.4,62.3,1.24,9.4
2022-06-05,Atlanta,85.4,72.9,0.0,12.9
2022-06-06,Atlanta,73.7,62.5,0.0,11.3
2022-06-07,Atlanta,84.3,54.5,0.4,8.6
2022-06-08,Atlanta,89.1,53.7,0.0,8.4
2022-06-09,Atlanta,84.5,59.9,0.0,7.1
2022-06-10,Atlanta,85.1,54.1,0.0,10.9
2022-06-11,Atlanta,82.3,72.1,0.0,6.2
2022-06-12,Atlanta,89.0,72.5,0.0,8.3
2022-06-13,Atlanta,83.4,66.1,0.0,7.4
2022-06-14,Atlanta,87.9,63.9,0.0,4.0
2022-06-15,Atlanta,87.5,71.9,0.0,8.7
2022-06-16,Atlanta,86.0,71.6,0.0,3.4
2022-06-17,Atlanta,88.2,58.1,0.0,6.7
2022-06-18,Atlanta,87.1,59.2,0.0,10.0
2022-06-19,Atlanta,92.2,71.7,0.0,8.5
2022-06-20,Atlanta,89.7,68.2,0.0,8.5
2022-06-21,Atlanta,91.6,70.9,0.0,5.4
2022-06-22,Atlanta,83.7,58.8,0.0,11.1
2022-06-23,Atlanta,83.6,60.0,0.0,5.3
2022-06-24,Atlanta,87.8,69.7,0.0,10.1
2022-06-25,Atlanta,91.0,60.5,0.0,11.9
2022-06-26,Atlanta,90.2,53.8,0.0,3.4
2022-06-27,Atlanta,84.6,60.7,0.0,6.8
2022-06-28,Atlanta,91.7,64.4,0.0,6.5
2022-06-29,Atlanta,85.5,79.6,0.0,8.8
2022-06-30,Atlanta,91.5,59.3,0.0,5.2
2022-07-01,Atlanta,89.9,65.5,0.0,4.5
2022-07-02,Atlanta,87.8,82.3,0.0,7.8
2022-07-03,Atlanta,86.5,57.3,0.0,6.3
2022-07-04,Atlanta,89.6,71.3,0.0,7.6
2022-07-05,Atlanta,89.5,60.3,0.16,10.7
2022-07-06,Atlanta,84.5,69.2,0.0,3.1
2022-07-07,Atlanta,92.1,84.7,0.0,7.7
2022-07-08,Atlanta,94.6,72.3,0.0,6.2
2022-07-09,Atlanta,93.4,67.2,0.0,8.1
2022-07-10,Atlanta,91.0,58.4,0.18,6.2
2022-07-11,Atlanta,87.7,64.6,0.0,4.5
2022-07-12,Atlanta,90.3,61.5,0.0,9.2
2022-07-13,Atlanta,89.2,54.4,0.0,16.3
2022-07-14,Atlanta,90.4,49.0,0.0,7.7
2022-07-15,Atlanta,94.1,59.4,0.0,5.8
2022-07-16,Atlanta,89.4,65.7,0.0,5.8
2022-07-17,Atlanta,81.7,75.0,0.0,10.8
2022-07-18,Atlanta,93.6,60.1,0.0,5.4
2022-07-19,Atlanta,91.8,67.5,0.0,11.9
2022-07-20,Atlanta,90.7,52.4,0.0,3.1
2022-07-21,Atlanta,84.7,59.6,0.0,8.6
2022-07-22,Atlanta,86.2,46.4,0.0,10.0
2022-07-23,Atlanta,86.8,83.9,0.0,10.3
2022-07-24,Atlanta,87.3,67.6,0.0,10.1
2022-07-25,Atlanta,87.7,67.3,1.22,8.8
2022-07-26,Atlanta,84.6,70.3,0.0,11.5
2022-07-27,Atlanta,99.5,86.3,0.0,5.0
2022-07-28,Atlanta,96.5,62.5,0.43,6.1
2022-07-29,Atlanta,91.0,58.2,0.0,6.8
2022-07-30,Atlanta,89.5,82.0,0.0,12.5
2022-07-31,Atlanta,97.8,56.2,0.0,9.4
2022-08-01,Atlanta,96.8,76.4,0.0,10.0
2022-08-02,Atlanta,86.1,65.4,0.0,7.5
2022-08-03,Atlanta,90.4,69.5,0.0,10.5
2022-08-04,Atlanta,88.4,54.5,0.86,3.3
2022-08-05,Atlanta,87.9,86.7,0.0,6.8
2022-08-06,Atlanta,88.2,62.9,0.61,7.3
2022-08-07,Atlanta,88.5,60.4,0.0,6.6
2022-08-08,Atlanta,89.7,70.4,0.0,7.0
2022-08-09,Atlanta,89.6,60.8,0.0,9.6
2022-08-10,Atlanta,94.9,69.4,0.0,8.7
2022-08-11,Atlanta,84.6,55.9,0.46,11.6
2022-08-12,Atlanta,92.5,67.2,0.0,1.7
2022-08-13,Atlanta,83.1,61.2,0.0,12.5
2022-08-14,Atlanta,88.8,59.7,0.0,6.1
2022-08-15,Atlanta,92.3,58.5,0.0,11.9
2022-08-16,Atlanta,90.0,73.1,0.0,6.7
2022-08-17,Atlanta,85.8,63.2,0.0,9.1
2022-08-18,Atlanta,88.3,64.5,0.0,4.8
2022-08-19,Atlanta,94.2,69.4,0.0,4.4
2022-08-20,Atlanta,83.9,75.1,0.0,9.7
2022-08-21,Atlanta,88.9,58.6,0.0,0.0
2022-08-22,Atlanta,90.5,67.8,0.0,4.4
2022-08-23,Atlanta,84.2,58.7,0.59,10.3
2022-08-24,Atlanta,93.5,64.3,0.0,6.8
2022-08-25,Atlanta,94.8,74.5,0.0,5.4
2022-08-26,Atlanta,90.1,47.2,0.0,12.6
2022-08-27,Atlanta,89.9,58.6,0.0,13.6
2022-08-28,Atlanta,76.9,64.1,0.0,8.0
2022-08-29,Atlanta,78.5,69.0,0.0,11.8
2022-08-30,Atlanta,83.7,75.8,0.0,12.6
2022-08-31,Atlanta,80.9,52.4,0.0,8.0
2022-09-01,Atlanta,86.4,77.3,0.0,6.5
2022-09-02,Atlanta,70.5,70.2,0.0,8.3
2022-09-03,Atlanta,85.8,64.1,1.1,3.6
2022-09-04,Atlanta,81.9,54.2,0.0,9.7
2022-09-05,Atlanta,79.9,61.4,0.0,7.0
2022-09-06,Atlanta,90.6,74.2,0.0,8.2
2022-09-07,Atlanta,,66.2,0.0,8.1
2022-09-08,Atlanta,74.1,64.6,0.0,5.5
2022-09-09,Atlanta,83.1,58.2,0.0,7.9
2022-09-10,Atlanta,82.5,71.9,0.0,3.9
2022-09-11,Atlanta,79.6,64.8,0.0,6.6
2022-09-12,Atlanta,90.7,64.1,0.8,4.7
2022-09-13,Atlanta,80.7,65.2,0.0,5.4
2022-09-14,Atlanta,83.9,60.8,0.0,1.2
2022-09-15,Atlanta,80.5,59.5,0.0,6.7
2022-09-16,Atlanta,84.4,53.8,0.54,9.5
2022-09-17,Atlanta,76.8,61.0,0.0,8.5
2022-09-18,Atlanta,73.2,51.6,0.0,11.3
2022-09-19,Atlanta,81.0,69.9,0.0,5.1
2022-09-20,Atlanta,78.5,60.7,0.0,6.6
2022-09-21,Atlanta,80.4,62.9,0.0,10.8
2022-09-22,Atlanta,73.7,65.7,0.0,7.7
2022-09-23,Atlanta,78.2,59.6,0.0,8.6
2022-09-24,Atlanta,68.5,56.6,0.62,14.3
2022-09-25,Atlanta,73.1,67.8,0.0,7.2
2022-09-26,Atlanta,71.7,81.1,0.0,6.5
2022-09-27,Atlanta,76.7,73.3,0.0,5.0
2022-09-28,Atlanta,71.9,76.2,0.0,7.1
2022-09-29,Atlanta,67.5,55.6,0.0,11.1
2022-09-30,Atlanta,70.7,64.5,0.0,9.7
2022-10-01,Atlanta,75.6,64.4,0.0,12.3
2022-10-02,Atlanta,73.1,77.4,0.0,9.1
2022-10-03,Atlanta,68.7,73.3,0.0,1.3
2022-10-04,Atlanta,75.4,64.7,0.0,9.9
2022-10-05,Atlanta,78.3,47.7,0.0,8.3
2022-10-06,Atlanta,74.9,56.7,0.0,8.0
2022-10-07,Atlanta,60.0,71.1,1.86,11.7
2022-10-08,Atlanta,71.0,63.4,0.0,7.2
2022-10-09,Atlanta,68.9,65.1,0.0,9.7
2022-10-10,Atlanta,60.0,70.9,0.0,4.8
2022-10-11,Atlanta,62.9,75.1,1.14,3.4
2022-10-12,Atlanta,71.9,59.8,0.0,6.2
2022-10-13,Atlanta,68.7,70.7,0.0,7.1
2022-10-14,Atlanta,67.8,78.9,0.0,9.6
2022-10-15,Atlanta,64.1,77.4,0.0,4.7
2022-10-16,Atlanta,71.4,61.8,0.0,12.5
2022-10-17,Atlanta,60.6,68.4,0.0,5.1
2022-10-18,Atlanta,61.7,72.0,0.0,7.7
2022-10-19,Atlanta,63.8,66.2,0.0,8.0
2022-10-20,Atlanta,58.0,64.0,0.0,8.9
2022-10-21,Atlanta,60.4,52.2,0.0,9.4
2022-10-22,Atlanta,68.8,59.1,0.0,14.8
2022-10-23,Atlanta,59.8,60.4,0.0,6.2
2022-10-24,Atlanta,66.6,55.9,0.0,8.9
2022-10-25,Atlanta,65.5,66.9,1.5,7.7
2022-10-26,Atlanta,61.5,72.9,0.0,10.9
2022-10-27,Atlanta,55.5,62.6,0.0,9.3
2022-10-28,Atlanta,61.7,48.4,0.0,8.7
2022-10-29,Atlanta,51.5,65.1,0.72,3.5
2022-10-30,Atlanta,58.2,68.2,0.0,6.6
2022-10-31,Atlanta,61.2,67.7,0.0,5.1
2022-11-01,Atlanta,63.6,60.2,0.0,6.7
2022-11-02,Atlanta,58.6,56.4,0.0,5.5
2022-11-03,Atlanta,56.1,73.1,0.0,6.4
2022-11-04,Atlanta,55.4,68.8,0.27,6.8
2022-11-05,Atlanta,55.9,60.6,0.0,6.8
2022-11-06,Atlanta,60.4,54.0,0.0,7.1
2022-11-07,Atlanta,58.8,67.8,0.0,5.2
2022-11-08,Atlanta,56.7,58.8,0.0,8.1
2022-11-09,Atlanta,59.3,69.1,0.0,5.3
2022-11-10,Atlanta,,67.3,0.6,6.2
2022-11-11,Atlanta,49.6,82.6,0.0,7.8
2022-11-12,Atlanta,50.2,65.4,0.0,0.3
2022-11-13,Atlanta,57.5,82.0,0.0,15.5
2022-11-14,Atlanta,48.2,66.7,0.0,9.6
2022-11-15,Atlanta,52.3,60.7,0.0,9.0
2022-11-16,Atlanta,53.1,57.6,0.59,6.4
2022-11-17,Atlanta,48.6,59.0,0.0,8.3
2022-11-18,Atlanta,45.4,69.4,0.0,4.4
2022-11-19,Atlanta,47.2,67.0,0.0,9.5
2022-11-20,Atlanta,44.0,51.3,0.0,2.9
2022-11-21,Atlanta,54.5,74.2,1.54,4.2
2022-11-22,Atlanta,53.2,77.8,0.0,5.9
2022-11-23,Atlanta,47.6,51.2,0.0,12.5
2022-11-24,Atlanta,44.6,74.1,0.0,4.7
2022-11-25,Atlanta,55.6,79.5,0.0,9.0
2022-11-26,Atlanta,52.0,51.6,0.0,1.8
2022-11-27,Atlanta,46.9,62.3,0.0,8.1
2022-11-28,Atlanta,54.7,59.2,0.0,13.2
2022-11-29,Atlanta,49.6,73.8,0.0,9.5
2022-11-30,Atlanta,50.1,62.7,0.0,1.8
2022-12-01,Atlanta,43.7,62.4,0.0,8.1
2022-12-02,Atlanta,41.2,69.4,0.0,6.6
2022-12-03,Atlanta,40.7,78.5,0.0,11.7
2022-12-04,Atlanta,56.8,65.5,0.0,7.7
2022-12-05,Atlanta,43.4,62.2,0.0,3.7
2022-12-06,Atlanta,47.1,63.7,0.0,7.6
2022-12-07,Atlanta,48.6,71.3,0.0,5.9
2022-12-08,Atlanta,46.1,55.3,0.0,1.5
2022-12-09,Atlanta,45.3,65.9,0.0,7.5
2022-12-10,Atlanta,44.9,58.5,0.0,8.0
2022-12-11,Atlanta,47.6,56.4,0.0,9.1
2022-12-12,Atlanta,40.5,50.4,0.0,11.1
2022-12-13,Atlanta,42.9,61.9,0.43,7.2
2022-12-14,Atlanta,34.3,74.6,0.0,3.5
2022-12-15,Atlanta,36.0,50.1,0.0,5.5
2022-12-16,Atlanta,38.3,70.3,0.0,7.9
2022-12-17,Atlanta,47.7,60.8,0.0,11.6
2022-12-18,Atlanta,42.5,57.5,0.0,8.0
2022-12-19,Atlanta,46.6,68.8,0.0,7.6
2022-12-20,Atlanta,45.0,76.5,0.0,7.3
2022-12-21,Atlanta,44.2,78.0,0.0,8.0
2022-12-22,Atlanta,38.6,68.3,0.0,13.7
2022-12-23,Atlanta,43.0,65.4,0.0,7.7
2022-12-24,Atlanta,43.6,69.1,0.0,7.2
2022-12-25,Atlanta,52.2,85.8,0.0,8.1
2022-12-26,Atlanta,40.5,63.7,0.0,6.0
2022-12-27,Atlanta,45.2,75.1,0.0,3.3
2022-12-28,Atlanta,41.2,61.3,0.47,2.8
2022-12-29,Atlanta,38.4,59.4,0.0,5.8
2022-12-30,Atlanta,45.4,80.2,0.0,11.5
2022-12-31,Atlanta,49.8,66.0,0.0,11.5
2023-01-01,Atlanta,42.3,67.8,0.0,4.7
2023-01-02,Atlanta,37.9,70.4,0.0,7.5
2023-01-03,Atlanta,43.0,58.9,0.0,8.4
2023-01-04,Atlanta,42.1,62.5,0.41,5.8
2023-01-05,Atlanta,50.7,60.9,0.0,11.9
2023-01-06,Atlanta,43.9,68.7,1.14,10.3
2023-01-07,Atlanta,36.3,68.9,0.0,9.1
2023-01-08,Atlanta,46.2,61.2,0.0,8.2
2023-01-09,Atlanta,43.8,82.2,0.0,3.3
2023-01-10,Atlanta,44.5,65.8,0.0,12.1
2023-01-11,Atlanta,42.2,66.8,0.0,9.7
2023-01-12,Atlanta,44.7,76.7,0.0,9.2
2023-01-13,Atlanta,42.1,59.0,0.0,5.8
2023-01-14,Atlanta,38.9,61.8,0.0,6.0
2023-01-15,Atlanta,40.7,68.3,0.22,9.5
2023-01-16,Atlanta,39.5,54.2,0.0,11.3
2023-01-17,Atlanta,41.5,64.1,0.0,13.2
2023-01-18,Atlanta,40.4,82.4,0.0,5.8
2023-01-19,Atlanta,38.6,80.6,0.0,7.5
2023-01-20,Atlanta,39.2,73.2,0.0,1.7
2023-01-21,Atlanta,40.0,75.5,0.0,0.6
2023-01-22,Atlanta,32.0,69.9,0.0,9.6
2023-01-23,Atlanta,44.7,62.5,0.68,5.4
2023-01-24,Atlanta,41.7,79.1,0.0,2.1
2023-01-25,Atlanta,37.4,58.4,0.38,4.5
2023-01-26,Atlanta,42.9,73.7,0.64,9.0
2023-01-27,Atlanta,38.0,61.9,0.0,9.2
2023-01-28,Atlanta,38.0,62.4,0.0,3.1
2023-01-29,Atlanta,42.1,70.3,0.84,11.7
2023-01-30,Atlanta,46.9,82.3,1.22,5.9
2023-01-31,Atlanta,41.8,77.4,0.0,8.8
2023-02-01,Atlanta,37.2,68.7,0.0,8.1
2023-02-02,Atlanta,39.2,66.5,0.0,8.0
2023-02-03,Atlanta,44.7,72.3,0.0,5.2
2023-02-04,Atlanta,42.8,76.9,0.0,7.9
2023-02-05,Atlanta,45.4,51.9,0.13,8.8
2023-02-06,Atlanta,43.0,65.0,0.0,7.4
2023-02-07,Atlanta,44.8,57.6,0.0,8.3
2023-02-08,Atlanta,50.6,64.3,0.0,11.3
2023-02-09,Atlanta,35.6,55.9,0.0,6.6
2023-02-10,Atlanta,52.7,51.6,1.41,10.0
2023-02-11,Atlanta,46.2,55.4,1.5,7.4
2023-02-12,Atlanta,54.0,61.6,0.0,12.3
2023-02-13,Atlanta,37.9,70.7,0.0,3.8
2023-02-14,Atlanta,44.2,59.5,0.0,11.9
2023-02-15,Atlanta,43.4,59.1,0.0,6.4
2023-02-16,Atlanta,46.9,69.2,0.0,14.3
2023-02-17,Atlanta,45.2,68.3,0.38,9.3
2023-02-18,Atlanta,44.9,79.6,0.29,10.6
2023-02-19,Atlanta,47.0,73.5,0.0,7.5
2023-02-20,Atlanta,43.3,57.8,0.0,10.0
2023-02-21,Atlanta,41.7,60.6,0.53,10.0
2023-02-22,Atlanta,46.3,72.0,0.0,7.6
2023-02-23,Atlanta,42.1,58.9,0.45,10.3
2023-02-24,Atlanta,44.2,63.4,0.0,0.0
2023-02-25,Atlanta,38.5,52.3,0.0,6.1
2023-02-26,Atlanta,45.5,55.5,0.31,8.1
2023-02-27,Atlanta,41.3,76.1,0.0,9.5
2023-02-28,Atlanta,45.6,67.3,0.0,10.9
2023-03-01,Atlanta,41.2,61.0,0.0,7.2
2023-03-02,Atlanta,46.2,62.1,0.0,6.8
2023-03-03,Atlanta,50.7,79.7,0.0,10.6
2023-03-04,Atlanta,44.2,60.7,0.0,11.5
2023-03-05,Atlanta,43.0,69.8,0.0,10.2
2023-03-06,Atlanta,51.0,73.0,0.0,7.5
2023-03-07,Atlanta,51.9,77.6,0.33,15.6
2023-03-08,Atlanta,50.1,59.2,0.0,8.2
2023-03-09,Atlanta,46.4,54.8,0.0,8.6
2023-03-10,Atlanta,46.0,57.2,0.0,12.9
2023-03-11,Atlanta,47.6,71.8,0.0,12.6
2023-03-12,Atlanta,49.2,81.9,0.0,10.1
2023-03-13,Atlanta,42.0,72.1,0.0,5.3
2023-03-14,Atlanta,45.7,60.7,0.0,8.3
2023-03-15,Atlanta,56.1,75.5,0.0,9.6
2023-03-16,Atlanta,51.8,62.2,0.0,13.9
2023-03-17,Atlanta,56.7,59.3,0.0,16.8
2023-03-18,Atlanta,56.1,63.3,0.0,6.2
2023-03-19,Atlanta,50.5,61.4,0.0,10.6
2023-03-20,Atlanta,51.0,60.4,0.0,5.6
2023-03-21,Atlanta,57.0,75.8,0.0,7.6
2023-03-22,Atlanta,56.5,61.9,0.0,5.4
2023-03-23,Atlanta,57.9,53.3,0.0,13.0
2023-03-24,Atlanta,53.7,70.7,0.0,8.7
2023-03-25,Atlanta,54.8,58.4,0.0,8.9
2023-03-26,Atlanta,53.4,58.6,0.0,8.1
2023-03-27,Atlanta,54.7,71.6,0.0,9.1
2023-03-28,Atlanta,52.3,60.2,0.51,9.2
2023-03-29,Atlanta,55.4,62.4,0.0,5.9
2023-03-30,Atlanta,55.4,66.3,0.0,2.9
2023-03-31,Atlanta,54.5,63.7,0.57,4.0
2023-04-01,Atlanta,60.5,62.6,0.0,3.2
2023-04-02,Atlanta,51.0,47.3,0.0,8.6
2023-04-03,Atlanta,59.3,64.6,0.0,5.6
2023-04-04,Atlanta,54.1,78.9,0.0,10.9
2023-04-05,Atlanta,54.8,71.0,0.0,8.7
2023-04-06,Atlanta,55.6,63.0,0.0,2.5
2023-04-07,Atlanta,61.6,69.8,0.0,6.8
2023-04-08,Atlanta,49.7,71.0,0.0,1.6
2023-04-09,Atlanta,61.1,59.3,0.0,4.6
2023-04-10,Atlanta,60.9,76.1,0.0,6.5
2023-04-11,Atlanta,56.8,67.3,0.0,5.2
2023-04-12,Atlanta,62.4,63.5,0.0,13.7
2023-04-13,Atlanta,56.5,78.7,0.6,10.2
2023-04-14,Atlanta,62.2,49.5,0.0,7.0
2023-04-15,Atlanta,57.2,56.6,0.0,12.3
2023-04-16,Atlanta,72.5,71.1,0.0,5.1
2023-04-17,Atlanta,67.6,71.4,0.0,7.0
2023-04-18,Atlanta,65.2,79.2,0.0,10.6
2023-04-19,Atlanta,60.3,48.0,0.0,4.7
2023-04-20,Atlanta,63.8,72.9,1.32,10.1
2023-04-21,Atlanta,64.4,56.0,0.0,8.9
2023-04-22,Atlanta,66.9,69.4,0.0,9.8
2023-04-23,Atlanta,68.1,65.5,0.0,13.4
2023-04-24,Atlanta,67.7,72.8,1.4,9.4
2023-04-25,Atlanta,68.7,64.1,0.0,8.4
2023-04-26,Atlanta,66.8,74.1,0.0,3.5
2023-04-27,Atlanta,69.5,59.4,0.0,8.6
2023-04-28,Atlanta,65.6,65.3,0.0,6.6
2023-04-29,Atlanta,64.1,67.5,0.0,7.6
2023-04-30,Atlanta,77.6,79.4,0.0,6.6
2023-05-01,Atlanta,71.6,72.7,0.0,9.5
2023-05-02,Atlanta,78.3,67.6,0.0,5.0
2023-05-03,Atlanta,69.3,71.1,0.0,8.6
2023-05-04,Atlanta,81.8,74.7,0.0,4.9
2023-05-05,Atlanta,71.7,69.0,0.0,2.6
2023-05-06,Atlanta,77.0,57.8,0.0,7.0
2023-05-07,Atlanta,72.4,71.0,0.0,9.4
2023-05-08,Atlanta,73.4,65.8,0.0,5.7
2023-05-09,Atlanta,72.5,63.2,0.0,8.4
2023-05-10,Atlanta,71.2,59.7,0.0,6.9
2023-05-11,Atlanta,78.2,70.6,0.0,4.9
2023-05-12,Atlanta,74.2,70.1,0.0,9.7
2023-05-13,Atlanta,78.4,58.4,0.0,6.0
2023-05-14,Atlanta,79.1,57.2,0.0,9.1
2023-05-15,Atlanta,81.8,81.1,0.0,3.6
2023-05-16,Atlanta,77.7,72.9,0.0,8.4
2023-05-17,Atlanta,69.4,66.7,0.0,9.9
2023-05-18,Atlanta,75.1,70.8,0.74,9.1
2023-05-19,Atlanta,76.8,62.3,0.86,10.7
2023-05-20,Atlanta,77.4,64.6,0.82,9.9
2023-05-21,Atlanta,83.6,66.2,0.13,8.9
2023-05-22,Atlanta,83.2,73.7,0.0,10.5
2023-05-23,Atlanta,77.8,54.7,0.0,6.9
2023-05-24,Atlanta,89.7,57.8,0.0,9.6
2023-05-25,Atlanta,77.6,56.2,0.0,8.1
2023-05-26,Atlanta,78.3,72.8,0.26,13.6
2023-05-27,Atlanta,74.9,65.2,0.23,8.8
2023-05-28,Atlanta,73.2,58.7,0.87,4.1
2023-05-29,Atlanta,75.2,64.2,0.0,8.8
2023-05-30,Atlanta,85.4,60.9,0.0,5.1
2023-05-31,Atlanta,84.5,54.5,0.0,10.2
2023-06-01,Atlanta,77.6,76.1,0.34,10.2
2023-06-02,Atlanta,82.3,64.8,0.0,6.2
2023-06-03,Atlanta,85.8,76.3,0.0,4.9
2023-06-04,Atlanta,73.3,54.4,0.0,8.4
2023-06-05,Atlanta,90.8,70.0,0.0,5.3
2023-06-06,Atlanta,87.8,54.5,0.31,5.5
2023-06-07,Atlanta,87.0,85.6,0.0,6.5
2023-06-08,Atlanta,89.1,52.2,0.0,9.9
2023-06-09,Atlanta,74.8,80.4,0.0,3.5
2023-06-10,Atlanta,83.2,65.8,0.0,5.7
2023-06-11,Atlanta,90.2,64.5,0.0,15.2
2023-06-12,Atlanta,84.7,70.7,0.0,13.9
2023-06-13,Atlanta,88.4,58.5,0.0,11.6
2023-06-14,Atlanta,91.8,72.3,0.0,8.1
2023-06-15,Atlanta,88.7,72.9,0.0,10.3
2023-06-16,Atlanta,84.6,66.1,0.0,6.8
2023-06-17,Atlanta,88.6,68.0,0.0,0.0
2023-06-18,Atlanta,78.7,81.4,0.0,6.3
2023-06-19,Atlanta,88.7,71.2,0.0,6.6
2023-06-20,Atlanta,90.1,59.7,0.0,8.1
2023-06-21,Atlanta,87.6,72.0,0.0,9.4
2023-06-22,Atlanta,92.3,61.7,1.12,13.0
2023-06-23,Atlanta,88.5,60.1,0.0,8.1
2023-06-24,Atlanta,88.1,70.1,0.0,5.0
2023-06-25,Atlanta,95.9,57.9,0.0,7.4
2023-06-26,Atlanta,83.5,66.4,0.0,9.9
2023-06-27,Atlanta,94.3,71.4,0.0,7.7
2023-06-28,Atlanta,94.1,81.3,0.0,5.6
2023-06-29,Atlanta,92.1,71.1,0.0,9.6
2023-06-30,Atlanta,86.7,54.2,0.0,4.6
2023-07-01,Atlanta,90.2,55.5,0.96,5.4
2023-07-02,Atlanta,85.2,79.8,0.0,9.2
2023-07-03,Atlanta,86.4,60.9,0.0,5.6
2023-07-04,Atlanta,89.6,53.9,0.0,6.9
2023-07-05,Atlanta,85.2,58.0,0.0,8.0
2023-07-06,Atlanta,88.2,72.4,0.0,7.9
2023-07-07,Atlanta,84.4,66.9,0.0,5.1
2023-07-08,Atlanta,92.4,71.2,0.97,9.0
2023-07-09,Atlanta,96.9,65.7,0.0,5.2
2023-07-10,Atlanta,99.5,57.2,0.0,13.0
2023-07-11,Atlanta,85.0,51.7,0.0,6.8
2023-07-12,Atlanta,85.9,59.3,0.0,9.8
2023-07-13,Atlanta,89.6,67.0,0.0,10.2
2023-07-14,Atlanta,,56.5,0.0,6.9
2023-07-15,Atlanta,89.5,73.9,0.0,5.1
2023-07-16,Atlanta,94.8,58.0,0.0,10.2
2023-07-17,Atlanta,92.9,52.8,0.0,3.7
2023-07-18,Atlanta,82.5,66.0,0.0,4.2
2023-07-19,Atlanta,90.8,72.1,0.0,9.8
2023-07-20,Atlanta,84.9,77.9,0.0,7.4
2023-07-21,Atlanta,88.0,53.1,0.0,5.9
2023-07-22,Atlanta,88.6,77.4,0.0,6.5
2023-07-23,Atlanta,93.8,67.5,0.0,5.6
2023-07-24,Atlanta,90.3,61.0,0.0,14.5
2023-07-25,Atlanta,88.3,71.4,0.0,11.1
2023-07-26,Atlanta,99.8,76.8,0.0,5.5
2023-07-27,Atlanta,86.3,52.6,0.24,7.1
2023-07-28,Atlanta,91.6,62.6,0.0,9.8
2023-07-29,Atlanta,93.2,61.6,0.0,5.1
2023-07-30,Atlanta,90.9,71.0,0.0,6.3
2023-07-31,Atlanta,86.0,77.7,0.0,7.1
2023-08-01,Atlanta,85.7,66.6,0.0,5.4
2023-08-02,Atlanta,92.7,63.7,0.0,11.3
2023-08-03,Atlanta,94.5,69.6,0.0,5.9
2023-08-04,Atlanta,89.5,64.1,0.0,7.7
2023-08-05,Atlanta,83.7,48.6,0.0,8.4
2023-08-06,Atlanta,89.5,70.1,0.0,12.8
2023-08-07,Atlanta,96.2,73.9,0.0,7.7
2023-08-08,Atlanta,84.7,74.6,0.0,14.4
2023-08-09,Atlanta,87.6,56.8,0.0,6.9
2023-08-10,Atlanta,89.2,70.9,0.0,7.3
2023-08-11,Atlanta,93.7,78.3,0.0,10.8
2023-08-12,Atlanta,86.2,86.2,0.0,13.8
2023-08-13,Atlanta,90.6,69.8,0.0,7.2
2023-08-14,Atlanta,94.5,73.9,0.0,11.7
2023-08-15,Atlanta,81.4,58.1,0.0,10.5
2023-08-16,Atlanta,82.0,57.0,0.64,5.7
2023-08-17,Atlanta,87.3,73.9,0.0,7.9
2023-08-18,Atlanta,91.9,49.7,0.0,7.9
2023-08-19,Atlanta,88.8,67.2,0.0,4.9
2023-08-20,Atlanta,91.9,77.4,0.0,8.5
2023-08-21,Atlanta,79.2,71.7,0.0,8.2
2023-08-22,Atlanta,88.2,71.6,0.0,9.1
2023-08-23,Atlanta,73.6,65.6,0.0,8.2
2023-08-24,Atlanta,92.1,62.7,0.0,6.0
2023-08-25,Atlanta,91.3,83.2,0.0,15.3
2023-08-26,Atlanta,84.2,75.9,0.0,8.7
2023-08-27,Atlanta,75.0,72.8,0.0,11.9
2023-08-28,Atlanta,84.2,66.2,0.0,9.3
2023-08-29,Atlanta,89.9,61.3,0.0,12.5
2023-08-30,Atlanta,86.5,74.6,0.0,5.7
2023-08-31,Atlanta,92.7,63.5,0.97,7.7
2023-09-01,Atlanta,82.7,66.6,0.36,6.7
2023-09-02,Atlanta,92.9,70.9,0.26,6.3
2023-09-03,Atlanta,74.4,67.7,0.0,8.8
2023-09-04,Atlanta,79.7,78.4,0.0,7.3
2023-09-05,Atlanta,77.0,55.4,0.0,3.7
2023-09-06,Atlanta,85.9,66.5,0.0,7.1
2023-09-07,Atlanta,76.8,83.1,0.0,6.8
2023-09-08,Atlanta,86.4,73.2,0.0,10.6
2023-09-09,Atlanta,84.7,64.4,0.71,3.7
2023-09-10,Atlanta,82.1,72.4,0.0,6.5
2023-09-11,Atlanta,80.4,65.6,0.0,5.7
2023-09-12,Atlanta,75.8,77.7,0.0,10.2
2023-09-13,Atlanta,82.9,72.6,0.0,6.4
2023-09-14,Atlanta,77.6,59.1,0.0,11.1
2023-09-15,Atlanta,82.9,67.9,1.11,7.9
2023-09-16,Atlanta,85.9,69.3,1.66,9.5
2023-09-17,Atlanta,77.4,69.7,0.5,11.3
2023-09-18,Atlanta,84.3,68.5,0.0,4.4
2023-09-19,Atlanta,78.9,70.5,0.0,7.3
2023-09-20,Atlanta,80.3,69.4,0.0,9.3
2023-09-21,Atlanta,71.3,60.2,0.0,8.6
2023-09-22,Atlanta,73.8,62.3,0.0,4.1
2023-09-23,Atlanta,73.4,64.0,0.0,10.1
2023-09-24,Atlanta,82.2,66.8,0.0,8.1
2023-09-25,Atlanta,74.2,64.0,0.0,8.4
2023-09-26,Atlanta,78.2,74.8,0.0,7.3
2023-09-27,Atlanta,74.6,58.3,0.0,0.0
2023-09-28,Atlanta,72.9,52.1,0.0,9.6
2023-09-29,Atlanta,67.5,81.7,0.0,9.8
2023-09-30,Atlanta,65.1,59.5,0.0,6.7
2023-10-01,Atlanta,71.8,74.8,0.0,3.5
2023-10-02,Atlanta,71.7,70.9,0.0,6.4
2023-10-03,Atlanta,68.6,59.7,0.0,11.0
2023-10-04,Atlanta,72.7,64.9,0.0,6.8
2023-10-05,Atlanta,80.5,63.7,0.0,8.1
2023-10-06,Atlanta,78.0,68.9,0.0,7.0
2023-10-07,Atlanta,70.8,59.9,0.0,8.9
2023-10-08,Atlanta,70.5,64.6,0.0,4.0
2023-10-09,Atlanta,72.7,65.7,0.0,7.4
2023-10-10,Atlanta,70.5,74.8,0.0,11.3
2023-10-11,Atlanta,71.9,62.7,0.0,5.2
2023-10-12,Atlanta,69.8,58.2,0.0,7.2
2023-10-13,Atlanta,68.5,61.6,0.0,11.2
2023-10-14,Atlanta,64.8,68.9,0.0,10.2
2023-10-15,Atlanta,68.8,51.8,0.0,9.4
2023-10-16,Atlanta,56.6,75.6,0.0,9.2
2023-10-17,Atlanta,67.5,66.2,0.21,9.1
2023-10-18,Atlanta,56.6,69.5,0.0,7.3
2023-10-19,Atlanta,,67.8,0.0,11.3
2023-10-20,Atlanta,60.6,60.7,0.0,6.6
2023-10-21,Atlanta,70.4,57.3,0.0,5.0
2023-10-22,Atlanta,64.6,60.4,0.0,3.8
2023-10-23,Atlanta,63.8,54.0,0.0,6.2
2023-10-24,Atlanta,65.2,68.8,0.0,6.1
2023-10-25,Atlanta,59.0,64.7,0.0,5.9
2023-10-26,Atlanta,67.5,53.7,0.0,4.5
2023-10-27,Atlanta,65.2,61.1,0.0,9.1
2023-10-28,Atlanta,59.1,71.2,0.0,5.2
2023-10-29,Atlanta,56.4,76.3,0.0,9.6
2023-10-30,Atlanta,58.9,55.7,0.0,10.2
2023-10-31,Atlanta,59.7,83.3,0.0,15.7
2023-11-01,Atlanta,54.8,58.3,0.0,6.6
2023-11-02,Atlanta,57.2,52.4,0.0,7.5
2023-11-03,Atlanta,56.2,80.1,0.0,5.8
2023-11-04,Atlanta,57.6,57.7,0.0,4.5
2023-11-05,Atlanta,57.2,78.2,0.0,6.7
2023-11-06,Atlanta,59.8,60.7,0.0,5.7
2023-11-07,Atlanta,57.4,63.7,0.0,4.4
2023-11-08,Atlanta,58.6,55.6,0.0,8.7
2023-11-09,Atlanta,57.5,76.2,0.0,4.8
2023-11-10,Atlanta,55.1,75.1,0.0,9.7
2023-11-11,Atlanta,58.7,60.7,0.0,10.6
2023-11-12,Atlanta,42.9,65.4,0.0,5.4
2023-11-13,Atlanta,53.2,71.3,0.0,12.2
2023-11-14,Atlanta,51.9,62.2,0.0,9.2
2023-11-15,Atlanta,,76.9,0.0,7.8
2023-11-16,Atlanta,50.8,65.2,0.0,2.7
2023-11-17,Atlanta,55.7,61.8,0.0,2.9
2023-11-18,Atlanta,56.2,53.3,0.0,12.7
2023-11-19,Atlanta,46.3,55.7,0.0,12.0
2023-11-20,Atlanta,53.2,70.7,0.0,12.8
2023-11-21,Atlanta,46.0,67.9,0.0,13.6
2023-11-22,Atlanta,53.6,72.5,0.0,12.1
2023-11-23,Atlanta,49.0,61.5,0.0,8.7
2023-11-24,Atlanta,47.1,52.9,0.0,9.7
2023-11-25,Atlanta,42.7,62.0,0.0,5.9
2023-11-26,Atlanta,49.6,82.3,0.0,8.7
2023-11-27,Atlanta,44.5,58.3,0.0,10.2
2023-11-28,Atlanta,42.7,65.7,0.0,10.3
2023-11-29,Atlanta,49.8,46.7,0.0,7.6
2023-11-30,Atlanta,53.0,61.8,0.0,1.9
2023-12-01,Atlanta,50.1,62.7,0.0,3.5
2023-12-02,Atlanta,41.6,68.7,0.0,9.4
2023-12-03,Atlanta,47.1,63.5,0.0,6.5
2023-12-04,Atlanta,50.5,53.9,0.0,10.0
2023-12-05,Atlanta,46.5,60.7,0.0,4.3
2023-12-06,Atlanta,48.3,64.4,0.79,12.1
2023-12-07,Atlanta,44.5,58.0,0.0,5.2
2023-12-08,Atlanta,44.5,59.2,0.0,12.4
2023-12-09,Atlanta,43.0,74.0,0.0,3.3
2023-12-10,Atlanta,48.4,61.0,0.0,9.8
2023-12-11,Atlanta,48.4,69.5,0.0,5.2
2023-12-12,Atlanta,42.6,64.6,0.0,8.0
2023-12-13,Atlanta,48.3,56.2,0.0,11.2
2023-12-14,Atlanta,38.2,63.3,0.0,10.7
2023-12-15,Atlanta,43.6,68.3,0.0,5.5
2023-12-16,Atlanta,38.0,79.9,0.0,6.2
2023-12-17,Atlanta,38.8,59.8,0.0,3.3
2023-12-18,Atlanta,37.5,65.3,0.0,2.6
2023-12-19,Atlanta,40.5,73.3,0.0,5.5
2023-12-20,Atlanta,46.0,76.1,0.0,5.4
2023-12-21,Atlanta,42.7,60.8,0.0,3.5
2023-12-22,Atlanta,40.2,64.8,0.74,7.4
2023-12-23,Atlanta,41.9,74.9,0.0,7.9
2023-12-24,Atlanta,33.2,70.1,0.0,8.0
2023-12-25,Atlanta,44.8,74.3,0.43,5.6
2023-12-26,Atlanta,32.0,75.4,0.0,6.3
2023-12-27,Atlanta,38.7,70.4,0.0,7.0
2023-12-28,Atlanta,41.4,67.1,0.0,10.5
2023-12-29,Atlanta,43.6,60.6,0.0,6.0
2023-12-30,Atlanta,42.5,64.0,0.0,3.0
2023-12-31,Atlanta,41.1,64.6,0.0,7.0
2024-01-01,Atlanta,47.7,75.6,0.0,6.7
2024-01-02,Atlanta,50.1,67.4,0.0,3.2
2024-01-03,Atlanta,40.9,67.5,0.0,6.8
2024-01-04,Atlanta,40.3,58.0,0.0,5.3
2024-01-05,Atlanta,40.0,75.6,0.0,7.8
2024-01-06,Atlanta,37.8,59.9,0.0,9.3
2024-01-07,Atlanta,42.2,63.7,0.0,6.4
2024-01-08,Atlanta,46.1,76.5,0.0,9.5
2024-01-09,Atlanta,29.1,73.1,0.0,7.1
2024-01-10,Atlanta,39.5,59.2,0.0,7.2
2024-01-11,Atlanta,46.9,57.4,0.68,7.1
2024-01-12,Atlanta,41.9,64.4,0.0,7.4
2024-01-13,Atlanta,42.0,61.4,0.55,3.9
2024-01-14,Atlanta,32.9,54.3,0.0,2.5
2024-01-15,Atlanta,43.2,60.0,0.0,11.4
2024-01-16,Atlanta,44.6,44.0,0.0,8.6
2024-01-17,Atlanta,40.9,73.2,0.0,6.4
2024-01-18,Atlanta,37.1,72.7,0.0,11.2
2024-01-19,Atlanta,42.0,77.3,0.0,16.6
2024-01-20,Atlanta,35.3,68.8,0.0,3.5
2024-01-21,Atlanta,34.8,62.4,0.0,7.9
2024-01-22,Atlanta,43.7,74.2,0.0,10.0
2024-01-23,Atlanta,45.0,60.4,0.0,3.1
2024-01-24,Atlanta,36.8,55.4,0.52,3.4
2024-01-25,Atlanta,34.9,64.8,0.0,10.9
2024-01-26,Atlanta,,69.3,0.0,7.8
2024-01-27,Atlanta,41.1,59.5,0.0,5.9
2024-01-28,Atlanta,35.1,57.6,0.0,3.1
2024-01-29,Atlanta,46.2,62.7,0.0,9.0
2024-01-30,Atlanta,38.4,69.3,0.0,3.8
2024-01-31,Atlanta,42.2,64.8,0.0,4.9
2024-02-01,Atlanta,37.3,87.1,0.0,5.1
2024-02-02,Atlanta,43.4,64.9,0.0,7.0
2024-02-03,Atlanta,43.9,72.0,0.0,4.7
2024-02-04,Atlanta,33.4,54.4,0.0,5.2
2024-02-05,Atlanta,38.0,70.7,0.97,10.8
2024-02-06,Atlanta,40.5,62.3,0.43,8.5
2024-02-07,Atlanta,39.0,65.9,0.0,8.0
2024-02-08,Atlanta,45.4,79.5,0.0,9.3
2024-02-09,Atlanta,39.0,63.0,0.0,4.8
2024-02-10,Atlanta,45.0,55.5,0.0,9.1
2024-02-11,Atlanta,44.2,56.8,0.0,9.3
2024-02-12,Atlanta,41.7,67.4,0.56,4.9
2024-02-13,Atlanta,45.7,66.9,0.0,9.8
2024-02-14,Atlanta,35.6,66.6,0.0,8.7
2024-02-15,Atlanta,42.4,55.7,0.3,8.8
2024-02-16,Atlanta,39.4,82.2,0.0,13.0
2024-02-17,Atlanta,42.6,77.7,0.0,8.4
2024-02-18,Atlanta,41.2,67.0,0.0,5.2
2024-02-19,Atlanta,43.8,53.8,0.0,8.4
2024-02-20,Atlanta,43.8,78.7,0.0,8.0
2024-02-21,Atlanta,44.6,75.1,0.48,4.7
2024-02-22,Atlanta,45.0,66.8,0.0,1.9
2024-02-23,Atlanta,47.1,75.6,0.0,7.8
2024-02-24,Atlanta,39.1,62.0,0.0,10.8
2024-02-25,Atlanta,47.3,58.3,0.0,10.9
2024-02-26,Atlanta,38.4,67.3,0.0,8.8
2024-02-27,Atlanta,32.9,53.6,0.0,12.7
2024-02-28,Atlanta,54.7,57.1,0.0,8.5
2024-02-29,Atlanta,41.8,70.4,0.0,7.4
2024-03-01,Atlanta,44.3,67.9,0.0,8.6
2024-03-02,Atlanta,38.2,54.9,0.5,5.8
2024-03-03,Atlanta,44.9,62.7,0.0,4.2
2024-03-04,Atlanta,48.1,55.3,0.0,5.1
2024-03-05,Atlanta,48.6,62.1,0.0,6.6
2024-03-06,Atlanta,42.4,61.2,0.49,10.6
2024-03-07,Atlanta,46.2,73.9,0.0,3.7
2024-03-08,Atlanta,50.1,64.7,0.0,5.1
2024-03-09,Atlanta,49.9,64.1,0.0,10.4
2024-03-10,Atlanta,49.7,62.9,0.61,6.9
2024-03-11,Atlanta,52.9,52.2,0.0,7.4
2024-03-12,Atlanta,49.3,65.2,0.0,6.9
2024-03-13,Atlanta,56.4,69.9,0.82,13.8
2024-03-14,Atlanta,49.2,67.9,0.0,9.7
2024-03-15,Atlanta,54.0,71.5,0.0,8.8
2024-03-16,Atlanta,54.5,71.9,0.0,8.6
2024-03-17,Atlanta,44.2,83.6,0.0,9.2
2024-03-18,Atlanta,53.9,57.0,0.0,13.5
2024-03-19,Atlanta,49.4,67.9,0.0,6.9
2024-03-20,Atlanta,48.1,68.8,0.0,8.5
2024-03-21,Atlanta,51.1,63.4,0.0,8.1
2024-03-22,Atlanta,54.1,60.9,0.0,10.7
2024-03-23,Atlanta,46.8,70.0,0.0,13.1
2024-03-24,Atlanta,54.3,69.2,0.0,6.2
2024-03-25,Atlanta,53.6,57.6,0.0,9.4
2024-03-26,Atlanta,59.6,51.6,0.0,8.5
2024-03-27,Atlanta,52.5,62.1,0.0,3.8
2024-03-28,Atlanta,61.1,60.6,0.0,10.9
2024-03-29,Atlanta,57.9,70.8,0.0,12.7
2024-03-30,Atlanta,56.4,58.6,0.0,10.5
2024-03-31,Atlanta,62.7,64.6,0.0,6.1
2024-04-01,Atlanta,66.0,52.3,0.0,3.9
2024-04-02,Atlanta,56.8,53.6,0.0,9.9
2024-04-03,Atlanta,54.9,59.8,0.0,4.8
2024-04-04,Atlanta,60.6,64.0,0.0,5.1
2024-04-05,Atlanta,52.6,59.4,0.0,8.6
2024-04-06,Atlanta,53.6,67.1,0.0,10.2
2024-04-07,Atlanta,65.8,52.4,0.0,7.0
2024-04-08,Atlanta,62.9,64.3,0.0,7.4
2024-04-09,Atlanta,56.9,64.4,0.0,7.7
2024-04-10,Atlanta,75.3,54.4,0.0,5.3
2024-04-11,Atlanta,55.4,67.8,0.0,6.9
2024-04-12,Atlanta,64.8,48.6,0.0,3.1
2024-04-13,Atlanta,58.8,60.5,0.0,10.2
2024-04-14,Atlanta,70.9,72.3,0.0,16.4
2024-04-15,Atlanta,60.9,48.2,0.0,8.2
2024-04-16,Atlanta,62.4,71.4,0.0,11.6
2024-04-17,Atlanta,56.0,56.7,0.0,7.2
2024-04-18,Atlanta,73.9,61.3,0.0,4.0
2024-04-19,Atlanta,62.2,77.3,0.0,14.8
2024-04-20,Atlanta,67.6,61.0,0.0,5.5
2024-04-21,Atlanta,65.9,78.9,0.0,10.8
2024-04-22,Atlanta,63.8,63.6,0.0,8.6
2024-04-23,Atlanta,56.7,65.3,0.0,11.6
2024-04-24,Atlanta,66.1,72.7,0.0,7.8
2024-04-25,Atlanta,66.4,70.4,0.0,4.5
2024-04-26,Atlanta,69.4,67.2,0.0,6.0
2024-04-27,Atlanta,78.1,62.3,0.0,15.1
2024-04-28,Atlanta,71.8,53.6,0.0,9.0
2024-04-29,Atlanta,73.1,54.0,0.0,14.5
2024-04-30,Atlanta,68.3,76.5,0.0,6.9
2024-05-01,Atlanta,64.2,79.6,0.0,10.1
2024-05-02,Atlanta,69.3,67.0,0.0,4.1
2024-05-03,Atlanta,67.7,51.8,0.03,8.1
2024-05-04,Atlanta,71.2,59.8,0.0,14.7
2024-05-05,Atlanta,69.6,59.4,0.0,5.6
2024-05-06,Atlanta,64.7,61.6,0.0,5.9
2024-05-07,Atlanta,78.3,58.9,0.0,10.5
2024-05-08,Atlanta,72.4,70.2,0.0,8.3
2024-05-09,Atlanta,71.9,68.0,0.24,13.7
2024-05-10,Atlanta,68.9,78.6,0.0,7.3
2024-05-11,Atlanta,72.1,62.9,1.35,8.2
2024-05-12,Atlanta,70.8,67.6,0.17,9.0
2024-05-13,Atlanta,69.7,71.9,0.0,4.8
2024-05-14,Atlanta,76.2,74.2,0.0,4.1
2024-05-15,Atlanta,73.7,56.1,0.0,3.8
2024-05-16,Atlanta,79.6,69.2,0.0,0.0
2024-05-17,Atlanta,75.0,67.2,0.0,7.7
2024-05-18,Atlanta,77.5,68.4,0.6,4.1
2024-05-19,Atlanta,77.7,66.5,0.0,6.4
2024-05-20,Atlanta,79.4,79.7,0.15,11.1
2024-05-21,Atlanta,74.3,58.9,0.0,5.2
2024-05-22,Atlanta,82.5,58.4,0.0,10.1
2024-05-23,Atlanta,73.5,59.4,0.0,3.3
2024-05-24,Atlanta,79.4,63.7,0.0,5.9
2024-05-25,Atlanta,74.1,68.3,0.0,13.2
2024-05-26,Atlanta,79.3,62.4,0.0,6.7
2024-05-27,Atlanta,84.2,74.1,0.0,11.9
2024-05-28,Atlanta,83.0,66.0,0.0,15.1
2024-05-29,Atlanta,85.6,65.2,0.0,6.7
2024-05-30,Atlanta,79.8,55.4,0.0,6.0
2024-05-31,Atlanta,85.6,80.6,0.0,1.5
2024-06-01,Atlanta,78.7,65.6,0.0,8.9
2024-06-02,Atlanta,80.1,79.1,0.0,9.1
2024-06-03,Atlanta,83.1,61.0,0.0,10.3
2024-06-04,Atlanta,86.6,72.6,0.0,12.2
2024-06-05,Atlanta,80.6,61.5,0.0,4.9
2024-06-06,Atlanta,86.5,80.6,0.0,13.6
2024-06-07,Atlanta,84.7,75.0,0.0,7.2
2024-06-08,Atlanta,85.5,72.8,0.0,9.1
2024-06-09,Atlanta,80.4,60.2,0.0,7.8
2024-06-10,Atlanta,82.8,81.3,0.0,5.7
2024-06-11,Atlanta,84.3,82.3,0.0,4.4
2024-06-12,Atlanta,86.5,63.0,0.0,8.6
2024-06-13,Atlanta,81.6,67.3,0.0,5.1
2024-06-14,Atlanta,79.7,73.4,0.0,7.3
2024-06-15,Atlanta,76.2,50.2,0.0,6.8
2024-06-16,Atlanta,89.4,75.2,0.0,6.9
2024-06-17,Atlanta,90.5,74.2,0.0,2.6
2024-06-18,Atlanta,77.4,61.5,0.0,0.0
2024-06-19,Atlanta,87.0,48.5,0.0,10.5
2024-06-20,Atlanta,85.2,68.7,0.0,11.4
2024-06-21,Atlanta,92.6,56.9,0.0,0.3
2024-06-22,Atlanta,86.3,53.3,0.0,9.3
2024-06-23,Atlanta,89.9,69.0,0.0,8.7
2024-06-24,Atlanta,85.8,76.5,0.0,4.0
2024-06-25,Atlanta,84.8,64.2,0.0,10.7
2024-06-26,Atlanta,91.5,75.5,0.0,11.4
2024-06-27,Atlanta,93.0,71.3,0.0,11.2
2024-06-28,Atlanta,82.6,55.0,0.0,13.2
2024-06-29,Atlanta,93.6,61.6,0.0,11.0
2024-06-30,Atlanta,84.2,74.6,0.6,5.5
2024-07-01,Atlanta,78.3,61.5,0.0,8.1
2024-07-02,Atlanta,88.9,72.6,0.0,9.2
2024-07-03,Atlanta,91.3,62.7,0.0,12.6
2024-07-04,Atlanta,82.3,71.8,0.0,7.2
2024-07-05,Atlanta,80.3,69.4,0.23,6.1
2024-07-06,Atlanta,87.1,64.0,0.0,3.0
2024-07-07,Atlanta,86.6,71.5,0.0,10.6
2024-07-08,Atlanta,95.7,48.7,0.0,8.6
2024-07-09,Atlanta,89.7,57.3,0.0,5.4
2024-07-10,Atlanta,93.0,62.3,0.0,10.3
2024-07-11,Atlanta,90.7,75.4,0.0,7.0
2024-07-12,Atlanta,96.9,54.4,0.0,4.0
2024-07-13,Atlanta,85.8,65.7,0.0,12.0
2024-07-14,Atlanta,89.5,68.5,0.74,1.8
2024-07-15,Atlanta,,68.0,0.0,8.4
2024-07-16,Atlanta,93.6,65.2,0.0,7.7
2024-07-17,Atlanta,95.0,61.0,0.0,3.1
2024-07-18,Atlanta,93.9,64.0,0.0,9.0
2024-07-19,Atlanta,89.4,73.8,0.0,5.9
2024-07-20,Atlanta,83.3,60.5,0.0,13.1
2024-07-21,Atlanta,89.6,48.7,0.0,11.0
2024-07-22,Atlanta,86.9,69.7,0.0,8.7
2024-07-23,Atlanta,94.1,78.0,0.0,0.5
2024-07-24,Atlanta,88.0,57.6,0.0,6.3
2024-07-25,Atlanta,87.9,76.9,0.0,6.1
2024-07-26,Atlanta,99.6,70.2,0.0,11.6
2024-07-27,Atlanta,93.4,56.7,0.0,8.5
2024-07-28,Atlanta,94.6,60.4,0.0,9.0
2024-07-29,Atlanta,87.3,60.0,0.0,11.1
2024-07-30,Atlanta,84.6,67.4,0.0,12.9
2024-07-31,Atlanta,94.3,64.5,0.35,12.4
2024-08-01,Atlanta,96.1,74.8,0.0,9.6
2024-08-02,Atlanta,83.5,72.8,0.0,7.2
2024-08-03,Atlanta,86.9,53.6,0.0,9.3
2024-08-04,Atlanta,85.0,54.6,0.0,7.9
2024-08-05,Atlanta,91.1,70.9,0.39,10.4
2024-08-06,Atlanta,93.7,61.9,0.0,6.3
2024-08-07,Atlanta,87.1,64.6,0.0,10.7
2024-08-08,Atlanta,86.9,70.4,0.0,8.1
2024-08-09,Atlanta,79.6,72.9,0.0,9.2
2024-08-10,Atlanta,84.0,56.1,0.0,4.4
2024-08-11,Atlanta,94.9,48.2,0.0,7.2
2024-08-12,Atlanta,90.2,65.1,0.0,9.3
2024-08-13,Atlanta,91.9,59.2,0.0,7.5
2024-08-14,Atlanta,86.0,66.5,0.0,1.0
2024-08-15,Atlanta,86.2,65.3,0.0,4.3
2024-08-16,Atlanta,87.3,58.2,0.0,9.0
2024-08-17,Atlanta,88.5,82.7,0.0,12.5
2024-08-18,Atlanta,93.0,66.1,0.0,7.3
2024-08-19,Atlanta,83.6,61.4,0.22,6.5
2024-08-20,Atlanta,85.8,66.8,0.0,11.2
2024-08-21,Atlanta,82.6,70.2,0.0,8.0
2024-08-22,Atlanta,77.1,60.9,0.0,10.2
2024-08-23,Atlanta,89.8,84.6,0.0,7.1
2024-08-24,Atlanta,93.3,53.8,0.0,6.8
2024-08-25,Atlanta,88.6,54.4,0.34,10.5
2024-08-26,Atlanta,86.0,53.2,0.0,10.0
2024-08-27,Atlanta,93.0,66.0,0.0,7.0
2024-08-28,Atlanta,86.5,69.8,0.0,4.6
2024-08-29,Atlanta,87.7,63.4,0.57,3.0
2024-08-30,Atlanta,84.5,69.8,0.0,3.4
2024-08-31,Atlanta,84.9,69.7,0.0,6.1
2024-09-01,Atlanta,82.7,63.1,0.0,8.9
2024-09-02,Atlanta,86.7,69.4,0.91,3.0
2024-09-03,Atlanta,77.8,64.4,0.77,3.2
2024-09-04,Atlanta,84.2,62.7,0.0,9.1
2024-09-05,Atlanta,78.2,62.0,0.0,12.7
2024-09-06,Atlanta,84.0,67.9,0.0,11.3
2024-09-07,Atlanta,92.2,75.7,0.0,2.5
2024-09-08,Atlanta,84.2,56.4,0.0,9.2
2024-09-09,Atlanta,86.0,62.2,0.0,10.9
2024-09-10,Atlanta,84.5,67.3,0.0,6.5
2024-09-11,Atlanta,69.6,80.1,0.0,7.3
2024-09-12,Atlanta,79.1,69.5,0.0,9.0
2024-09-13,Atlanta,81.4,59.5,0.0,9.5
2024-09-14,Atlanta,69.6,58.6,0.0,9.1
2024-09-15,Atlanta,77.4,73.9,0.0,10.2
2024-09-16,Atlanta,77.9,63.5,0.0,8.6
2024-09-17,Atlanta,72.4,56.2,0.0,6.1
2024-09-18,Atlanta,73.2,74.1,0.0,6.7
2024-09-19,Atlanta,83.2,68.5,0.0,5.7
2024-09-20,Atlanta,60.7,56.4,0.0,6.6
2024-09-21,Atlanta,77.7,55.3,0.0,9.7
2024-09-22,Atlanta,81.3,48.7,0.2,5.7
2024-09-23,Atlanta,75.5,61.0,0.0,11.2
2024-09-24,Atlanta,81.6,68.4,0.0,5.0
2024-09-25,Atlanta,73.0,73.7,0.0,8.6
2024-09-26,Atlanta,70.4,69.4,0.0,10.5
2024-09-27,Atlanta,74.0,55.6,0.0,9.3
2024-09-28,Atlanta,72.0,63.7,0.0,2.5
2024-09-29,Atlanta,70.7,77.4,0.0,8.4
2024-09-30,Atlanta,72.1,61.9,0.0,5.8
2024-10-01,Atlanta,68.9,72.2,0.0,4.0
2024-10-02,Atlanta,68.3,71.2,0.0,8.7
2024-10-03,Atlanta,66.6,72.1,0.0,4.3
2024-10-04,Atlanta,73.1,69.4,0.0,8.7
2024-10-05,Atlanta,66.3,72.1,0.0,12.4
2024-10-06,Atlanta,64.8,54.1,0.38,8.9
2024-10-07,Atlanta,65.1,78.1,0.0,7.3
2024-10-08,Atlanta,70.5,51.5,0.69,7.5
2024-10-09,Atlanta,72.1,68.5,0.98,10.7
2024-10-10,Atlanta,72.1,65.6,0.64,7.1
2024-10-11,Atlanta,69.2,61.0,0.0,6.6
2024-10-12,Atlanta,70.3,58.2,0.0,5.2
2024-10-13,Atlanta,67.2,70.4,0.0,5.3
2024-10-14,Atlanta,69.0,72.4,0.0,10.7
2024-10-15,Atlanta,68.5,65.2,0.0,6.5
2024-10-16,Atlanta,62.8,63.7,0.0,9.7
2024-10-17,Atlanta,60.9,76.3,0.0,9.9
2024-10-18,Atlanta,71.4,62.6,0.0,5.1
2024-10-19,Atlanta,65.4,65.7,0.0,5.6
2024-10-20,Atlanta,69.1,64.4,0.0,9.7
2024-10-21,Atlanta,59.0,85.8,0.0,8.4
2024-10-22,Atlanta,61.7,59.3,0.0,7.5
2024-10-23,Atlanta,56.9,72.7,0.0,9.4
2024-10-24,Atlanta,65.6,52.4,0.0,11.0
2024-10-25,Atlanta,59.5,58.3,0.0,7.9
2024-10-26,Atlanta,59.3,63.5,0.81,6.3
2024-10-27,Atlanta,70.2,65.0,0.0,8.4
2024-10-28,Atlanta,64.0,63.8,0.0,5.6
2024-10-29,Atlanta,63.5,65.2,0.0,8.4
2024-10-30,Atlanta,54.7,60.5,0.52,8.0
2024-10-31,Atlanta,51.4,76.3,0.23,5.6
2024-11-01,Atlanta,63.7,58.0,0.74,6.8
2024-11-02,Atlanta,48.8,72.0,0.0,7.0
2024-11-03,Atlanta,56.2,71.4,0.0,10.2
2024-11-04,Atlanta,54.4,58.4,0.0,5.4
2024-11-05,Atlanta,53.5,63.1,0.0,5.6
2024-11-06,Atlanta,55.2,66.0,0.0,6.9
2024-11-07,Atlanta,52.1,79.4,0.0,9.7
2024-11-08,Atlanta,50.9,63.0,0.0,10.2
2024-11-09,Atlanta,57.2,95.0,1.24,8.8
2024-11-10,Atlanta,60.4,72.1,0.0,10.1
2024-11-11,Atlanta,47.4,68.7,0.0,11.5
2024-11-12,Atlanta,55.7,73.1,0.0,8.5
2024-11-13,Atlanta,56.9,52.3,0.0,5.6
2024-11-14,Atlanta,56.1,75.4,0.0,7.8
2024-11-15,Atlanta,52.7,55.4,0.0,3.9
2024-11-16,Atlanta,50.6,73.0,0.0,9.2
2024-11-17,Atlanta,56.3,61.3,0.0,6.5
2024-11-18,Atlanta,54.0,59.6,0.0,8.3
2024-11-19,Atlanta,43.6,80.2,0.0,7.7
2024-11-20,Atlanta,50.8,65.2,0.0,6.9
2024-11-21,Atlanta,51.7,53.8,0.0,8.7
2024-11-22,Atlanta,46.1,73.8,0.5,7.6
2024-11-23,Atlanta,49.6,56.2,0.0,6.1
2024-11-24,Atlanta,52.6,76.9,0.0,4.7
2024-11-25,Atlanta,46.3,65.9,0.12,9.1
2024-11-26,Atlanta,50.7,55.8,0.24,4.4
2024-11-27,Atlanta,44.9,72.6,0.0,13.4
2024-11-28,Atlanta,43.4,70.2,0.0,11.9
2024-11-29,Atlanta,51.4,49.0,0.0,3.2
2024-11-30,Atlanta,53.6,65.5,0.0,9.9
2024-12-01,Atlanta,42.7,68.4,0.44,11.4
2024-12-02,Atlanta,52.0,67.9,0.0,6.2
2024-12-03,Atlanta,47.3,64.5,0.0,9.1
2024-12-04,Atlanta,37.1,72.0,0.0,7.6
2024-12-05,Atlanta,40.4,70.6,0.22,10.0
2024-12-06,Atlanta,49.3,66.2,0.0,6.7
2024-12-07,Atlanta,38.9,64.1,0.0,11.0
2024-12-08,Atlanta,43.2,67.2,0.0,7.6
2024-12-09,Atlanta,45.3,61.2,0.0,7.0
2024-12-10,Atlanta,47.4,57.8,0.0,9.9
2024-12-11,Atlanta,46.0,57.0,0.0,10.7
2024-12-12,Atlanta,51.9,65.2,0.0,1.0
2024-12-13,Atlanta,41.0,59.1,0.55,0.0
2024-12-14,Atlanta,44.8,64.7,0.0,9.0
2024-12-15,Atlanta,46.2,76.6,0.0,6.0
2024-12-16,Atlanta,47.1,64.3,0.11,4.0
2024-12-17,Atlanta,48.4,67.1,0.46,6.9
2024-12-18,Atlanta,41.5,64.2,0.0,16.7
2024-12-19,Atlanta,46.2,76.5,0.0,4.0
2024-12-20,Atlanta,38.9,79.3,0.0,10.7
2024-12-21,Atlanta,42.5,62.2,0.0,5.7
2024-12-22,Atlanta,44.9,71.8,0.54,3.6
2024-12-23,Atlanta,46.8,82.7,0.24,6.2
2024-12-24,Atlanta,44.8,56.7,0.0,3.7
2024-12-25,Atlanta,42.5,73.8,0.0,3.3
2024-12-26,Atlanta,41.6,52.1,0.0,5.8
2024-12-27,Atlanta,44.2,66.2,0.0,4.7
2024-12-28,Atlanta,51.5,64.9,0.0,7.6
2024-12-29,Atlanta,45.3,52.3,0.0,8.5
2024-12-30,Atlanta,43.0,74.7,0.0,5.6
2024-12-31,Atlanta,35.0,67.2,0.28,9.9
